image_id,p_180
test_00000,0.2258620262145996
test_00001,0.8951987028121948
test_00002,0.2712261974811554
test_00003,0.0030795889906585217
test_00004,0.4962935149669647
test_00005,0.5145137906074524
test_00006,0.14177069067955017
test_00007,0.4756532907485962
test_00008,0.9018821716308594
test_00009,0.31176596879959106
test_00010,0.22395925223827362
test_00011,0.013404566794633865
test_00012,0.26197510957717896
test_00013,0.6623032093048096
test_00014,0.47429579496383667
test_00015,0.15059280395507812
test_00016,0.18707917630672455
test_00017,0.1048641949892044
test_00018,0.25176551938056946
test_00019,0.003919413313269615
test_00020,2.5123603336396627e-05
test_00021,0.28706803917884827
test_00022,0.2923976480960846
test_00023,0.05400441586971283
test_00024,0.1847696751356125
test_00025,0.49597737193107605
test_00026,0.25749966502189636
test_00027,0.09836900234222412
test_00028,0.28270113468170166
test_00029,0.02515360154211521
test_00030,0.041626956313848495
test_00031,0.3283805549144745
test_00032,0.2778662443161011
test_00033,0.29326507449150085
test_00034,0.413503497838974
test_00035,0.2870025038719177
test_00036,0.25095871090888977
test_00037,0.009284701198339462
test_00038,0.003888048231601715
test_00039,4.5840811253583524e-06
test_00040,0.3498244881629944
test_00041,0.3515525758266449
test_00042,0.10721855610609055
test_00043,0.00018354447092860937
test_00044,0.42697635293006897
test_00045,0.007110698148608208
test_00046,0.003797742770984769
test_00047,0.29909852147102356
test_00048,0.37249815464019775
test_00049,0.29792580008506775
test_00050,0.553593099117279
test_00051,0.2657012641429901
test_00052,2.960438450827496e-06
test_00053,0.015502621419727802
test_00054,0.22665010392665863
test_00055,0.5135149955749512
test_00056,0.021874364465475082
test_00057,0.22110684216022491
test_00058,0.5912690162658691
test_00059,0.3135750889778137
test_00060,0.12968836724758148
test_00061,0.0014758333563804626
test_00062,0.108147993683815
test_00063,0.0126259233802557
test_00064,0.17298319935798645
test_00065,0.2564327120780945
test_00066,0.3292004466056824
test_00067,8.873680599208456e-06
test_00068,0.03565715625882149
test_00069,0.5534235239028931
test_00070,0.40469956398010254
test_00071,0.6392186284065247
test_00072,0.1915598064661026
test_00073,0.375494122505188
test_00074,0.23867051303386688
test_00075,0.5692660808563232
test_00076,0.01511874608695507
test_00077,0.12064987421035767
test_00078,0.3281709849834442
test_00079,0.14421135187149048
test_00080,0.44392266869544983
test_00081,0.22572797536849976
test_00082,0.24030394852161407
test_00083,0.03687185421586037
test_00084,0.010804940015077591
test_00085,0.2515298128128052
test_00086,0.21398650109767914
test_00087,0.5577253699302673
test_00088,0.000427987048169598
test_00089,0.19040942192077637
test_00090,0.39285391569137573
test_00091,0.0018339186208322644
test_00092,0.5465080142021179
test_00093,0.5384059548377991
test_00094,0.041152626276016235
test_00095,0.11041060090065002
test_00096,0.012768452987074852
test_00097,2.6484565296414075e-07
test_00098,0.2860727608203888
test_00099,0.0006356893572956324
test_00100,0.3685963451862335
test_00101,0.12314531952142715
test_00102,0.05588795617222786
test_00103,0.8364806175231934
test_00104,0.007626311853528023
test_00105,1.80376573553076e-05
test_00106,0.34473660588264465
test_00107,0.9559409022331238
test_00108,0.057937394827604294
test_00109,0.04135006666183472
test_00110,0.266416996717453
test_00111,0.004014187958091497
test_00112,0.16827982664108276
test_00113,0.029119018465280533
test_00114,0.4878605604171753
test_00115,0.4018872082233429
test_00116,0.021271537989377975
test_00117,0.2874377369880676
test_00118,0.3515274226665497
test_00119,0.04328575357794762
test_00120,0.024309473112225533
test_00121,0.4556546211242676
test_00122,0.39923548698425293
test_00123,0.3185623288154602
test_00124,0.2715045213699341
test_00125,0.39174532890319824
test_00126,0.13944682478904724
test_00127,0.004434274975210428
test_00128,0.0030182120390236378
test_00129,0.06252884864807129
test_00130,0.2128603458404541
test_00131,0.03708600625395775
test_00132,0.02811581641435623
test_00133,0.10847271233797073
test_00134,7.35733046894893e-05
test_00135,0.3405730724334717
test_00136,0.08469852060079575
test_00137,0.01316398847848177
test_00138,0.0211857408285141
test_00139,0.00033267561229877174
test_00140,0.06603677570819855
test_00141,0.01542878057807684
test_00142,0.21769265830516815
test_00143,0.800956666469574
test_00144,0.0026957031805068254
test_00145,0.2192775160074234
test_00146,0.3967430591583252
test_00147,0.17359621822834015
test_00148,0.04067199304699898
test_00149,0.2822612524032593
test_00150,0.2681503891944885
test_00151,0.6468976736068726
test_00152,0.5015157461166382
test_00153,0.3556410074234009
test_00154,0.0032284341286867857
test_00155,0.758607804775238
test_00156,0.15103812515735626
test_00157,0.16477088630199432
test_00158,0.9390062093734741
test_00159,0.32669544219970703
test_00160,0.5133270025253296
test_00161,0.08350835740566254
test_00162,0.027677739039063454
test_00163,0.17096862196922302
test_00164,0.12659692764282227
test_00165,0.16861537098884583
test_00166,0.3641416132450104
test_00167,0.16282890737056732
test_00168,0.5476246476173401
test_00169,0.0004055046010762453
test_00170,0.2711639404296875
test_00171,0.15707077085971832
test_00172,0.28860676288604736
test_00173,0.018414335325360298
test_00174,0.003989160526543856
test_00175,0.41556885838508606
test_00176,0.363901823759079
test_00177,0.38135379552841187
test_00178,0.008186287246644497
test_00179,0.3339052200317383
test_00180,0.018269021064043045
test_00181,0.2513273060321808
test_00182,0.3310648798942566
test_00183,0.03357362002134323
test_00184,0.18572074174880981
test_00185,0.4965517520904541
test_00186,0.003981680143624544
test_00187,0.00979679636657238
test_00188,0.026382021605968475
test_00189,0.36263859272003174
test_00190,0.1314188539981842
test_00191,0.3314610719680786
test_00192,0.06455057859420776
test_00193,0.038433805108070374
test_00194,0.1790132224559784
test_00195,0.09290532767772675
test_00196,0.13100367784500122
test_00197,0.1239316463470459
test_00198,0.29721808433532715
test_00199,0.3534975051879883
test_00200,0.8027728796005249
test_00201,0.35846608877182007
test_00202,0.8766621947288513
test_00203,0.0644478052854538
test_00204,0.224492609500885
test_00205,0.13103260099887848
test_00206,0.0004916091565974057
test_00207,0.20188796520233154
test_00208,0.004091165494173765
test_00209,0.0009154209983535111
test_00210,0.18225643038749695
test_00211,0.34498313069343567
test_00212,0.7345307469367981
test_00213,0.7811305522918701
test_00214,0.16941864788532257
test_00215,0.003624028293415904
test_00216,0.2767135500907898
test_00217,0.03703603893518448
test_00218,0.06124681606888771
test_00219,0.6671427488327026
test_00220,0.49297577142715454
test_00221,0.5241773724555969
test_00222,0.00027111609233543277
test_00223,0.2877945005893707
test_00224,0.35471096634864807
test_00225,0.20307591557502747
test_00226,0.0013866269728168845
test_00227,0.2070372998714447
test_00228,0.22263960540294647
test_00229,4.982559403288178e-05
test_00230,0.0025823700707405806
test_00231,0.6866698861122131
test_00232,0.13967981934547424
test_00233,0.30392390489578247
test_00234,0.06045607104897499
test_00235,0.385239839553833
test_00236,0.00040877333958633244
test_00237,0.12396948039531708
test_00238,0.033727556467056274
test_00239,0.030561091378331184
test_00240,0.13064146041870117
test_00241,3.241998228986631e-06
test_00242,0.025622069835662842
test_00243,0.10309870541095734
test_00244,0.003175190184265375
test_00245,0.0243588387966156
test_00246,0.03699862211942673
test_00247,0.5017579197883606
test_00248,0.4862590730190277
test_00249,0.22004473209381104
test_00250,0.17480462789535522
test_00251,0.05535050481557846
test_00252,0.012162377126514912
test_00253,0.19565214216709137
test_00254,0.0025550397112965584
test_00255,0.0010425284272059798
test_00256,0.17782802879810333
test_00257,0.020585330203175545
test_00258,0.16647659242153168
test_00259,0.42511141300201416
test_00260,0.18160304427146912
test_00261,0.25934556126594543
test_00262,0.17570661008358002
test_00263,0.3939319849014282
test_00264,0.1282687485218048
test_00265,0.19520044326782227
test_00266,0.08629529178142548
test_00267,0.33688539266586304
test_00268,0.006005158647894859
test_00269,0.05830960348248482
test_00270,0.2214178889989853
test_00271,0.30467352271080017
test_00272,0.10805872827768326
test_00273,0.08073285222053528
test_00274,0.5250871777534485
test_00275,0.0065376232378184795
test_00276,0.4440406560897827
test_00277,0.4976729452610016
test_00278,0.02177470549941063
test_00279,0.3115818202495575
test_00280,0.2638096809387207
test_00281,0.23348894715309143
test_00282,0.005542873404920101
test_00283,0.4596616327762604
test_00284,0.016794739291071892
test_00285,0.204885333776474
test_00286,0.14870671927928925
test_00287,0.15712429583072662
test_00288,0.27281442284584045
test_00289,0.3486922085285187
test_00290,0.45207861065864563
test_00291,0.4587861895561218
test_00292,0.27493375539779663
test_00293,0.017273306846618652
test_00294,0.4546477794647217
test_00295,0.602143406867981
test_00296,0.1645912081003189
test_00297,0.1067410260438919
test_00298,0.029478425160050392
test_00299,0.31847086548805237
test_00300,0.34123125672340393
test_00301,0.0342925563454628
test_00302,0.09985190629959106
test_00303,0.30783289670944214
test_00304,0.0014147566398605704
test_00305,0.26624467968940735
test_00306,0.597450852394104
test_00307,0.008429569192230701
test_00308,0.22960923612117767
test_00309,0.37884438037872314
test_00310,0.5647902488708496
test_00311,0.39504772424697876
test_00312,0.02287251502275467
test_00313,0.9890353083610535
test_00314,0.00013521924847736955
test_00315,0.462453156709671
test_00316,0.33138686418533325
test_00317,3.868164640152827e-05
test_00318,0.4834887385368347
test_00319,0.01355848740786314
test_00320,0.03678148612380028
test_00321,0.4134819805622101
test_00322,0.06070496886968613
test_00323,0.36755144596099854
test_00324,0.24719497561454773
test_00325,0.6979203224182129
test_00326,0.2942242920398712
test_00327,0.002009557792916894
test_00328,0.19908185303211212
test_00329,0.44146591424942017
test_00330,0.5642284750938416
test_00331,0.09410709142684937
test_00332,0.008565939962863922
test_00333,0.5837317705154419
test_00334,0.5478572249412537
test_00335,0.30679669976234436
test_00336,0.019756687805056572
test_00337,0.0022862886544317007
test_00338,0.024173352867364883
test_00339,0.19700312614440918
test_00340,0.47161969542503357
test_00341,0.0017650737427175045
test_00342,0.518589437007904
test_00343,0.5470432043075562
test_00344,0.14630486071109772
test_00345,0.2797842025756836
test_00346,0.010748865082859993
test_00347,0.001312209409661591
test_00348,0.012945685535669327
test_00349,0.05007576569914818
test_00350,0.39758193492889404
test_00351,0.5653095245361328
test_00352,0.30641674995422363
test_00353,0.22415924072265625
test_00354,0.20353327691555023
test_00355,0.000967841362580657
test_00356,0.09505926817655563
test_00357,0.0015870240749791265
test_00358,0.6244410872459412
test_00359,0.5799910426139832
test_00360,0.35029634833335876
test_00361,0.050391942262649536
test_00362,0.460671603679657
test_00363,0.5644713640213013
test_00364,0.3573416471481323
test_00365,0.44320011138916016
test_00366,0.20516884326934814
test_00367,0.021340999752283096
test_00368,0.003796471282839775
test_00369,0.7417224645614624
test_00370,0.3166555166244507
test_00371,0.010238904505968094
test_00372,0.8712046146392822
test_00373,0.38007453083992004
test_00374,0.28832846879959106
test_00375,0.3549891412258148
test_00376,0.028156165033578873
test_00377,0.0032815805170685053
test_00378,0.031983766704797745
test_00379,1.3617589047498768e-06
test_00380,0.16179847717285156
test_00381,0.15935452282428741
test_00382,0.03840997815132141
test_00383,0.1775214672088623
test_00384,0.04999930039048195
test_00385,0.15930558741092682
test_00386,0.4097502827644348
test_00387,0.4305945932865143
test_00388,0.6056633591651917
test_00389,0.8634607791900635
test_00390,0.026648078113794327
test_00391,0.0031691123731434345
test_00392,0.4383198022842407
test_00393,0.49068841338157654
test_00394,0.004929110873490572
test_00395,0.07405472546815872
test_00396,0.03701457008719444
test_00397,0.2967795133590698
test_00398,0.0171977486461401
test_00399,0.14643462002277374
test_00400,0.050418153405189514
test_00401,0.4164547622203827
test_00402,0.3497714102268219
test_00403,0.5701869130134583
test_00404,1.0615298151606112e-06
test_00405,0.1732238382101059
test_00406,0.5051057934761047
test_00407,0.31320029497146606
test_00408,0.7635955810546875
test_00409,0.028447329998016357
test_00410,3.400976493139751e-05
test_00411,0.009415804408490658
test_00412,0.0089571513235569
test_00413,0.23835237324237823
test_00414,0.29506921768188477
test_00415,0.13896070420742035
test_00416,0.010455198585987091
test_00417,0.02498902566730976
test_00418,0.07594147324562073
test_00419,0.006510287057608366
test_00420,0.0012225407408550382
test_00421,0.05659311264753342
test_00422,0.2751542329788208
test_00423,5.369610533989544e-08
test_00424,0.058646928519010544
test_00425,0.0005212592659518123
test_00426,0.043733686208724976
test_00427,0.16190384328365326
test_00428,0.18335291743278503
test_00429,0.3284258246421814
test_00430,0.9851135015487671
test_00431,0.14411593973636627
test_00432,0.10957809537649155
test_00433,0.26358669996261597
test_00434,0.21129518747329712
test_00435,0.09747587889432907
test_00436,0.20410071313381195
test_00437,0.26714110374450684
test_00438,0.23241354525089264
test_00439,0.12211881577968597
test_00440,0.1842319369316101
test_00441,0.01841457188129425
test_00442,0.01797580160200596
test_00443,0.4237796366214752
test_00444,0.09638188034296036
test_00445,0.08104630559682846
test_00446,0.006199132185429335
test_00447,0.001850426895543933
test_00448,0.38091495633125305
test_00449,0.10392112284898758
test_00450,0.0013636273797601461
test_00451,0.04090847447514534
test_00452,0.5460841059684753
test_00453,0.1873161792755127
test_00454,0.25390008091926575
test_00455,0.05107241868972778
test_00456,0.22108453512191772
test_00457,0.0788317546248436
test_00458,0.5572723746299744
test_00459,0.2669864296913147
test_00460,0.598142683506012
test_00461,0.680368959903717
test_00462,0.3521029055118561
test_00463,0.5262348055839539
test_00464,9.742873953655362e-05
test_00465,0.03315327316522598
test_00466,0.06358154118061066
test_00467,0.12578830122947693
test_00468,0.03326714038848877
test_00469,0.099383644759655
test_00470,0.34081780910491943
test_00471,0.0006355654913932085
test_00472,0.00501647312194109
test_00473,0.10193070024251938
test_00474,0.1375436931848526
test_00475,7.276018732227385e-05
test_00476,0.2972198724746704
test_00477,0.004307385068386793
test_00478,0.2434965968132019
test_00479,0.0760011076927185
test_00480,0.5693845152854919
test_00481,8.60510190250352e-05
test_00482,0.1590787023305893
test_00483,0.4572930634021759
test_00484,0.008116950280964375
test_00485,0.007807369809597731
test_00486,0.25136712193489075
test_00487,0.011765671893954277
test_00488,0.18333037197589874
test_00489,0.7523232102394104
test_00490,0.1240261048078537
test_00491,0.42983877658843994
test_00492,0.4766364097595215
test_00493,0.07993988692760468
test_00494,0.4554051160812378
test_00495,0.18156105279922485
test_00496,0.4015755355358124
test_00497,0.12439440190792084
test_00498,0.32756292819976807
test_00499,0.1637929379940033
test_00500,0.061169106513261795
test_00501,0.6406388282775879
test_00502,0.33985480666160583
test_00503,0.058802951127290726
test_00504,0.19336219131946564
test_00505,0.3804352581501007
test_00506,0.15930138528347015
test_00507,0.13951902091503143
test_00508,0.549225389957428
test_00509,0.0897342711687088
test_00510,0.4169226884841919
test_00511,0.0009515342535451055
test_00512,0.3770838677883148
test_00513,0.39583709836006165
test_00514,7.217053644126281e-05
test_00515,0.03826747089624405
test_00516,0.2957530915737152
test_00517,0.26445913314819336
test_00518,0.3138964772224426
test_00519,0.48554161190986633
test_00520,0.10560279339551926
test_00521,0.3038446307182312
test_00522,0.05928170680999756
test_00523,0.07112515717744827
test_00524,0.30213281512260437
test_00525,0.4190010130405426
test_00526,0.3819514214992523
test_00527,0.3564619719982147
test_00528,0.264882355928421
test_00529,0.13317933678627014
test_00530,7.987650315044448e-05
test_00531,0.298628032207489
test_00532,0.1594945639371872
test_00533,0.0004264402959961444
test_00534,0.3090439736843109
test_00535,0.1838097870349884
test_00536,8.73577591846697e-05
test_00537,0.0017602804582566023
test_00538,0.1288742572069168
test_00539,0.17244556546211243
test_00540,0.31313222646713257
test_00541,0.380883127450943
test_00542,0.23295241594314575
test_00543,0.31623026728630066
test_00544,0.03186971694231033
test_00545,0.030141521245241165
test_00546,0.44530928134918213
test_00547,0.5440540313720703
test_00548,0.07571075856685638
test_00549,0.0177072212100029
test_00550,0.3860493302345276
test_00551,0.1501457840204239
test_00552,0.038263093680143356
test_00553,0.1431487798690796
test_00554,0.030158372595906258
test_00555,0.19845879077911377
test_00556,0.5292423367500305
test_00557,0.5190752744674683
test_00558,0.002057159086689353
test_00559,0.015002819709479809
test_00560,0.38753169775009155
test_00561,0.005928413476794958
test_00562,0.25799843668937683
test_00563,6.228864367585629e-05
test_00564,0.05884673818945885
test_00565,0.4732745587825775
test_00566,0.00013749144272878766
test_00567,0.2951889932155609
test_00568,0.051900532096624374
test_00569,0.3292792737483978
test_00570,0.22065746784210205
test_00571,0.4080919325351715
test_00572,0.008140875026583672
test_00573,0.012644870206713676
test_00574,0.06129283457994461
test_00575,0.48388805985450745
test_00576,0.05202629789710045
test_00577,0.03470368683338165
test_00578,0.2400086671113968
test_00579,0.05920872092247009
test_00580,0.614416778087616
test_00581,0.03933021426200867
test_00582,0.34860292077064514
test_00583,0.398781955242157
test_00584,0.03380478918552399
test_00585,0.0018204612424597144
test_00586,0.0037657017819583416
test_00587,0.09797105938196182
test_00588,0.11873985826969147
test_00589,0.1770390123128891
test_00590,1.7511707483208738e-05
test_00591,0.09973068535327911
test_00592,0.0013327243505045772
test_00593,0.3536006808280945
test_00594,0.5240114331245422
test_00595,0.2555564045906067
test_00596,0.0008160904399119318
test_00597,0.15470071136951447
test_00598,0.19107533991336823
test_00599,1.277272622246528e-05
test_00600,0.31119272112846375
test_00601,0.21429581940174103
test_00602,0.3550650477409363
test_00603,0.216337189078331
test_00604,0.26210784912109375
test_00605,0.4380878508090973
test_00606,0.0005892523331567645
test_00607,0.15412239730358124
test_00608,0.12794914841651917
test_00609,0.011060861870646477
test_00610,0.7549155354499817
test_00611,0.11459775269031525
test_00612,0.2405880093574524
test_00613,0.006480386946350336
test_00614,0.01754913106560707
test_00615,0.7013432383537292
test_00616,0.1436493992805481
test_00617,0.38192233443260193
test_00618,0.11267785727977753
test_00619,0.7655662298202515
test_00620,0.0823361799120903
test_00621,0.23866117000579834
test_00622,0.6983113884925842
test_00623,0.2794061303138733
test_00624,0.18490928411483765
test_00625,0.16451188921928406
test_00626,0.2820674777030945
test_00627,0.18686825037002563
test_00628,0.11457211524248123
test_00629,0.06670959293842316
test_00630,0.0009595302399247885
test_00631,0.01892252080142498
test_00632,0.03222576901316643
test_00633,0.9072429537773132
test_00634,0.003920852672308683
test_00635,0.0005766144604422152
test_00636,0.2114851474761963
test_00637,0.6600102782249451
test_00638,0.024847643449902534
test_00639,0.1809600293636322
test_00640,0.0008767629042267799
test_00641,0.4913771450519562
test_00642,0.5116243362426758
test_00643,0.05382927507162094
test_00644,0.23809076845645905
test_00645,0.9428014755249023
test_00646,0.25866273045539856
test_00647,0.010172086767852306
test_00648,0.20604006946086884
test_00649,0.3280661404132843
test_00650,0.00036266041570343077
test_00651,0.3614809513092041
test_00652,0.2659666836261749
test_00653,0.01270087156444788
test_00654,0.049762241542339325
test_00655,0.3502793610095978
test_00656,0.7586515545845032
test_00657,0.19760894775390625
test_00658,0.12623023986816406
test_00659,0.19834963977336884
test_00660,0.008319688029587269
test_00661,0.00023555454390589148
test_00662,0.008510188199579716
test_00663,0.3300997316837311
test_00664,0.0003847203915938735
test_00665,0.132665753364563
test_00666,0.3944491744041443
test_00667,0.1307860165834427
test_00668,0.1920856237411499
test_00669,0.027184491977095604
test_00670,0.024286264553666115
test_00671,0.444421648979187
test_00672,0.09968198835849762
test_00673,0.07810064405202866
test_00674,0.5281208753585815
test_00675,0.6835758090019226
test_00676,0.07282938808202744
test_00677,0.15061773359775543
test_00678,0.1787775456905365
test_00679,0.22065259516239166
test_00680,0.297262042760849
test_00681,0.024053478613495827
test_00682,0.030451657250523567
test_00683,0.3705557584762573
test_00684,0.0068859620951116085
test_00685,0.135789692401886
test_00686,0.10369089245796204
test_00687,0.18103362619876862
test_00688,0.04140321537852287
test_00689,0.12676075100898743
test_00690,0.016069870442152023
test_00691,0.3546522259712219
test_00692,0.48420703411102295
test_00693,0.17217466235160828
test_00694,0.002615172415971756
test_00695,0.06922916322946548
test_00696,0.14632496237754822
test_00697,0.026448138058185577
test_00698,0.07674305886030197
test_00699,0.0251427311450243
test_00700,0.14235560595989227
test_00701,0.12023738026618958
test_00702,0.29783251881599426
test_00703,0.0001956064224941656
test_00704,0.10246104001998901
test_00705,0.0008251364342868328
test_00706,7.403457129839808e-05
test_00707,0.028785621747374535
test_00708,0.0009999421890825033
test_00709,0.5690484642982483
test_00710,0.12245523929595947
test_00711,0.08935195952653885
test_00712,0.16198059916496277
test_00713,0.026101216673851013
test_00714,0.26606184244155884
test_00715,0.0015399716794490814
test_00716,0.0023665730841457844
test_00717,0.6444106698036194
test_00718,0.04423471912741661
test_00719,0.00028494876460172236
test_00720,0.20364779233932495
test_00721,0.007844238542020321
test_00722,0.020719343796372414
test_00723,0.06546957045793533
test_00724,0.259469211101532
test_00725,0.5242628455162048
test_00726,0.2643210291862488
test_00727,0.08751988410949707
test_00728,0.2728193402290344
test_00729,0.3808738589286804
test_00730,0.7089442610740662
test_00731,0.09386502951383591
test_00732,0.013575251214206219
test_00733,0.0019805270712822676
test_00734,0.08509468287229538
test_00735,0.052114441990852356
test_00736,0.461296409368515
test_00737,0.03812772035598755
test_00738,0.27883750200271606
test_00739,0.42201149463653564
test_00740,0.3561708927154541
test_00741,0.3464776575565338
test_00742,0.34182456135749817
test_00743,0.35731133818626404
test_00744,0.48815837502479553
test_00745,0.3558777868747711
test_00746,0.00017445364210288972
test_00747,0.017318271100521088
test_00748,0.3211067318916321
test_00749,0.005175215657800436
test_00750,0.038714177906513214
test_00751,0.005571319721639156
test_00752,3.073861080338247e-05
test_00753,0.2381005436182022
test_00754,0.30329078435897827
test_00755,0.10745718330144882
test_00756,0.07820741832256317
test_00757,0.0027886556927114725
test_00758,0.016589123755693436
test_00759,0.11233820021152496
test_00760,0.3487689793109894
test_00761,0.2112847864627838
test_00762,3.011007356690243e-05
test_00763,0.31981900334358215
test_00764,0.3564702570438385
test_00765,0.4373520016670227
test_00766,0.0014268829254433513
test_00767,0.31984636187553406
test_00768,0.002249185461550951
test_00769,0.20223362743854523
test_00770,0.5006254315376282
test_00771,0.44041210412979126
test_00772,0.0031845553312450647
test_00773,0.28143784403800964
test_00774,0.2686363160610199
test_00775,0.40903040766716003
test_00776,0.2587926685810089
test_00777,0.4320920705795288
test_00778,0.01672602817416191
test_00779,0.16030296683311462
test_00780,0.458993136882782
test_00781,0.017772288993000984
test_00782,0.3109423816204071
test_00783,0.03745340555906296
test_00784,0.32252442836761475
test_00785,0.2642979323863983
test_00786,0.038097601383924484
test_00787,0.2111838161945343
test_00788,0.4530969560146332
test_00789,0.14432251453399658
test_00790,0.0012576968874782324
test_00791,0.1311321258544922
test_00792,0.02697083167731762
test_00793,0.015726344659924507
test_00794,0.029782859608530998
test_00795,0.0674133449792862
test_00796,0.00034593947930261493
test_00797,0.17218729853630066
test_00798,0.5955813527107239
test_00799,0.41709110140800476
test_00800,0.021278591826558113
test_00801,0.01873300038278103
test_00802,0.08743329346179962
test_00803,0.2401164323091507
test_00804,0.06387804448604584
test_00805,0.05978935956954956
test_00806,0.23247592151165009
test_00807,0.7472488284111023
test_00808,5.195707126404159e-05
test_00809,0.15304073691368103
test_00810,0.685361921787262
test_00811,0.33583635091781616
test_00812,0.32224777340888977
test_00813,0.048226065933704376
test_00814,0.4013335406780243
test_00815,0.2048526406288147
test_00816,0.20941822230815887
test_00817,0.014537408947944641
test_00818,0.0003520792524795979
test_00819,0.2979678809642792
test_00820,0.06902589648962021
test_00821,0.0008827539859339595
test_00822,0.39170417189598083
test_00823,0.21878144145011902
test_00824,9.7897085652221e-05
test_00825,0.0204573106020689
test_00826,0.3286273181438446
test_00827,0.3804783523082733
test_00828,0.028712330386042595
test_00829,0.23618294298648834
test_00830,0.7778248190879822
test_00831,0.47069939970970154
test_00832,0.06477026641368866
test_00833,4.049841300002299e-05
test_00834,5.6098982895491645e-05
test_00835,0.17421655356884003
test_00836,0.5527052283287048
test_00837,0.09705043584108353
test_00838,0.010958646424114704
test_00839,3.604203129725647e-06
test_00840,0.06580287218093872
test_00841,0.04506121575832367
test_00842,0.3912807106971741
test_00843,0.3152822256088257
test_00844,0.003926882054656744
test_00845,1.7877366190077737e-05
test_00846,0.5620937347412109
test_00847,0.38521745800971985
test_00848,0.0005052732885815203
test_00849,0.5617192387580872
test_00850,0.1664913445711136
test_00851,0.41893965005874634
test_00852,0.25689488649368286
test_00853,0.02013544738292694
test_00854,0.7210536003112793
test_00855,0.20514658093452454
test_00856,0.38744857907295227
test_00857,0.06098184362053871
test_00858,0.003744396148249507
test_00859,0.21186763048171997
test_00860,0.04039302468299866
test_00861,0.27660036087036133
test_00862,0.10252602398395538
test_00863,0.19840066134929657
test_00864,0.010178066790103912
test_00865,0.5184031128883362
test_00866,0.011088226921856403
test_00867,0.03580856695771217
test_00868,0.2300390899181366
test_00869,0.004143065307289362
test_00870,0.2093726247549057
test_00871,0.0002554546808823943
test_00872,0.12459537386894226
test_00873,0.7655629515647888
test_00874,0.028387995436787605
test_00875,0.20376713573932648
test_00876,0.022307120263576508
test_00877,0.001444334047846496
test_00878,0.08849693089723587
test_00879,0.6533867716789246
test_00880,0.35846570134162903
test_00881,0.7715007066726685
test_00882,0.34070488810539246
test_00883,0.46871504187583923
test_00884,0.6630071401596069
test_00885,0.10274602472782135
test_00886,0.5129297375679016
test_00887,0.38364189863204956
test_00888,1.5822859495528974e-05
test_00889,0.13450853526592255
test_00890,0.4423920512199402
test_00891,0.011760112829506397
test_00892,0.0641094520688057
test_00893,0.31126806139945984
test_00894,0.5309708118438721
test_00895,0.2905753552913666
test_00896,0.3299020826816559
test_00897,0.15777242183685303
test_00898,0.5518608093261719
test_00899,0.00982919242233038
test_00900,0.018517687916755676
test_00901,0.24467894434928894
test_00902,0.3625068962574005
test_00903,0.3415578007698059
test_00904,0.6088738441467285
test_00905,0.27149707078933716
test_00906,0.075801320374012
test_00907,0.46060270071029663
test_00908,0.012705942615866661
test_00909,0.007585244718939066
test_00910,4.930754585075192e-06
test_00911,0.04349745810031891
test_00912,0.30592089891433716
test_00913,0.0029017722699791193
test_00914,0.015178730711340904
test_00915,0.4540139138698578
test_00916,0.0654459148645401
test_00917,0.13556954264640808
test_00918,0.004863910377025604
test_00919,0.2836988866329193
test_00920,0.00043517418089322746
test_00921,0.0033146634232252836
test_00922,0.3754071593284607
test_00923,7.142963113437872e-06
test_00924,0.1632317751646042
test_00925,0.06159057095646858
test_00926,0.48412659764289856
test_00927,0.07117877900600433
test_00928,0.01764337345957756
test_00929,0.38549551367759705
test_00930,0.0016706667374819517
test_00931,0.4401797652244568
test_00932,0.07143844664096832
test_00933,0.3880688548088074
test_00934,0.342926949262619
test_00935,0.04241077974438667
test_00936,0.2064375877380371
test_00937,0.2898916006088257
test_00938,0.012429982423782349
test_00939,0.16363020241260529
test_00940,0.4095226526260376
test_00941,0.012534741312265396
test_00942,0.06065695732831955
test_00943,0.01017818134278059
test_00944,0.09687201678752899
test_00945,0.2280585616827011
test_00946,0.23328906297683716
test_00947,0.17810885608196259
test_00948,0.1075633317232132
test_00949,3.1029954698169604e-05
test_00950,0.0019792693201452494
test_00951,0.0779624655842781
test_00952,0.1739501953125
test_00953,0.2639365494251251
test_00954,0.046887896955013275
test_00955,0.3664190173149109
test_00956,0.0400385819375515
test_00957,0.376703679561615
test_00958,0.24886859953403473
test_00959,0.1780523806810379
test_00960,0.22403383255004883
test_00961,0.1452101171016693
test_00962,0.005764740984886885
test_00963,0.5274239182472229
test_00964,0.2428126037120819
test_00965,0.6970338225364685
test_00966,0.07241801172494888
test_00967,0.1965930163860321
test_00968,0.1667805016040802
test_00969,0.362435519695282
test_00970,0.5574135780334473
test_00971,0.4449765980243683
test_00972,0.4782279431819916
test_00973,0.11680205911397934
test_00974,0.05723996087908745
test_00975,0.3697696030139923
test_00976,0.07008559256792068
test_00977,0.2888460159301758
test_00978,0.06598027050495148
test_00979,0.2394159436225891
test_00980,0.01018922682851553
test_00981,0.2594262659549713
test_00982,0.4561813175678253
test_00983,0.3868905007839203
test_00984,0.08746927231550217
test_00985,0.4543090760707855
test_00986,0.04044080898165703
test_00987,0.2667902708053589
test_00988,0.014410379342734814
test_00989,0.6773864030838013
test_00990,0.18081526458263397
test_00991,0.23809011280536652
test_00992,0.01456944178789854
test_00993,0.010273910127580166
test_00994,0.0787535160779953
test_00995,0.015175409615039825
test_00996,0.29357460141181946
test_00997,0.014445563778281212
test_00998,0.0010075129102915525
test_00999,0.09405777603387833
test_01000,0.0001612223422853276
test_01001,0.1518527865409851
test_01002,0.5741309523582458
test_01003,0.40374118089675903
test_01004,0.0032079587690532207
test_01005,9.589964611222968e-05
test_01006,0.002046034438535571
test_01007,0.40033480525016785
test_01008,0.1787484735250473
test_01009,0.06949540227651596
test_01010,0.01870950311422348
test_01011,0.14822517335414886
test_01012,0.40219080448150635
test_01013,0.1678828001022339
test_01014,0.10192624479532242
test_01015,0.12151578813791275
test_01016,0.14423154294490814
test_01017,0.2756587266921997
test_01018,0.01242781151086092
test_01019,0.2848072946071625
test_01020,0.4685961604118347
test_01021,0.3886164128780365
test_01022,0.47977983951568604
test_01023,0.3156096935272217
test_01024,0.050138652324676514
test_01025,0.494205117225647
test_01026,0.19374947249889374
test_01027,0.003175332210958004
test_01028,0.28558316826820374
test_01029,0.41461625695228577
test_01030,0.5343362092971802
test_01031,0.07014761865139008
test_01032,0.017894813790917397
test_01033,0.003673453349620104
test_01034,0.5024778842926025
test_01035,0.02016342803835869
test_01036,0.8785048127174377
test_01037,0.08027896285057068
test_01038,0.47055792808532715
test_01039,0.21347883343696594
test_01040,0.8392090797424316
test_01041,0.04152296110987663
test_01042,0.21486076712608337
test_01043,0.23586930334568024
test_01044,0.24368751049041748
test_01045,0.2822282016277313
test_01046,0.00010318375279894099
test_01047,0.25989022850990295
test_01048,0.19771431386470795
test_01049,0.01420231070369482
test_01050,0.20266196131706238
test_01051,0.41695427894592285
test_01052,0.17596769332885742
test_01053,0.0839102491736412
test_01054,0.11578138917684555
test_01055,0.002320492872968316
test_01056,0.3446839153766632
test_01057,0.019994983449578285
test_01058,0.8557554483413696
test_01059,0.3619499206542969
test_01060,0.1441761702299118
test_01061,0.559594988822937
test_01062,0.005572585389018059
test_01063,0.0009819219121709466
test_01064,0.3728531301021576
test_01065,0.32731086015701294
test_01066,0.18468713760375977
test_01067,0.008918479084968567
test_01068,0.003380541456863284
test_01069,0.029386483132839203
test_01070,0.7684887051582336
test_01071,0.6011255383491516
test_01072,0.2429339438676834
test_01073,0.8568490743637085
test_01074,0.08255986124277115
test_01075,0.0016245115548372269
test_01076,0.06804785877466202
test_01077,0.14884668588638306
test_01078,0.022143634036183357
test_01079,0.21729746460914612
test_01080,0.01207856833934784
test_01081,0.2175264060497284
test_01082,0.6204145550727844
test_01083,0.32529523968696594
test_01084,0.06086718291044235
test_01085,0.13706278800964355
test_01086,0.4813639223575592
test_01087,0.18848781287670135
test_01088,0.0024756062775850296
test_01089,0.4765773117542267
test_01090,0.4981572926044464
test_01091,0.4016135036945343
test_01092,0.33935806155204773
test_01093,0.0659993514418602
test_01094,0.00024013154325075448
test_01095,0.20500005781650543
test_01096,0.17592430114746094
test_01097,0.21561622619628906
test_01098,0.41569215059280396
test_01099,0.1979263573884964
test_01100,0.1749832034111023
test_01101,0.0016983486711978912
test_01102,0.797126054763794
test_01103,0.2744232714176178
test_01104,0.7692171335220337
test_01105,0.35079365968704224
test_01106,0.29921138286590576
test_01107,0.2820740044116974
test_01108,0.2213372141122818
test_01109,0.04870328679680824
test_01110,0.014241224154829979
test_01111,7.533411462645745e-06
test_01112,0.2009294033050537
test_01113,0.3277026116847992
test_01114,0.1633763611316681
test_01115,0.00591979781165719
test_01116,0.06451117992401123
test_01117,0.1186460480093956
test_01118,0.21309958398342133
test_01119,0.0644979327917099
test_01120,0.20104308426380157
test_01121,0.08024048805236816
test_01122,0.2746294438838959
test_01123,0.2182752639055252
test_01124,0.1688605397939682
test_01125,0.17772066593170166
test_01126,0.09396522492170334
test_01127,0.012605301104485989
test_01128,0.18924595415592194
test_01129,0.15664999186992645
test_01130,0.3873324692249298
test_01131,0.146013081073761
test_01132,0.2994200587272644
test_01133,0.000528555188793689
test_01134,0.2261587530374527
test_01135,0.3712150454521179
test_01136,0.3050632178783417
test_01137,0.9454209804534912
test_01138,0.0032305398490279913
test_01139,0.21861501038074493
test_01140,0.4617697298526764
test_01141,0.15112657845020294
test_01142,0.190883070230484
test_01143,0.017808469012379646
test_01144,0.32403942942619324
test_01145,0.16589953005313873
test_01146,0.6032518744468689
test_01147,0.44891586899757385
test_01148,0.5371398329734802
test_01149,0.21063846349716187
test_01150,0.3248150944709778
test_01151,0.06195996329188347
test_01152,0.16769923269748688
test_01153,0.2226189523935318
test_01154,0.7180988192558289
test_01155,0.1790717989206314
test_01156,0.001345658442005515
test_01157,0.029412509873509407
test_01158,8.851739403326064e-05
test_01159,0.061673350632190704
test_01160,6.971039510972332e-06
test_01161,0.09023715555667877
test_01162,0.0032667662017047405
test_01163,0.0016003791242837906
test_01164,0.005932427477091551
test_01165,0.030926650390028954
test_01166,0.2495044469833374
test_01167,0.3839667737483978
test_01168,0.3397119641304016
test_01169,0.515807569026947
test_01170,0.17756517231464386
test_01171,0.5205540657043457
test_01172,0.06579877436161041
test_01173,0.45335906744003296
test_01174,0.08195751905441284
test_01175,0.0011985913151875138
test_01176,1.565426282468252e-05
test_01177,0.20010364055633545
test_01178,0.21948440372943878
test_01179,0.407176673412323
test_01180,0.011935446411371231
test_01181,0.0627857893705368
test_01182,0.05662095919251442
test_01183,0.14347314834594727
test_01184,0.43292105197906494
test_01185,0.08825723081827164
test_01186,0.42747393250465393
test_01187,0.004483885131776333
test_01188,0.0004451751010492444
test_01189,3.1718029731564457e-06
test_01190,0.0016757859848439693
test_01191,0.2424064427614212
test_01192,0.31325405836105347
test_01193,0.003559960750862956
test_01194,0.2933688461780548
test_01195,0.3000794053077698
test_01196,0.5114781856536865
test_01197,0.14333046972751617
test_01198,0.183797225356102
test_01199,0.01376240886747837
test_01200,0.0960618183016777
test_01201,0.33866754174232483
test_01202,0.0036592346150428057
test_01203,0.368912011384964
test_01204,0.3417756259441376
test_01205,0.003696939442306757
test_01206,0.2778998017311096
test_01207,0.009879850782454014
test_01208,0.44421106576919556
test_01209,0.24435171484947205
test_01210,0.007864229381084442
test_01211,0.06938020884990692
test_01212,0.10022221505641937
test_01213,0.12695692479610443
test_01214,0.10261093080043793
test_01215,0.18444490432739258
test_01216,0.006890708114951849
test_01217,0.03757106512784958
test_01218,0.015200071968138218
test_01219,0.01185784675180912
test_01220,0.2830261290073395
test_01221,0.5032710433006287
test_01222,0.03281591460108757
test_01223,0.04391271620988846
test_01224,0.30884304642677307
test_01225,0.2775039076805115
test_01226,3.257219941588119e-05
test_01227,0.6811721920967102
test_01228,0.06132537126541138
test_01229,0.15543735027313232
test_01230,0.8420506715774536
test_01231,0.2080737054347992
test_01232,0.03045227937400341
test_01233,0.314332515001297
test_01234,0.050239790230989456
test_01235,0.04803616181015968
test_01236,0.0994076207280159
test_01237,0.0007232149946503341
test_01238,0.196576789021492
test_01239,0.008635560050606728
test_01240,0.6265522241592407
test_01241,0.07286198437213898
test_01242,0.02151629514992237
test_01243,0.020983239635825157
test_01244,1.2679621477218461e-06
test_01245,0.12408220022916794
test_01246,0.05805528536438942
test_01247,0.46492961049079895
test_01248,0.03157544508576393
test_01249,0.08419056981801987
test_01250,0.1290345937013626
test_01251,0.08068855106830597
test_01252,0.4048501253128052
test_01253,0.13440129160881042
test_01254,0.49412837624549866
test_01255,0.35966888070106506
test_01256,0.23466061055660248
test_01257,0.4761708080768585
test_01258,0.0002552791265770793
test_01259,0.03572261705994606
test_01260,0.11646758019924164
test_01261,0.010530224069952965
test_01262,0.44284653663635254
test_01263,0.39250802993774414
test_01264,0.27211350202560425
test_01265,0.67649906873703
test_01266,0.09134405851364136
test_01267,5.878025331185199e-05
test_01268,0.09778190404176712
test_01269,0.3486061096191406
test_01270,0.25909993052482605
test_01271,4.992971662431955e-05
test_01272,0.0020503553096204996
test_01273,0.003622747492045164
test_01274,0.006099585443735123
test_01275,0.051420554518699646
test_01276,0.00027183693600818515
test_01277,0.3010006546974182
test_01278,0.4134000241756439
test_01279,0.17877531051635742
test_01280,0.04168616607785225
test_01281,0.15194319188594818
test_01282,0.3927430808544159
test_01283,0.17568284273147583
test_01284,0.00019402324687689543
test_01285,0.11418267339468002
test_01286,0.6815141439437866
test_01287,0.1338992714881897
test_01288,0.2666606903076172
test_01289,0.09508607536554337
test_01290,0.3193974196910858
test_01291,0.030711747705936432
test_01292,0.010616208426654339
test_01293,0.0007319402066059411
test_01294,0.4293341040611267
test_01295,0.1351955085992813
test_01296,0.18920603394508362
test_01297,0.36852359771728516
test_01298,0.11430148780345917
test_01299,0.04314329847693443
test_01300,0.0010490717831999063
test_01301,0.4458458721637726
test_01302,0.6044690012931824
test_01303,0.5760753750801086
test_01304,0.09553276002407074
test_01305,0.009100938215851784
test_01306,0.28889498114585876
test_01307,0.6533017754554749
test_01308,0.24958747625350952
test_01309,0.00023642845917493105
test_01310,0.42354461550712585
test_01311,0.00817255862057209
test_01312,0.0021195695735514164
test_01313,0.001430993783287704
test_01314,0.12805084884166718
test_01315,0.12188694626092911
test_01316,0.15893608331680298
test_01317,0.4497395157814026
test_01318,6.6201846493640915e-06
test_01319,0.0895160436630249
test_01320,0.08668047189712524
test_01321,0.16491389274597168
test_01322,0.12617672979831696
test_01323,0.25448185205459595
test_01324,0.00019422723562456667
test_01325,0.4813583493232727
test_01326,0.4094337821006775
test_01327,0.09358968585729599
test_01328,0.18066546320915222
test_01329,0.9343550801277161
test_01330,0.005616871640086174
test_01331,1.9333810996613465e-05
test_01332,0.21107685565948486
test_01333,0.3760373890399933
test_01334,0.25491663813591003
test_01335,0.2131022959947586
test_01336,0.4075998067855835
test_01337,0.34957846999168396
test_01338,0.2639100253582001
test_01339,0.04142305254936218
test_01340,0.14716726541519165
test_01341,0.19134557247161865
test_01342,0.002667200518772006
test_01343,0.0965140238404274
test_01344,0.026995865628123283
test_01345,0.5438238382339478
test_01346,0.2950073480606079
test_01347,0.008369270712137222
test_01348,0.00035052429302595556
test_01349,0.2214539349079132
test_01350,0.42628952860832214
test_01351,0.028787700459361076
test_01352,0.46670442819595337
test_01353,0.0055089425295591354
test_01354,0.03570156544446945
test_01355,0.38205859065055847
test_01356,0.02450552210211754
test_01357,0.414745032787323
test_01358,0.0265869852155447
test_01359,0.0758332684636116
test_01360,0.0005258251330815256
test_01361,0.11509504914283752
test_01362,4.354900374892168e-05
test_01363,0.18526816368103027
test_01364,0.38033008575439453
test_01365,0.030384326353669167
test_01366,0.009511499665677547
test_01367,0.7194817662239075
test_01368,0.3342417776584625
test_01369,0.030687976628541946
test_01370,0.0015521286986768246
test_01371,0.00010632236080709845
test_01372,0.03867762163281441
test_01373,0.23003928363323212
test_01374,0.17411258816719055
test_01375,2.1904303139308468e-05
test_01376,0.16800425946712494
test_01377,0.004693008027970791
test_01378,0.008436196483671665
test_01379,0.0011460782261565328
test_01380,0.11183276772499084
test_01381,0.01642967201769352
test_01382,0.04705902189016342
test_01383,0.17856311798095703
test_01384,0.01740838959813118
test_01385,0.3374498188495636
test_01386,0.3199782371520996
test_01387,0.04526254162192345
test_01388,0.07089813798666
test_01389,0.254118412733078
test_01390,0.0034755212254822254
test_01391,0.35580652952194214
test_01392,0.16858315467834473
test_01393,0.15045151114463806
test_01394,1.8511718735680915e-05
test_01395,0.0009818115504458547
test_01396,0.47851958870887756
test_01397,0.33162352442741394
test_01398,0.3348160982131958
test_01399,0.25016212463378906
test_01400,0.31841957569122314
test_01401,0.036145858466625214
test_01402,0.41148510575294495
test_01403,0.2909982204437256
test_01404,0.4141561985015869
test_01405,0.3731389343738556
test_01406,0.06426674127578735
test_01407,0.00811732653528452
test_01408,0.6438313126564026
test_01409,0.34974774718284607
test_01410,0.2236713021993637
test_01411,0.08543680608272552
test_01412,0.06530719995498657
test_01413,0.10122665017843246
test_01414,0.012653381563723087
test_01415,0.07616773247718811
test_01416,0.39741721749305725
test_01417,0.001100881490856409
test_01418,0.16044415533542633
test_01419,0.3185894787311554
test_01420,7.924671081127599e-05
test_01421,0.059977490454912186
test_01422,0.05766437202692032
test_01423,0.23166458308696747
test_01424,0.12697440385818481
test_01425,0.12815335392951965
test_01426,0.2925805449485779
test_01427,0.0009126980439759791
test_01428,0.4494972825050354
test_01429,0.11757706105709076
test_01430,0.019928164780139923
test_01431,0.00036831723991781473
test_01432,0.4938059151172638
test_01433,0.780066728591919
test_01434,0.519101083278656
test_01435,0.01553096529096365
test_01436,9.666527330409735e-05
test_01437,0.3119303286075592
test_01438,0.12184187024831772
test_01439,0.5888556241989136
test_01440,0.21999312937259674
test_01441,0.3989458382129669
test_01442,0.39870089292526245
test_01443,0.10857826471328735
test_01444,0.2451910823583603
test_01445,0.06851214170455933
test_01446,0.35225555300712585
test_01447,0.1988060623407364
test_01448,0.14774581789970398
test_01449,0.09657501429319382
test_01450,0.855850100517273
test_01451,0.20863617956638336
test_01452,0.059681132435798645
test_01453,0.0007481915527023375
test_01454,0.1531643569469452
test_01455,0.17187756299972534
test_01456,0.7579282522201538
test_01457,0.04279058054089546
test_01458,0.009511702693998814
test_01459,0.013925767503678799
test_01460,0.008331089280545712
test_01461,0.0027870924677699804
test_01462,0.005684675183147192
test_01463,0.14043299853801727
test_01464,0.000261250592302531
test_01465,0.29353752732276917
test_01466,0.1962585598230362
test_01467,0.24436748027801514
test_01468,0.2113010734319687
test_01469,0.00036726603866554797
test_01470,0.3807225525379181
test_01471,0.19725970923900604
test_01472,0.24696241319179535
test_01473,0.15331155061721802
test_01474,0.4562564194202423
test_01475,0.008779593743383884
test_01476,0.05084092170000076
test_01477,0.012629306875169277
test_01478,0.09877938032150269
test_01479,0.08837186545133591
test_01480,0.06997861713171005
test_01481,0.4865190386772156
test_01482,0.14331306517124176
test_01483,0.3759520649909973
test_01484,7.674606604268774e-05
test_01485,0.0813518613576889
test_01486,0.24630793929100037
test_01487,0.12654565274715424
test_01488,0.002379158977419138
test_01489,0.024910347536206245
test_01490,0.19076332449913025
test_01491,0.21262234449386597
test_01492,0.00532205356284976
test_01493,0.38762059807777405
test_01494,0.05149388313293457
test_01495,0.012843110598623753
test_01496,0.18502025306224823
test_01497,0.6845324039459229
test_01498,0.3262826204299927
test_01499,0.24585837125778198
test_01500,0.14726732671260834
test_01501,0.29959747195243835
test_01502,0.6277421712875366
test_01503,0.43647247552871704
test_01504,0.014767907559871674
test_01505,0.09162765741348267
test_01506,0.3991468846797943
test_01507,0.45632877945899963
test_01508,0.5830368995666504
test_01509,0.08119242638349533
test_01510,0.1173272356390953
test_01511,0.44338133931159973
test_01512,0.11529277265071869
test_01513,0.5097624659538269
test_01514,0.00039237772580236197
test_01515,0.46835681796073914
test_01516,0.2211465835571289
test_01517,0.29287391901016235
test_01518,0.026404229924082756
test_01519,0.17231976985931396
test_01520,0.00961131788790226
test_01521,0.8068135380744934
test_01522,0.15122996270656586
test_01523,0.13954146206378937
test_01524,0.5146303176879883
test_01525,0.2942027449607849
test_01526,0.000782734714448452
test_01527,0.22970840334892273
test_01528,0.44889411330223083
test_01529,0.006918637547641993
test_01530,0.20670437812805176
test_01531,0.0335533432662487
test_01532,0.05959116294980049
test_01533,0.01181741338223219
test_01534,0.12477471679449081
test_01535,0.051383476704359055
test_01536,0.47999677062034607
test_01537,0.3756057918071747
test_01538,0.004265383817255497
test_01539,0.08070220798254013
test_01540,0.19642424583435059
test_01541,0.7404341697692871
test_01542,0.33305981755256653
test_01543,0.026377221569418907
test_01544,0.0005338706541806459
test_01545,0.060259949415922165
test_01546,0.35806819796562195
test_01547,0.0671486109495163
test_01548,0.011643316596746445
test_01549,0.16997720301151276
test_01550,0.25961926579475403
test_01551,0.13324446976184845
test_01552,0.6064500212669373
test_01553,0.39873334765434265
test_01554,0.02576686628162861
test_01555,0.17362867295742035
test_01556,0.325100302696228
test_01557,0.9465996623039246
test_01558,0.20245806872844696
test_01559,0.10630907863378525
test_01560,0.5387048721313477
test_01561,0.08832264691591263
test_01562,0.017076095566153526
test_01563,0.363454669713974
test_01564,0.43079084157943726
test_01565,0.47433602809906006
test_01566,0.353403240442276
test_01567,0.0003353915235493332
test_01568,0.024833954870700836
test_01569,0.0400552973151207
test_01570,0.19102203845977783
test_01571,0.5566534399986267
test_01572,0.38266727328300476
test_01573,0.19014783203601837
test_01574,0.21224965155124664
test_01575,0.3640529215335846
test_01576,0.25011563301086426
test_01577,0.08217322081327438
test_01578,0.5372235178947449
test_01579,0.4864918291568756
test_01580,0.4958988428115845
test_01581,0.00475666020065546
test_01582,0.1907535046339035
test_01583,0.056661780923604965
test_01584,0.17073029279708862
test_01585,0.002782578347250819
test_01586,0.9163205027580261
test_01587,0.34596842527389526
test_01588,0.22728267312049866
test_01589,0.42685189843177795
test_01590,0.007525830529630184
test_01591,0.11696382611989975
test_01592,0.09455346316099167
test_01593,0.012744695879518986
test_01594,0.1423477977514267
test_01595,0.30212506651878357
test_01596,1.2898832210339606e-05
test_01597,0.01981518417596817
test_01598,0.019432973116636276
test_01599,0.3304330110549927
test_01600,3.0141472961986437e-05
test_01601,0.06421173363924026
test_01602,0.2046494334936142
test_01603,0.314292848110199
test_01604,0.004370103590190411
test_01605,0.017515702173113823
test_01606,0.0028418865986168385
test_01607,0.6960378885269165
test_01608,0.25273269414901733
test_01609,0.3532816171646118
test_01610,0.4454648494720459
test_01611,0.0531785823404789
test_01612,0.4372457265853882
test_01613,0.04350841045379639
test_01614,0.19886672496795654
test_01615,0.40202611684799194
test_01616,0.05080064386129379
test_01617,0.21921095252037048
test_01618,0.16274802386760712
test_01619,0.10868817567825317
test_01620,0.03295457735657692
test_01621,0.01215296145528555
test_01622,0.3944207429885864
test_01623,0.1085728108882904
test_01624,0.4545081555843353
test_01625,0.2751028835773468
test_01626,0.3439440429210663
test_01627,0.27007365226745605
test_01628,0.10202766209840775
test_01629,0.40860849618911743
test_01630,0.11916715651750565
test_01631,0.6127668023109436
test_01632,0.000811981619335711
test_01633,0.13056418299674988
test_01634,0.11707033216953278
test_01635,0.548370897769928
test_01636,0.3320135474205017
test_01637,0.022484762594103813
test_01638,0.1494673192501068
test_01639,0.006238636095076799
test_01640,4.488704234972829e-06
test_01641,0.01547025516629219
test_01642,0.2955728769302368
test_01643,0.11582162231206894
test_01644,0.7992596626281738
test_01645,0.40152642130851746
test_01646,0.36849457025527954
test_01647,0.2076299786567688
test_01648,0.001317900139838457
test_01649,0.2576632499694824
test_01650,0.2868102192878723
test_01651,0.3711952865123749
test_01652,0.7222375273704529
test_01653,0.21464042365550995
test_01654,0.39855682849884033
test_01655,0.5520482659339905
test_01656,0.011377504095435143
test_01657,0.42416882514953613
test_01658,0.2184298038482666
test_01659,0.18277248740196228
test_01660,0.38640981912612915
test_01661,2.7355748898116872e-05
test_01662,0.12852315604686737
test_01663,0.013615826144814491
test_01664,0.5220754742622375
test_01665,0.13649015128612518
test_01666,0.028585560619831085
test_01667,0.002729009138420224
test_01668,0.5264248251914978
test_01669,0.06547124683856964
test_01670,0.1597684621810913
test_01671,0.12787531316280365
test_01672,0.1982753872871399
test_01673,0.2412053793668747
test_01674,0.00697799539193511
test_01675,0.05160285159945488
test_01676,0.498955637216568
test_01677,0.5113842487335205
test_01678,0.054444946348667145
test_01679,0.4882422983646393
test_01680,0.061521969735622406
test_01681,0.36981305480003357
test_01682,0.1392899453639984
test_01683,0.6107443571090698
test_01684,0.06603620201349258
test_01685,0.5307809114456177
test_01686,0.05275554209947586
test_01687,0.004798335488885641
test_01688,0.007259360980242491
test_01689,0.3914682865142822
test_01690,0.3809575140476227
test_01691,0.174621120095253
test_01692,3.6431294574867934e-05
test_01693,0.2998637855052948
test_01694,0.00171088136266917
test_01695,0.1811266839504242
test_01696,0.4143123924732208
test_01697,0.12441053241491318
test_01698,0.5179241895675659
test_01699,0.026644252240657806
test_01700,0.41887569427490234
test_01701,0.06332939118146896
test_01702,0.4723198413848877
test_01703,0.32192856073379517
test_01704,6.811214552726597e-05
test_01705,0.2633248567581177
test_01706,0.6588332653045654
test_01707,0.46871766448020935
test_01708,0.003922245930880308
test_01709,0.1248071938753128
test_01710,0.21503794193267822
test_01711,4.584379348671064e-05
test_01712,0.4801415205001831
test_01713,0.10072913765907288
test_01714,0.39094439148902893
test_01715,0.405422180891037
test_01716,0.34687909483909607
test_01717,0.24636581540107727
test_01718,0.00035180163104087114
test_01719,0.01710851490497589
test_01720,0.3477252125740051
test_01721,0.00357541861012578
test_01722,0.41932862997055054
test_01723,0.20873035490512848
test_01724,0.0009086970239877701
test_01725,0.2037019580602646
test_01726,0.0005000390810891986
test_01727,0.06286780536174774
test_01728,0.3829282820224762
test_01729,0.7558954358100891
test_01730,0.6289634108543396
test_01731,0.6008459329605103
test_01732,0.123769611120224
test_01733,0.09307967871427536
test_01734,0.2886927127838135
test_01735,0.0940207988023758
test_01736,0.17859123647212982
test_01737,0.8113979697227478
test_01738,0.1210845559835434
test_01739,0.2977561056613922
test_01740,0.43767204880714417
test_01741,1.3633802154799923e-05
test_01742,0.0008735090959817171
test_01743,0.3400084376335144
test_01744,0.38484951853752136
test_01745,0.004518402274698019
test_01746,0.3821493685245514
test_01747,0.4330291152000427
test_01748,0.40607601404190063
test_01749,0.06683637201786041
test_01750,0.38229265809059143
test_01751,0.1709183007478714
test_01752,0.3298470973968506
test_01753,0.3793703317642212
test_01754,0.006195761263370514
test_01755,0.5825827717781067
test_01756,0.4584409296512604
test_01757,0.4679983854293823
test_01758,0.019738059490919113
test_01759,0.23707005381584167
test_01760,0.026579199358820915
test_01761,0.16487345099449158
test_01762,0.04216216132044792
test_01763,0.0007957621710374951
test_01764,0.535548210144043
test_01765,0.6078406572341919
test_01766,0.0002106678148265928
test_01767,0.06927957385778427
test_01768,0.06926079094409943
test_01769,0.49511146545410156
test_01770,0.381562739610672
test_01771,0.0272965244948864
test_01772,0.0934886708855629
test_01773,0.009879053570330143
test_01774,0.305319219827652
test_01775,0.33776921033859253
test_01776,0.28487086296081543
test_01777,0.2121666967868805
test_01778,0.15767726302146912
test_01779,0.31895989179611206
test_01780,0.03812350705265999
test_01781,0.6344007849693298
test_01782,0.0002255122089991346
test_01783,0.5236321091651917
test_01784,0.3360028862953186
test_01785,0.2093050479888916
test_01786,0.28694310784339905
test_01787,0.47554510831832886
test_01788,0.5171553492546082
test_01789,0.139987051486969
test_01790,0.0020515350624918938
test_01791,0.4569844603538513
test_01792,0.38422438502311707
test_01793,0.5405462384223938
test_01794,0.00010232092608930543
test_01795,0.014398676343262196
test_01796,0.00023674855765420943
test_01797,0.3653451204299927
test_01798,0.14824797213077545
test_01799,0.3653576076030731
test_01800,0.2993727922439575
test_01801,0.10600030422210693
test_01802,0.35727474093437195
test_01803,0.33205446600914
test_01804,0.09143529087305069
test_01805,7.419260441565712e-07
test_01806,0.3445987105369568
test_01807,0.4488229751586914
test_01808,0.05796470120549202
test_01809,0.001271784189157188
test_01810,0.3069683313369751
test_01811,0.537036120891571
test_01812,0.029308704659342766
test_01813,0.12921907007694244
test_01814,0.0001068009587470442
test_01815,0.014950701966881752
test_01816,0.14933253824710846
test_01817,0.29925328493118286
test_01818,0.5550523996353149
test_01819,0.3075958788394928
test_01820,0.30480220913887024
test_01821,0.23711438477039337
test_01822,0.36876723170280457
test_01823,0.04379955306649208
test_01824,0.4724009037017822
test_01825,0.18802283704280853
test_01826,0.5361982583999634
test_01827,0.07693316787481308
test_01828,0.8539674878120422
test_01829,0.07894565910100937
test_01830,0.08419032394886017
test_01831,0.002715564100071788
test_01832,0.07091940194368362
test_01833,0.1106560230255127
test_01834,0.16047531366348267
test_01835,0.2375183403491974
test_01836,0.054266687482595444
test_01837,0.5741862058639526
test_01838,0.0012440331047400832
test_01839,0.014631514437496662
test_01840,0.0005153717938810587
test_01841,0.04691469296813011
test_01842,0.129143625497818
test_01843,0.0005097078974358737
test_01844,0.686991810798645
test_01845,0.40867653489112854
test_01846,0.17425845563411713
test_01847,0.0043839034624397755
test_01848,0.21819381415843964
test_01849,0.3215523064136505
test_01850,0.018636098131537437
test_01851,0.4401281177997589
test_01852,0.6823535561561584
test_01853,0.3003804087638855
test_01854,0.005230553448200226
test_01855,0.16490119695663452
test_01856,0.2671111524105072
test_01857,6.778035412935424e-07
test_01858,0.00714308675378561
test_01859,0.45838114619255066
test_01860,0.07556435465812683
test_01861,0.2111206352710724
test_01862,0.49920210242271423
test_01863,0.10760752856731415
test_01864,5.845222403877415e-07
test_01865,0.01769510842859745
test_01866,0.41046053171157837
test_01867,0.03850657120347023
test_01868,0.0008474724600091577
test_01869,0.13243669271469116
test_01870,0.008148618042469025
test_01871,0.03352539241313934
test_01872,0.0016783925238996744
test_01873,0.3341096341609955
test_01874,0.48896265029907227
test_01875,0.02313573658466339
test_01876,0.3753903806209564
test_01877,0.09036292135715485
test_01878,0.39818689227104187
test_01879,0.21144920587539673
test_01880,0.1881093978881836
test_01881,0.36130383610725403
test_01882,2.8278944228077307e-05
test_01883,0.5098731517791748
test_01884,0.0013868361711502075
test_01885,0.5142879486083984
test_01886,0.01377139426767826
test_01887,0.05630920082330704
test_01888,0.3160410523414612
test_01889,0.29270726442337036
test_01890,0.00924393255263567
test_01891,0.5230246186256409
test_01892,0.07431481033563614
test_01893,0.21001893281936646
test_01894,0.11234664916992188
test_01895,0.04285914823412895
test_01896,0.22641776502132416
test_01897,0.022646872326731682
test_01898,0.046493690460920334
test_01899,0.42955729365348816
test_01900,0.029164515435695648
test_01901,0.10185612738132477
test_01902,0.5360070466995239
test_01903,0.03617504611611366
test_01904,0.0006371137569658458
test_01905,0.182623490691185
test_01906,0.0001405078510288149
test_01907,0.7200852036476135
test_01908,0.7640398144721985
test_01909,0.08236143738031387
test_01910,0.0015543204499408603
test_01911,4.642111525754444e-05
test_01912,0.001317740767262876
test_01913,0.08202431350946426
test_01914,0.03758915513753891
test_01915,0.014730592258274555
test_01916,0.09324638545513153
test_01917,0.32917505502700806
test_01918,0.036672066897153854
test_01919,0.32727497816085815
test_01920,0.1766200214624405
test_01921,0.16573263704776764
test_01922,0.5145996809005737
test_01923,0.5074167847633362
test_01924,0.004153491463512182
test_01925,0.46226707100868225
test_01926,0.04096565023064613
test_01927,0.24215282499790192
test_01928,0.009994203224778175
test_01929,0.0005800751387141645
test_01930,0.38394811749458313
test_01931,0.004532330669462681
test_01932,0.1674443930387497
test_01933,0.1597839891910553
test_01934,0.25515323877334595
test_01935,0.17776155471801758
test_01936,0.03996261581778526
test_01937,0.43288537859916687
test_01938,0.07954053580760956
test_01939,0.002585778245702386
test_01940,0.0021388502791523933
test_01941,0.8278449773788452
test_01942,0.5418234467506409
test_01943,8.047138544498011e-05
test_01944,0.3354805111885071
test_01945,0.024098217487335205
test_01946,0.12939348816871643
test_01947,0.031955692917108536
test_01948,0.15564168989658356
test_01949,0.27652207016944885
test_01950,0.26699233055114746
test_01951,0.45971614122390747
test_01952,0.47192099690437317
test_01953,0.057730935513973236
test_01954,0.5412695407867432
test_01955,0.030584828928112984
test_01956,0.05734235793352127
test_01957,0.14453443884849548
test_01958,0.31434789299964905
test_01959,0.051857516169548035
test_01960,0.3874291479587555
test_01961,0.2888724207878113
test_01962,5.848746695846785e-06
test_01963,0.5335016846656799
test_01964,0.00018207037646789104
test_01965,0.31566449999809265
test_01966,1.0371974894951563e-05
test_01967,0.46844637393951416
test_01968,0.03478016331791878
test_01969,0.0004892073338851333
test_01970,0.33435535430908203
test_01971,0.750306248664856
test_01972,0.9414318799972534
test_01973,0.02388589270412922
test_01974,0.23584739863872528
test_01975,0.6573167443275452
test_01976,0.1445876806974411
test_01977,0.10363014042377472
test_01978,0.03626770153641701
test_01979,0.0680549368262291
test_01980,0.38400402665138245
test_01981,0.3061862289905548
test_01982,0.10959374904632568
test_01983,0.29846903681755066
test_01984,0.32031139731407166
test_01985,0.37054452300071716
test_01986,0.26080086827278137
test_01987,0.005708261393010616
test_01988,0.00729927746579051
test_01989,0.517622172832489
test_01990,0.13452968001365662
test_01991,0.09250597655773163
test_01992,0.24866832792758942
test_01993,0.3544987738132477
test_01994,0.4662463963031769
test_01995,0.24829386174678802
test_01996,0.42564040422439575
test_01997,0.14529885351657867
test_01998,0.537813663482666
test_01999,0.007270899601280689
test_02000,0.1079433336853981
test_02001,0.0003068337100557983
test_02002,0.026863159611821175
test_02003,0.5773355960845947
test_02004,5.513439646165352e-06
test_02005,0.44571787118911743
test_02006,0.0019264870788902044
test_02007,0.27526357769966125
test_02008,0.37879058718681335
test_02009,0.0877763107419014
test_02010,0.0935424417257309
test_02011,0.4726761281490326
test_02012,0.4304318130016327
test_02013,0.2043769210577011
test_02014,1.41414448080468e-05
test_02015,0.06190572306513786
test_02016,0.07068835198879242
test_02017,0.0014221511082723737
test_02018,0.7135847210884094
test_02019,0.1706806868314743
test_02020,0.0018123146146535873
test_02021,0.28909197449684143
test_02022,0.16287893056869507
test_02023,0.025086456909775734
test_02024,2.6320122969991644e-07
test_02025,0.7545896172523499
test_02026,0.5087859034538269
test_02027,0.3268513083457947
test_02028,0.12073121964931488
test_02029,0.24505016207695007
test_02030,0.11433831602334976
test_02031,0.14604300260543823
test_02032,0.11111949384212494
test_02033,0.08245249837636948
test_02034,0.13287091255187988
test_02035,0.25361505150794983
test_02036,0.31962504982948303
test_02037,0.0003574833390302956
test_02038,0.377908319234848
test_02039,0.11459071934223175
test_02040,0.29248881340026855
test_02041,0.04776021093130112
test_02042,0.002098805969581008
test_02043,0.005528352688997984
test_02044,0.34436678886413574
test_02045,0.296528160572052
test_02046,0.08310350775718689
test_02047,0.2579982578754425
test_02048,0.03387114405632019
test_02049,0.04646069183945656
test_02050,0.2724840044975281
test_02051,0.3316195011138916
test_02052,0.18690311908721924
test_02053,0.2860605716705322
test_02054,0.29652780294418335
test_02055,0.1811957061290741
test_02056,0.0008415381889790297
test_02057,0.07934697717428207
test_02058,0.26046717166900635
test_02059,0.983677864074707
test_02060,0.2985856533050537
test_02061,0.395286500453949
test_02062,0.1348484456539154
test_02063,2.9520229816171195e-08
test_02064,0.6508104205131531
test_02065,0.30785661935806274
test_02066,0.007241928484290838
test_02067,0.00017928196757566184
test_02068,0.494109183549881
test_02069,0.23309479653835297
test_02070,0.09530816227197647
test_02071,0.16310174763202667
test_02072,0.5450404286384583
test_02073,0.06266137212514877
test_02074,0.18324579298496246
test_02075,0.23665663599967957
test_02076,0.07656772434711456
test_02077,0.00909025501459837
test_02078,0.008034494705498219
test_02079,0.3735113739967346
test_02080,0.21628262102603912
test_02081,0.16252118349075317
test_02082,0.019914302974939346
test_02083,0.10717511177062988
test_02084,0.013464772142469883
test_02085,0.3966052532196045
test_02086,0.07779589295387268
test_02087,5.769108247477561e-05
test_02088,0.027007222175598145
test_02089,0.001584489829838276
test_02090,0.12696707248687744
test_02091,0.10651416331529617
test_02092,0.3744577169418335
test_02093,0.00010586406278889626
test_02094,0.00012224311649333686
test_02095,0.033499110490083694
test_02096,0.005701845046132803
test_02097,0.23362217843532562
test_02098,0.6196076273918152
test_02099,0.052681565284729004
test_02100,0.09060480445623398
test_02101,0.3970806300640106
test_02102,0.005517462268471718
test_02103,0.0010566768469288945
test_02104,0.33084049820899963
test_02105,0.3396605849266052
test_02106,0.13714256882667542
test_02107,0.03981715813279152
test_02108,0.04702206328511238
test_02109,0.20372609794139862
test_02110,0.0019101849757134914
test_02111,2.0027537175337784e-05
test_02112,0.28333616256713867
test_02113,0.1567688137292862
test_02114,0.1602034866809845
test_02115,0.39019426703453064
test_02116,0.24449238181114197
test_02117,0.11390312761068344
test_02118,0.0649413913488388
test_02119,0.0585564523935318
test_02120,0.4127548336982727
test_02121,0.36605963110923767
test_02122,0.009035167284309864
test_02123,0.43783891201019287
test_02124,0.3620697259902954
test_02125,0.05780870467424393
test_02126,0.30355408787727356
test_02127,0.004748177714645863
test_02128,0.028760170564055443
test_02129,0.2854880690574646
test_02130,0.9901216626167297
test_02131,0.17090104520320892
test_02132,0.7286173701286316
test_02133,0.6563795208930969
test_02134,6.850604563624074e-07
test_02135,0.25890934467315674
test_02136,0.3662775158882141
test_02137,0.08811888843774796
test_02138,0.13944649696350098
test_02139,0.1647626906633377
test_02140,0.01174000184983015
test_02141,0.47930553555488586
test_02142,0.0016438061138615012
test_02143,0.42081350088119507
test_02144,0.3401064872741699
test_02145,0.009362482465803623
test_02146,0.10761544108390808
test_02147,0.005816914606839418
test_02148,0.09854893386363983
test_02149,0.009333664551377296
test_02150,0.5546092987060547
test_02151,0.1438569873571396
test_02152,0.13600926101207733
test_02153,0.48962166905403137
test_02154,0.09076293557882309
test_02155,0.7043622732162476
test_02156,0.2858556807041168
test_02157,0.0379357784986496
test_02158,0.07813558727502823
test_02159,0.3719806671142578
test_02160,0.23959404230117798
test_02161,0.48510420322418213
test_02162,0.5894174575805664
test_02163,0.0005636506248265505
test_02164,8.328589728989755e-07
test_02165,0.002449238672852516
test_02166,0.06192893534898758
test_02167,0.18373768031597137
test_02168,0.15296795964241028
test_02169,0.08730379492044449
test_02170,0.5673703551292419
test_02171,0.2361353486776352
test_02172,0.3364005982875824
test_02173,0.08119191229343414
test_02174,0.25195708870887756
test_02175,0.2223367691040039
test_02176,0.00410141097381711
test_02177,0.11411626636981964
test_02178,0.4609454572200775
test_02179,0.2089831531047821
test_02180,0.33555838465690613
test_02181,0.6507818102836609
test_02182,0.3497806191444397
test_02183,0.0011511450866237283
test_02184,0.0005910333711653948
test_02185,0.24152523279190063
test_02186,5.077871901448816e-05
test_02187,0.3112974762916565
test_02188,0.1591518521308899
test_02189,0.2664581835269928
test_02190,0.10162711888551712
test_02191,0.3746311664581299
test_02192,0.0010466933017596602
test_02193,0.12013480812311172
test_02194,0.1763163059949875
test_02195,0.0012109337840229273
test_02196,0.00030048456392250955
test_02197,0.31736308336257935
test_02198,0.011239361017942429
test_02199,0.00744646554812789
test_02200,0.22901393473148346
test_02201,0.2525119185447693
test_02202,1.828476888476871e-05
test_02203,0.023046500980854034
test_02204,0.03014836087822914
test_02205,0.006009272765368223
test_02206,0.008308899588882923
test_02207,0.4984210133552551
test_02208,0.3716510236263275
test_02209,0.1608046293258667
test_02210,0.10178627818822861
test_02211,0.33113807439804077
test_02212,0.32364484667778015
test_02213,0.6717326641082764
test_02214,0.6723297238349915
test_02215,0.005993684288114309
test_02216,0.04889434203505516
test_02217,0.019237376749515533
test_02218,0.18629534542560577
test_02219,0.09737769514322281
test_02220,0.00036723000812344253
test_02221,0.08992224186658859
test_02222,0.42480847239494324
test_02223,0.001383829629048705
test_02224,0.00010073916200781241
test_02225,0.005101071670651436
test_02226,0.010271122679114342
test_02227,0.4323982000350952
test_02228,0.15382984280586243
test_02229,0.003804450621828437
test_02230,0.09702330827713013
test_02231,0.21407444775104523
test_02232,0.1519526094198227
test_02233,0.3959867060184479
test_02234,0.011233513243496418
test_02235,0.35383865237236023
test_02236,0.2901701033115387
test_02237,0.23799197375774384
test_02238,0.0035583979915827513
test_02239,0.025103285908699036
test_02240,0.5871120095252991
test_02241,0.15356984734535217
test_02242,0.00067866500467062
test_02243,0.03926519304513931
test_02244,0.03388131782412529
test_02245,0.06647530943155289
test_02246,0.3274833858013153
test_02247,0.5654492378234863
test_02248,0.20664730668067932
test_02249,0.35828056931495667
test_02250,0.8224875926971436
test_02251,0.004326682072132826
test_02252,0.5349031090736389
test_02253,0.25724461674690247
test_02254,0.2631872892379761
test_02255,0.07275821268558502
test_02256,0.19470632076263428
test_02257,0.7412948608398438
test_02258,0.04955388605594635
test_02259,0.296724796295166
test_02260,0.30204448103904724
test_02261,0.24859371781349182
test_02262,0.08202925324440002
test_02263,0.3257158398628235
test_02264,0.051826365292072296
test_02265,0.4986671209335327
test_02266,0.07266947627067566
test_02267,0.04823907092213631
test_02268,0.14409825205802917
test_02269,0.40585529804229736
test_02270,0.12170703709125519
test_02271,0.19771124422550201
test_02272,0.004836647771298885
test_02273,0.3715329170227051
test_02274,0.5178614258766174
test_02275,0.16214776039123535
test_02276,0.023088479414582253
test_02277,0.4982779026031494
test_02278,0.3024536073207855
test_02279,0.16270561516284943
test_02280,0.031224815174937248
test_02281,0.4268698990345001
test_02282,0.006871271412819624
test_02283,0.4071418046951294
test_02284,0.004856041632592678
test_02285,0.1684446781873703
test_02286,0.04923688620328903
test_02287,0.029712216928601265
test_02288,0.012721731327474117
test_02289,0.3083333671092987
test_02290,0.31625670194625854
test_02291,0.0009850679198279977
test_02292,0.05158151313662529
test_02293,0.10549025982618332
test_02294,0.022070089355111122
test_02295,0.18983399868011475
test_02296,0.07704796642065048
test_02297,0.46944135427474976
test_02298,0.28894534707069397
test_02299,0.4412139356136322
test_02300,4.925937173538841e-05
test_02301,0.5116418600082397
test_02302,0.029923228546977043
test_02303,0.5753179788589478
test_02304,6.284393748501316e-05
test_02305,0.4714032709598541
test_02306,0.3098668158054352
test_02307,0.11325060576200485
test_02308,0.005609387531876564
test_02309,0.011281296610832214
test_02310,0.3291228413581848
test_02311,0.17989850044250488
test_02312,0.36350420117378235
test_02313,0.22828225791454315
test_02314,0.08277121931314468
test_02315,0.04413492977619171
test_02316,0.4232202172279358
test_02317,0.00011868708679685369
test_02318,0.38202378153800964
test_02319,0.13187862932682037
test_02320,0.34178420901298523
test_02321,0.09170155972242355
test_02322,0.3937571346759796
test_02323,0.17130081355571747
test_02324,0.15073330700397491
test_02325,0.4168124496936798
test_02326,0.24514740705490112
test_02327,0.29039719700813293
test_02328,0.015202050097286701
test_02329,7.832039409549907e-05
test_02330,0.10132312774658203
test_02331,0.10291436314582825
test_02332,0.00016221569967456162
test_02333,0.11365275830030441
test_02334,0.06149192154407501
test_02335,0.23250019550323486
test_02336,0.014521699398756027
test_02337,0.24954895675182343
test_02338,0.5051594972610474
test_02339,0.11487077176570892
test_02340,0.04414859786629677
test_02341,0.011571361683309078
test_02342,0.28993338346481323
test_02343,0.45568913221359253
test_02344,8.709508256288245e-05
test_02345,0.001275105169042945
test_02346,0.32518813014030457
test_02347,0.00971943885087967
test_02348,0.20650865137577057
test_02349,0.5939888954162598
test_02350,0.14304670691490173
test_02351,0.00032410011044703424
test_02352,0.25032734870910645
test_02353,0.487495094537735
test_02354,0.1750728338956833
test_02355,0.2914113402366638
test_02356,0.39363551139831543
test_02357,0.1093021109700203
test_02358,0.041237860918045044
test_02359,0.7008234262466431
test_02360,0.4426858723163605
test_02361,0.4707850515842438
test_02362,0.001266309292986989
test_02363,0.41031694412231445
test_02364,0.27903518080711365
test_02365,0.012368764728307724
test_02366,0.021343035623431206
test_02367,0.08154826611280441
test_02368,0.3194922208786011
test_02369,0.001601191470399499
test_02370,0.24585606157779694
test_02371,0.2396446317434311
test_02372,0.09306766837835312
test_02373,0.019735684618353844
test_02374,0.06724406033754349
test_02375,0.24791322648525238
test_02376,0.4215576946735382
test_02377,0.09292274713516235
test_02378,0.2912411391735077
test_02379,0.19363358616828918
test_02380,0.031590186059474945
test_02381,0.5411062836647034
test_02382,0.5017818212509155
test_02383,0.0013721856521442533
test_02384,0.07622981071472168
test_02385,0.2838054597377777
test_02386,0.2644023001194
test_02387,0.4742271602153778
test_02388,0.08376333117485046
test_02389,0.08993219584226608
test_02390,0.3310922384262085
test_02391,0.36001336574554443
test_02392,0.697799026966095
test_02393,0.19323323667049408
test_02394,0.012772595509886742
test_02395,0.04076181724667549
test_02396,0.019969888031482697
test_02397,0.008910738863050938
test_02398,0.3071763217449188
test_02399,0.0774865671992302
test_02400,0.4010809361934662
test_02401,0.40652403235435486
test_02402,0.4176225960254669
test_02403,0.13163580000400543
test_02404,0.3513809144496918
test_02405,0.45373955368995667
test_02406,0.02516779489815235
test_02407,0.19621746242046356
test_02408,0.2981433868408203
test_02409,3.108000601059757e-05
test_02410,0.0017449419246986508
test_02411,0.08544532209634781
test_02412,0.38821473717689514
test_02413,0.45801419019699097
test_02414,0.5445259213447571
test_02415,0.15274345874786377
test_02416,0.00014086320879869163
test_02417,0.26348236203193665
test_02418,0.19075289368629456
test_02419,0.0056562223471701145
test_02420,0.0029920977540314198
test_02421,0.5423280000686646
test_02422,0.0006219426868483424
test_02423,0.5534173846244812
test_02424,0.002033344702795148
test_02425,0.2638644874095917
test_02426,0.45330214500427246
test_02427,0.027012810111045837
test_02428,4.0066261135507375e-06
test_02429,0.0022996298503130674
test_02430,0.554918110370636
test_02431,0.10128045827150345
test_02432,0.08658729493618011
test_02433,0.4766293466091156
test_02434,0.399639368057251
test_02435,0.3005097806453705
test_02436,0.03951867297291756
test_02437,0.08392375707626343
test_02438,0.233368918299675
test_02439,0.657576858997345
test_02440,0.39031100273132324
test_02441,0.5028111934661865
test_02442,0.13296331465244293
test_02443,0.6870415210723877
test_02444,0.5374875664710999
test_02445,0.14509829878807068
test_02446,0.09240883588790894
test_02447,0.08998622745275497
test_02448,0.89211505651474
test_02449,0.27871212363243103
test_02450,0.37762555480003357
test_02451,0.4709778428077698
test_02452,0.006855156272649765
test_02453,0.3737199008464813
test_02454,0.08408722281455994
test_02455,0.0056655812077224255
test_02456,0.033903926610946655
test_02457,0.3512040972709656
test_02458,0.02418264001607895
test_02459,0.1675785481929779
test_02460,0.040630120784044266
test_02461,0.15580081939697266
test_02462,0.4004613161087036
test_02463,0.16367124021053314
test_02464,0.019882535561919212
test_02465,0.007570227142423391
test_02466,0.2445821464061737
test_02467,0.06330045312643051
test_02468,0.03308359906077385
test_02469,0.0016643916023895144
test_02470,0.15399450063705444
test_02471,0.9262832403182983
test_02472,0.021116945892572403
test_02473,0.25287455320358276
test_02474,0.060745466500520706
test_02475,0.01408925000578165
test_02476,0.01777919940650463
test_02477,0.03664132207632065
test_02478,0.011892907321453094
test_02479,0.26285839080810547
test_02480,0.3901003897190094
test_02481,0.6414092779159546
test_02482,0.38669103384017944
test_02483,0.023325152695178986
test_02484,0.1941252499818802
test_02485,0.00014039507368579507
test_02486,0.33736652135849
test_02487,0.05515933781862259
test_02488,0.4893561601638794
test_02489,0.017407551407814026
test_02490,0.2670169770717621
test_02491,0.13025212287902832
test_02492,0.5142556428909302
test_02493,0.002665270585566759
test_02494,0.06016893312335014
test_02495,0.12881825864315033
test_02496,0.500835657119751
test_02497,9.214130113832653e-05
test_02498,0.40424954891204834
test_02499,0.09689602255821228
test_02500,0.005824928171932697
test_02501,0.17971931397914886
test_02502,0.08525128662586212
test_02503,0.7586671113967896
test_02504,0.5784555673599243
test_02505,0.42123574018478394
test_02506,0.007929245941340923
test_02507,0.00953500997275114
test_02508,0.020832082256674767
test_02509,0.3054234981536865
test_02510,0.264064222574234
test_02511,0.029444748535752296
test_02512,0.1267652064561844
test_02513,0.41803038120269775
test_02514,0.01987442933022976
test_02515,0.5721501111984253
test_02516,0.2983822822570801
test_02517,0.008374570868909359
test_02518,7.445787559845485e-06
test_02519,0.40892767906188965
test_02520,0.00020084458810742944
test_02521,0.5545660257339478
test_02522,0.20115002989768982
test_02523,3.912779433790092e-08
test_02524,0.4744702875614166
test_02525,0.002655909862369299
test_02526,0.4756249189376831
test_02527,0.10415327548980713
test_02528,0.19197319447994232
test_02529,0.2871474623680115
test_02530,0.08198556303977966
test_02531,0.05548914149403572
test_02532,0.28768014907836914
test_02533,0.28772249817848206
test_02534,0.00039318238850682974
test_02535,0.1729038953781128
test_02536,0.6656302809715271
test_02537,0.28741756081581116
test_02538,0.1352243274450302
test_02539,0.006365944165736437
test_02540,0.023910988122224808
test_02541,0.152763232588768
test_02542,0.39537572860717773
test_02543,0.2889854907989502
test_02544,0.33521488308906555
test_02545,0.015916941687464714
test_02546,0.1770641952753067
test_02547,0.6632339358329773
test_02548,0.073000967502594
test_02549,0.3480299711227417
test_02550,0.04895636811852455
test_02551,0.0511813722550869
test_02552,0.06235253065824509
test_02553,0.3272567391395569
test_02554,0.08788156509399414
test_02555,0.08610296994447708
test_02556,0.29412704706192017
test_02557,0.1483546644449234
test_02558,0.24492958188056946
test_02559,0.041701771318912506
test_02560,0.4106104075908661
test_02561,0.00045371457235887647
test_02562,0.18710745871067047
test_02563,0.4045296311378479
test_02564,0.3579521179199219
test_02565,0.08320274949073792
test_02566,0.3519994914531708
test_02567,0.22938726842403412
test_02568,0.00011735149746527895
test_02569,0.5037527680397034
test_02570,0.017757968977093697
test_02571,0.1010676771402359
test_02572,0.009995171800255775
test_02573,0.18459807336330414
test_02574,0.025157544761896133
test_02575,0.173810675740242
test_02576,0.045387886464595795
test_02577,0.19271335005760193
test_02578,0.27795758843421936
test_02579,2.4215810299210716e-06
test_02580,0.1652391105890274
test_02581,0.10164586454629898
test_02582,0.2049439400434494
test_02583,0.20427767932415009
test_02584,0.01495340559631586
test_02585,5.9094445532537065e-06
test_02586,0.01980290375649929
test_02587,0.007702962029725313
test_02588,0.06975799053907394
test_02589,0.01100411731749773
test_02590,0.7050414085388184
test_02591,0.7837609648704529
test_02592,0.1603938341140747
test_02593,0.07102633267641068
test_02594,0.03745405375957489
test_02595,0.5867908596992493
test_02596,0.017155703157186508
test_02597,0.7438919544219971
test_02598,0.258853554725647
test_02599,0.15940025448799133
test_02600,0.5839362144470215
test_02601,0.0028988600242882967
test_02602,0.23895154893398285
test_02603,0.08490362018346786
test_02604,1.6904550648177974e-06
test_02605,0.24249738454818726
test_02606,0.3956616520881653
test_02607,0.47378671169281006
test_02608,0.17144551873207092
test_02609,0.1559406965970993
test_02610,0.1654691845178604
test_02611,0.16346172988414764
test_02612,0.014176923781633377
test_02613,0.13331595063209534
test_02614,0.45107173919677734
test_02615,0.0010764745529741049
test_02616,0.3318505585193634
test_02617,0.12556378543376923
test_02618,0.5272605419158936
test_02619,0.8017128109931946
test_02620,0.0006852989899925888
test_02621,0.7921350598335266
test_02622,0.05180811882019043
test_02623,0.10705453157424927
test_02624,0.7920268774032593
test_02625,0.0037275550421327353
test_02626,0.43844762444496155
test_02627,0.1532474011182785
test_02628,0.18865855038166046
test_02629,0.0003849561035167426
test_02630,0.2951695919036865
test_02631,0.1162598580121994
test_02632,0.27582550048828125
test_02633,0.9205697178840637
test_02634,0.028231659904122353
test_02635,0.06215255334973335
test_02636,0.2245163470506668
test_02637,0.004081571474671364
test_02638,0.1689373403787613
test_02639,0.04012177884578705
test_02640,0.012339458800852299
test_02641,0.7787084579467773
test_02642,0.02325194701552391
test_02643,0.19809453189373016
test_02644,0.0005954720545560122
test_02645,0.218794584274292
test_02646,0.24034492671489716
test_02647,0.15047627687454224
test_02648,1.3087008483125828e-05
test_02649,0.4684197008609772
test_02650,0.20605921745300293
test_02651,0.21979282796382904
test_02652,0.41619765758514404
test_02653,0.3835673928260803
test_02654,0.4525769054889679
test_02655,0.008783171884715557
test_02656,0.004875403828918934
test_02657,0.1876237690448761
test_02658,0.2687208354473114
test_02659,0.37840521335601807
test_02660,0.25672176480293274
test_02661,0.7895494699478149
test_02662,0.005772195290774107
test_02663,0.11168870329856873
test_02664,0.10562355816364288
test_02665,0.2527218461036682
test_02666,0.1422690451145172
test_02667,0.37647706270217896
test_02668,0.03086581639945507
test_02669,0.28024253249168396
test_02670,0.04096440225839615
test_02671,0.005875050090253353
test_02672,0.02602439559996128
test_02673,0.4057765603065491
test_02674,0.3071233332157135
test_02675,0.09781108051538467
test_02676,0.6310392022132874
test_02677,0.16465112566947937
test_02678,0.241752028465271
test_02679,0.4037831127643585
test_02680,0.11667755991220474
test_02681,0.08178962767124176
test_02682,0.12922173738479614
test_02683,0.4511403441429138
test_02684,0.36923956871032715
test_02685,0.06907488405704498
test_02686,0.3353504538536072
test_02687,0.3417305052280426
test_02688,0.0018222565995529294
test_02689,0.07777774333953857
test_02690,0.11272606253623962
test_02691,0.34390315413475037
test_02692,0.423866331577301
test_02693,0.16796500980854034
test_02694,0.326580286026001
test_02695,0.3451445400714874
test_02696,0.5547389388084412
test_02697,0.0017348520923405886
test_02698,0.0944264605641365
test_02699,0.13148583471775055
test_02700,0.149840846657753
test_02701,0.0005460997344926
test_02702,0.03886675834655762
test_02703,0.002395401941612363
test_02704,0.02217850461602211
test_02705,0.24580393731594086
test_02706,0.17032484710216522
test_02707,0.5109361410140991
test_02708,0.325009822845459
test_02709,0.31598448753356934
test_02710,0.2551860511302948
test_02711,0.000492763239890337
test_02712,0.10442020744085312
test_02713,0.6426275968551636
test_02714,0.008875436149537563
test_02715,0.37174537777900696
test_02716,0.31075355410575867
test_02717,0.2827295958995819
test_02718,0.10496266931295395
test_02719,0.08236479014158249
test_02720,0.11087601631879807
test_02721,6.304068665485829e-05
test_02722,0.0344589427113533
test_02723,0.15973658859729767
test_02724,0.03038124181330204
test_02725,0.3413853943347931
test_02726,0.537129282951355
test_02727,0.35721462965011597
test_02728,0.00037572180735878646
test_02729,0.22329206764698029
test_02730,0.12383025139570236
test_02731,0.08109556138515472
test_02732,0.5075570940971375
test_02733,0.1376253366470337
test_02734,0.06687580794095993
test_02735,0.018801746889948845
test_02736,0.0932033509016037
test_02737,0.0018985692877322435
test_02738,0.48341846466064453
test_02739,0.2321418672800064
test_02740,0.020965756848454475
test_02741,0.02604866214096546
test_02742,0.2573767304420471
test_02743,0.4285150170326233
test_02744,0.0030782350804656744
test_02745,0.15714195370674133
test_02746,0.31316548585891724
test_02747,0.019292756915092468
test_02748,0.10278359800577164
test_02749,0.22912678122520447
test_02750,0.016745323315262794
test_02751,0.2002524733543396
test_02752,0.26982417702674866
test_02753,0.12155373394489288
test_02754,0.01658490113914013
test_02755,0.41184496879577637
test_02756,0.25765103101730347
test_02757,0.08906758576631546
test_02758,0.38133683800697327
test_02759,0.04851256683468819
test_02760,0.01903325878083706
test_02761,0.07988075911998749
test_02762,0.00017824138922151178
test_02763,0.0006892975070513785
test_02764,0.297938734292984
test_02765,0.13948337733745575
test_02766,0.20375820994377136
test_02767,0.012057897634804249
test_02768,0.361116886138916
test_02769,0.00010383420885773376
test_02770,0.22387808561325073
test_02771,0.03041791170835495
test_02772,0.007329356856644154
test_02773,0.07977847754955292
test_02774,0.0921054258942604
test_02775,0.011180256493389606
test_02776,0.25159886479377747
test_02777,0.30286625027656555
test_02778,0.31594961881637573
test_02779,0.46302658319473267
test_02780,0.12923254072666168
test_02781,0.2569311261177063
test_02782,0.26747366786003113
test_02783,0.23294343054294586
test_02784,8.540902490494773e-05
test_02785,0.009176292456686497
test_02786,0.09884186834096909
test_02787,0.0010607534786686301
test_02788,0.17273488640785217
test_02789,0.07459832727909088
test_02790,0.131729856133461
test_02791,0.4223797917366028
test_02792,0.1466546356678009
test_02793,0.4810044467449188
test_02794,0.2843655049800873
test_02795,0.560365617275238
test_02796,0.1824849247932434
test_02797,0.09685581177473068
test_02798,0.009583564475178719
test_02799,0.3091873228549957
test_02800,0.08013003319501877
test_02801,0.12342371046543121
test_02802,0.000577825412619859
test_02803,0.29048094153404236
test_02804,0.3100464940071106
test_02805,0.027993155643343925
test_02806,0.05242963507771492
test_02807,0.06297234445810318
test_02808,0.030641430988907814
test_02809,0.25162628293037415
test_02810,0.0016707024769857526
test_02811,0.0004420901241246611
test_02812,0.5486981868743896
test_02813,0.35899290442466736
test_02814,0.46786707639694214
test_02815,0.35643792152404785
test_02816,0.20793302357196808
test_02817,0.0021035391837358475
test_02818,0.0029072421602904797
test_02819,0.22534893453121185
test_02820,0.04931168630719185
test_02821,0.07238615304231644
test_02822,0.3975842297077179
test_02823,0.34727707505226135
test_02824,0.024481693282723427
test_02825,0.010929887183010578
test_02826,0.3623524606227875
test_02827,0.5727168917655945
test_02828,0.29748252034187317
test_02829,0.2991156578063965
test_02830,0.10779736191034317
test_02831,0.012790633365511894
test_02832,0.004037897568196058
test_02833,0.0881403461098671
test_02834,0.3095094859600067
test_02835,0.17886137962341309
test_02836,0.30851489305496216
test_02837,0.5685908198356628
test_02838,0.0024027021136134863
test_02839,0.5179963707923889
test_02840,0.2656065821647644
test_02841,0.2731272876262665
test_02842,0.6263696551322937
test_02843,0.05053732916712761
test_02844,0.0011272657429799438
test_02845,0.11726965755224228
test_02846,0.07219962775707245
test_02847,0.18052703142166138
test_02848,0.03127974644303322
test_02849,0.12567691504955292
test_02850,0.03333501145243645
test_02851,0.3741849362850189
test_02852,0.2054695039987564
test_02853,0.2514123320579529
test_02854,0.35588547587394714
test_02855,0.35222887992858887
test_02856,0.21533118188381195
test_02857,0.08482066541910172
test_02858,0.5176110863685608
test_02859,0.02405301108956337
test_02860,0.16791793704032898
test_02861,0.9453503489494324
test_02862,0.17117582261562347
test_02863,0.7104817032814026
test_02864,0.006374071817845106
test_02865,0.5886133909225464
test_02866,0.17670293152332306
test_02867,0.09348024427890778
test_02868,0.002425443846732378
test_02869,0.32028141617774963
test_02870,0.4582671821117401
test_02871,0.17019078135490417
test_02872,0.19685006141662598
test_02873,0.9767797589302063
test_02874,0.20145396888256073
test_02875,0.006505508907139301
test_02876,0.2197764813899994
test_02877,0.2654132843017578
test_02878,0.3382313549518585
test_02879,0.06465460360050201
test_02880,0.1297117918729782
test_02881,0.005756143480539322
test_02882,0.10419493913650513
test_02883,0.34997010231018066
test_02884,0.22341236472129822
test_02885,0.18592043220996857
test_02886,0.0246301107108593
test_02887,0.0002895454235840589
test_02888,3.989901961176656e-05
test_02889,0.20244552195072174
test_02890,0.0572015605866909
test_02891,0.023471564054489136
test_02892,0.016065429896116257
test_02893,0.09597742557525635
test_02894,0.035487741231918335
test_02895,0.11183691769838333
test_02896,0.08981471508741379
test_02897,0.0069388775154948235
test_02898,0.3919636309146881
test_02899,0.03200569748878479
test_02900,0.6210334897041321
test_02901,0.05063414201140404
test_02902,0.04161887243390083
test_02903,4.7186425945255905e-05
test_02904,0.13970725238323212
test_02905,0.47724151611328125
test_02906,0.4098217189311981
test_02907,0.03642560541629791
test_02908,0.3319939970970154
test_02909,0.2569696307182312
test_02910,6.912703975103796e-05
test_02911,2.1511845261557028e-05
test_02912,0.0039163618348538876
test_02913,0.0036964514292776585
test_02914,0.011061623692512512
test_02915,0.11083809286355972
test_02916,0.4116116762161255
test_02917,0.1675109565258026
test_02918,0.3104977011680603
test_02919,9.205970854964107e-05
test_02920,0.22565579414367676
test_02921,0.2755466103553772
test_02922,0.013041721656918526
test_02923,0.022581152617931366
test_02924,0.0021780075039714575
test_02925,0.03920091688632965
test_02926,0.027683788910508156
test_02927,0.11164458841085434
test_02928,0.17703279852867126
test_02929,0.0002351961302338168
test_02930,0.5118911266326904
test_02931,0.12394896149635315
test_02932,0.41063758730888367
test_02933,0.36811330914497375
test_02934,0.4282982647418976
test_02935,0.3732883036136627
test_02936,0.08675660938024521
test_02937,0.1305578649044037
test_02938,0.3002345860004425
test_02939,0.10846073925495148
test_02940,0.11106140911579132
test_02941,0.2757874131202698
test_02942,0.002898730104789138
test_02943,0.7765610218048096
test_02944,0.016870107501745224
test_02945,0.08639785647392273
test_02946,0.024937858805060387
test_02947,0.37485402822494507
test_02948,0.13158895075321198
test_02949,0.09557604789733887
test_02950,0.295407235622406
test_02951,0.005371701903641224
test_02952,0.029383482411503792
test_02953,0.4287276268005371
test_02954,0.48182421922683716
test_02955,0.19729934632778168
test_02956,0.03549576550722122
test_02957,0.0009206175454892218
test_02958,0.23317256569862366
test_02959,0.009130626916885376
test_02960,0.2950775623321533
test_02961,0.012334967032074928
test_02962,0.4203149676322937
test_02963,0.03260508179664612
test_02964,0.061585649847984314
test_02965,0.08836512267589569
test_02966,0.013362123630940914
test_02967,0.0034416476264595985
test_02968,0.4259214401245117
test_02969,0.35679084062576294
test_02970,0.17363744974136353
test_02971,0.35468223690986633
test_02972,0.301115483045578
test_02973,0.08634120970964432
test_02974,0.3124036192893982
test_02975,0.007535235490649939
test_02976,0.005945162381976843
test_02977,0.06090488284826279
test_02978,0.5709479451179504
test_02979,0.03711673244833946
test_02980,0.01702474057674408
test_02981,0.12935732305049896
test_02982,0.1032150536775589
test_02983,0.35265088081359863
test_02984,0.4259068965911865
test_02985,0.03170429542660713
test_02986,0.34887003898620605
test_02987,0.010351881384849548
test_02988,0.18373890221118927
test_02989,0.011478505097329617
test_02990,0.03309458866715431
test_02991,0.04958943650126457
test_02992,0.11298862099647522
test_02993,0.00022616746718995273
test_02994,0.44211915135383606
test_02995,0.00017452501924708486
test_02996,0.194664865732193
test_02997,0.3400365710258484
test_02998,0.02325218915939331
test_02999,0.735129177570343
test_03000,0.03830501064658165
test_03001,0.4790199100971222
test_03002,0.1991584599018097
test_03003,0.34302276372909546
test_03004,0.2850964367389679
test_03005,0.002920989179983735
test_03006,0.38925641775131226
test_03007,0.14122644066810608
test_03008,0.15631133317947388
test_03009,0.5006862282752991
test_03010,0.22466811537742615
test_03011,0.16934947669506073
test_03012,0.2553344964981079
test_03013,0.048573512583971024
test_03014,0.21047860383987427
test_03015,0.10442953556776047
test_03016,0.13618047535419464
test_03017,0.27643463015556335
test_03018,0.011135184206068516
test_03019,5.3742634918307886e-05
test_03020,0.4058477282524109
test_03021,0.016304802149534225
test_03022,0.3036826550960541
test_03023,0.13917003571987152
test_03024,0.20951323211193085
test_03025,3.73752300220076e-06
test_03026,0.0964803695678711
test_03027,0.008387851528823376
test_03028,0.10760100930929184
test_03029,0.0006524971104227006
test_03030,0.31195068359375
test_03031,0.36010026931762695
test_03032,0.2824873924255371
test_03033,0.17953062057495117
test_03034,0.46247100830078125
test_03035,0.44054025411605835
test_03036,0.3667990565299988
test_03037,0.42836904525756836
test_03038,0.00017581848078407347
test_03039,0.005392454098910093
test_03040,0.1591174453496933
test_03041,0.06079346314072609
test_03042,0.10186735540628433
test_03043,0.027933934703469276
test_03044,0.31055542826652527
test_03045,0.047166481614112854
test_03046,0.08398982137441635
test_03047,0.38130098581314087
test_03048,0.002661663107573986
test_03049,0.00964847207069397
test_03050,0.05236146226525307
test_03051,3.5765737266046926e-05
test_03052,0.28063255548477173
test_03053,0.25637805461883545
test_03054,0.4082936942577362
test_03055,0.4598182141780853
test_03056,0.3944271504878998
test_03057,0.0029600521083921194
test_03058,0.004423448815941811
test_03059,0.4880901277065277
test_03060,0.7667524218559265
test_03061,0.5296306014060974
test_03062,0.07215067744255066
test_03063,0.2788967490196228
test_03064,0.3651718497276306
test_03065,0.20885978639125824
test_03066,0.1862092912197113
test_03067,0.006214126478880644
test_03068,0.0038514446932822466
test_03069,0.002600016538053751
test_03070,0.14547531306743622
test_03071,0.2295009344816208
test_03072,0.5905581712722778
test_03073,0.0006352009368129075
test_03074,0.5188984870910645
test_03075,0.5240130424499512
test_03076,0.5243884921073914
test_03077,0.3820785582065582
test_03078,0.017238277941942215
test_03079,0.2513887286186218
test_03080,0.20543092489242554
test_03081,0.32354849576950073
test_03082,0.264462411403656
test_03083,0.46942606568336487
test_03084,0.17974333465099335
test_03085,0.40531739592552185
test_03086,0.021267134696245193
test_03087,0.3588804602622986
test_03088,0.1182275265455246
test_03089,0.33237141370773315
test_03090,0.4193575084209442
test_03091,0.6903253793716431
test_03092,0.0001993645855691284
test_03093,0.25152692198753357
test_03094,0.3143983781337738
test_03095,0.5990347266197205
test_03096,0.19182676076889038
test_03097,0.1365143209695816
test_03098,0.00710859103128314
test_03099,0.317880779504776
test_03100,0.13716350495815277
test_03101,0.5099620223045349
test_03102,0.10400903224945068
test_03103,0.06423543393611908
test_03104,0.41171175241470337
test_03105,3.938443842343986e-05
test_03106,0.26015326380729675
test_03107,0.17466463148593903
test_03108,0.1348884105682373
test_03109,0.002769513987004757
test_03110,0.0008619857835583389
test_03111,0.007501476909965277
test_03112,0.3599485754966736
test_03113,0.3976002633571625
test_03114,0.06475052982568741
test_03115,0.269532173871994
test_03116,0.3200507164001465
test_03117,0.009625207632780075
test_03118,0.22708214819431305
test_03119,0.5285965204238892
test_03120,0.008794387802481651
test_03121,0.005472078453749418
test_03122,0.4480523467063904
test_03123,0.3827907145023346
test_03124,0.24519380927085876
test_03125,0.4214310050010681
test_03126,0.004967712797224522
test_03127,0.29878395795822144
test_03128,0.00028186928830109537
test_03129,0.02761826477944851
test_03130,0.5077778100967407
test_03131,0.29599177837371826
test_03132,0.15715031325817108
test_03133,0.4164290428161621
test_03134,0.3105083107948303
test_03135,0.47782859206199646
test_03136,0.2887193262577057
test_03137,0.3687974810600281
test_03138,0.005663666874170303
test_03139,0.0029904977418482304
test_03140,0.14192432165145874
test_03141,0.293500155210495
test_03142,0.4911811649799347
test_03143,0.14748680591583252
test_03144,0.7567626237869263
test_03145,0.3339300751686096
test_03146,0.2552776634693146
test_03147,0.24457712471485138
test_03148,0.22388873994350433
test_03149,0.5919573903083801
test_03150,0.15943840146064758
test_03151,0.012401706539094448
test_03152,0.7018166184425354
test_03153,1.1937614772250527e-06
test_03154,0.34962406754493713
test_03155,0.0016735944664105773
test_03156,0.004088294692337513
test_03157,0.0006817120593041182
test_03158,0.5125381946563721
test_03159,0.5111424326896667
test_03160,0.020610803738236427
test_03161,0.12788908183574677
test_03162,0.14182636141777039
test_03163,0.06781817227602005
test_03164,0.28646963834762573
test_03165,0.00010872208076762035
test_03166,0.4027273654937744
test_03167,0.0007053397130221128
test_03168,0.001986816292628646
test_03169,0.00016499967023264617
test_03170,0.0006069890805520117
test_03171,0.25253692269325256
test_03172,0.13188952207565308
test_03173,0.2102670818567276
test_03174,0.015287226997315884
test_03175,0.3429264724254608
test_03176,0.5656698346138
test_03177,0.15200838446617126
test_03178,0.14147280156612396
test_03179,0.05806487426161766
test_03180,0.1578008383512497
test_03181,0.5014316439628601
test_03182,0.010707411915063858
test_03183,0.20189277827739716
test_03184,0.14207640290260315
test_03185,0.4631858170032501
test_03186,0.18896973133087158
test_03187,0.00028546430985443294
test_03188,0.19230854511260986
test_03189,0.38365378975868225
test_03190,0.32610341906547546
test_03191,0.0004691396898124367
test_03192,0.10368391126394272
test_03193,0.1265697181224823
test_03194,0.15453745424747467
test_03195,0.20045973360538483
test_03196,0.18204623460769653
test_03197,0.07682577520608902
test_03198,0.01087584812194109
test_03199,0.37274888157844543
test_03200,0.09564796090126038
test_03201,0.5004262924194336
test_03202,0.007301215082406998
test_03203,0.006600731052458286
test_03204,0.26493287086486816
test_03205,0.5301094651222229
test_03206,3.774640390474815e-06
test_03207,0.006609178613871336
test_03208,0.5218873023986816
test_03209,0.25228169560432434
test_03210,0.421144038438797
test_03211,0.0013878834433853626
test_03212,0.022857345640659332
test_03213,0.5467010140419006
test_03214,0.00017287179070990533
test_03215,0.1838897168636322
test_03216,0.0817480981349945
test_03217,0.006247031968086958
test_03218,0.3375253677368164
test_03219,0.33494216203689575
test_03220,0.06220489740371704
test_03221,0.06934665888547897
test_03222,0.011350113898515701
test_03223,0.2521739900112152
test_03224,0.9098169803619385
test_03225,0.5243280529975891
test_03226,0.0443035252392292
test_03227,0.12101016938686371
test_03228,0.27509045600891113
test_03229,1.9262735804659314e-05
test_03230,0.0522727444767952
test_03231,0.017078416422009468
test_03232,0.31274208426475525
test_03233,0.05006001144647598
test_03234,0.23698635399341583
test_03235,0.6282345056533813
test_03236,0.00020637642592191696
test_03237,0.1440979242324829
test_03238,0.31823965907096863
test_03239,0.03865782916545868
test_03240,0.025676677003502846
test_03241,0.7356024980545044
test_03242,0.004362220410257578
test_03243,0.0002288448449689895
test_03244,0.1942632645368576
test_03245,0.2790747284889221
test_03246,0.2729753255844116
test_03247,0.25999709963798523
test_03248,0.5851993560791016
test_03249,0.33720898628234863
test_03250,0.004516041371971369
test_03251,0.0006382663850672543
test_03252,0.017734704539179802
test_03253,0.5468774437904358
test_03254,0.06032601743936539
test_03255,0.049752626568078995
test_03256,0.5225287675857544
test_03257,0.024772925302386284
test_03258,0.2700270414352417
test_03259,0.29701095819473267
test_03260,0.003453100100159645
test_03261,0.0019468534737825394
test_03262,0.3713245689868927
test_03263,0.19941262900829315
test_03264,0.16263358294963837
test_03265,0.28783369064331055
test_03266,0.2967908978462219
test_03267,0.5373331308364868
test_03268,0.012439983896911144
test_03269,0.32494282722473145
test_03270,0.1786942034959793
test_03271,0.06562256813049316
test_03272,0.43029358983039856
test_03273,0.09236805140972137
test_03274,0.03886575251817703
test_03275,0.0029563349671661854
test_03276,0.003832498099654913
test_03277,0.0031157133635133505
test_03278,0.4120252728462219
test_03279,0.023775579407811165
test_03280,0.6687549948692322
test_03281,0.5525344014167786
test_03282,0.5109676718711853
test_03283,0.4074428677558899
test_03284,0.13555878400802612
test_03285,0.3244504928588867
test_03286,0.012500060722231865
test_03287,0.34468162059783936
test_03288,0.3573910892009735
test_03289,0.269252210855484
test_03290,0.2738017439842224
test_03291,0.06610974669456482
test_03292,0.1590925008058548
test_03293,0.1711011826992035
test_03294,0.39928150177001953
test_03295,0.03756165876984596
test_03296,0.09337393939495087
test_03297,0.08025315403938293
test_03298,0.0009635955793783069
test_03299,0.6095930933952332
test_03300,0.1326732486486435
test_03301,0.07132555544376373
test_03302,0.14776748418807983
test_03303,0.02881789766252041
test_03304,7.887548417784274e-05
test_03305,0.5092813968658447
test_03306,0.220844104886055
test_03307,0.19505809247493744
test_03308,0.9185225963592529
test_03309,0.18942181766033173
test_03310,0.6467030644416809
test_03311,0.021415330469608307
test_03312,0.5865666270256042
test_03313,0.00557654770091176
test_03314,0.01347106322646141
test_03315,0.03751644492149353
test_03316,0.17350326478481293
test_03317,0.3210218846797943
test_03318,0.1341983675956726
test_03319,0.29142576456069946
test_03320,0.39289990067481995
test_03321,0.0034251981414854527
test_03322,0.1198982372879982
test_03323,0.0977492481470108
test_03324,0.17302025854587555
test_03325,0.002688628388568759
test_03326,0.39301401376724243
test_03327,0.07168373465538025
test_03328,0.2353312373161316
test_03329,0.17323088645935059
test_03330,0.28371089696884155
test_03331,0.00017465288692619652
test_03332,0.25816968083381653
test_03333,0.16736888885498047
test_03334,0.321556031703949
test_03335,0.02869928814470768
test_03336,0.00048320263158529997
test_03337,0.01709938421845436
test_03338,0.12563060224056244
test_03339,0.4432078003883362
test_03340,0.22025617957115173
test_03341,0.000395633076550439
test_03342,0.36330094933509827
test_03343,0.25244322419166565
test_03344,0.4771254062652588
test_03345,0.0013276226818561554
test_03346,0.06942979991436005
test_03347,0.4291919469833374
test_03348,0.005574493203312159
test_03349,0.016713673248887062
test_03350,0.015848975628614426
test_03351,0.010405701585114002
test_03352,0.4611213505268097
test_03353,0.4505496025085449
test_03354,0.08491921424865723
test_03355,0.04902253672480583
test_03356,0.15640948712825775
test_03357,0.11344819515943527
test_03358,0.0008800828363746405
test_03359,0.6017389297485352
test_03360,0.20461027324199677
test_03361,0.31530970335006714
test_03362,0.04841853305697441
test_03363,0.3538101017475128
test_03364,0.3770873248577118
test_03365,0.37371504306793213
test_03366,0.4536927342414856
test_03367,0.36970391869544983
test_03368,0.5148506164550781
test_03369,0.006367524154484272
test_03370,0.2920837104320526
test_03371,0.015723444521427155
test_03372,0.08128517866134644
test_03373,0.00529451621696353
test_03374,0.10701745003461838
test_03375,0.03882009536027908
test_03376,0.04301219806075096
test_03377,0.5972284078598022
test_03378,0.012406491674482822
test_03379,0.29069051146507263
test_03380,0.9219819903373718
test_03381,0.36005496978759766
test_03382,0.12523184716701508
test_03383,0.1182887852191925
test_03384,0.198661208152771
test_03385,0.23657946288585663
test_03386,0.4612051248550415
test_03387,0.39135655760765076
test_03388,0.0436968095600605
test_03389,0.3438345789909363
test_03390,0.5373865365982056
test_03391,0.49964869022369385
test_03392,0.48252907395362854
test_03393,0.0021142098121345043
test_03394,0.22561107575893402
test_03395,0.32853424549102783
test_03396,0.1561121791601181
test_03397,0.0005739486077800393
test_03398,0.4327905476093292
test_03399,0.056696731597185135
test_03400,0.12467903643846512
test_03401,0.06502481549978256
test_03402,0.3184903562068939
test_03403,0.14200177788734436
test_03404,0.1570114940404892
test_03405,0.1807435154914856
test_03406,0.005445933900773525
test_03407,0.21501797437667847
test_03408,0.0032206850592046976
test_03409,0.14603517949581146
test_03410,0.2431308627128601
test_03411,0.2961876392364502
test_03412,0.0031507653184235096
test_03413,0.05352592468261719
test_03414,0.01591031812131405
test_03415,0.05222802609205246
test_03416,0.004366522189229727
test_03417,0.2621828317642212
test_03418,0.09069593995809555
test_03419,0.005134873557835817
test_03420,0.09741972386837006
test_03421,4.500916838878766e-05
test_03422,0.16149300336837769
test_03423,0.29877036809921265
test_03424,0.28902238607406616
test_03425,0.561427116394043
test_03426,0.019586440175771713
test_03427,0.18351641297340393
test_03428,0.015404390171170235
test_03429,0.2548171877861023
test_03430,0.19404616951942444
test_03431,0.16883371770381927
test_03432,0.009539126418530941
test_03433,0.5123865008354187
test_03434,0.002939459402114153
test_03435,0.37982800602912903
test_03436,3.6942925362382084e-05
test_03437,0.19175224006175995
test_03438,0.005325530655682087
test_03439,0.12785209715366364
test_03440,9.797908569453284e-05
test_03441,0.3863412141799927
test_03442,0.2938271760940552
test_03443,0.1989413946866989
test_03444,0.1339268982410431
test_03445,0.4400467276573181
test_03446,0.6271441578865051
test_03447,0.18385696411132812
test_03448,0.15593554079532623
test_03449,0.7656859755516052
test_03450,0.2517034113407135
test_03451,0.0792544037103653
test_03452,0.039230018854141235
test_03453,0.043641746044158936
test_03454,0.6230220794677734
test_03455,0.0005712348502129316
test_03456,0.16788038611412048
test_03457,0.22176985442638397
test_03458,0.0574592724442482
test_03459,0.11307478696107864
test_03460,0.0009576474549248815
test_03461,0.3476283848285675
test_03462,0.011940260417759418
test_03463,0.21873605251312256
test_03464,0.012528988532721996
test_03465,0.3041699528694153
test_03466,0.2974318265914917
test_03467,0.45961594581604004
test_03468,0.015721628442406654
test_03469,0.04187304899096489
test_03470,0.015715423971414566
test_03471,0.3000759780406952
test_03472,0.674649178981781
test_03473,0.2440248429775238
test_03474,0.7100602984428406
test_03475,0.5307278633117676
test_03476,0.011674239300191402
test_03477,0.14569753408432007
test_03478,3.3447056921431795e-05
test_03479,0.17171485722064972
test_03480,0.10564931482076645
test_03481,0.061059966683387756
test_03482,0.32877057790756226
test_03483,0.0001985187700483948
test_03484,0.28091683983802795
test_03485,0.1194601058959961
test_03486,0.1812504678964615
test_03487,0.1924586296081543
test_03488,0.2609231472015381
test_03489,0.7655505537986755
test_03490,0.021604349836707115
test_03491,0.0010693555232137442
test_03492,0.06909602880477905
test_03493,0.507053792476654
test_03494,0.0011707502417266369
test_03495,0.002008396200835705
test_03496,0.21038800477981567
test_03497,0.033131252974271774
test_03498,0.4854361116886139
test_03499,0.443657249212265
test_03500,0.2916940152645111
test_03501,0.010689581744372845
test_03502,0.3098390996456146
test_03503,0.03483609855175018
test_03504,0.21129003167152405
test_03505,0.0019861184991896152
test_03506,0.1451546549797058
test_03507,0.06476801633834839
test_03508,0.09186385571956635
test_03509,0.26766303181648254
test_03510,0.03512312099337578
test_03511,0.09489491581916809
test_03512,0.25746843218803406
test_03513,6.032198871253058e-05
test_03514,0.001191936549730599
test_03515,0.42702147364616394
test_03516,0.17820286750793457
test_03517,0.45971745252609253
test_03518,0.03068072907626629
test_03519,0.42493200302124023
test_03520,0.0007267915061675012
test_03521,0.0016374399419873953
test_03522,0.46071210503578186
test_03523,0.07805056124925613
test_03524,0.04495345056056976
test_03525,0.5279238224029541
test_03526,0.5903005003929138
test_03527,0.34225189685821533
test_03528,0.005035203415900469
test_03529,0.10984072089195251
test_03530,0.01712253876030445
test_03531,0.0020349244587123394
test_03532,0.467424213886261
test_03533,0.0034260188695043325
test_03534,0.7476023435592651
test_03535,0.13987252116203308
test_03536,0.1377669870853424
test_03537,0.08648473024368286
test_03538,0.0020682888571172953
test_03539,0.17569878697395325
test_03540,0.2820339798927307
test_03541,0.5400164723396301
test_03542,0.0534367598593235
test_03543,0.059994734823703766
test_03544,0.46348512172698975
test_03545,0.12730816006660461
test_03546,0.15626680850982666
test_03547,0.4330865740776062
test_03548,0.7863947153091431
test_03549,0.049336425960063934
test_03550,0.07728085666894913
test_03551,0.3411104083061218
test_03552,0.007365187630057335
test_03553,0.39352527260780334
test_03554,0.13733361661434174
test_03555,0.15395882725715637
test_03556,0.514035165309906
test_03557,0.7949295043945312
test_03558,0.0017123300349339843
test_03559,0.0006530579994432628
test_03560,0.2442614585161209
test_03561,0.2505267560482025
test_03562,0.27342671155929565
test_03563,0.5770326256752014
test_03564,0.3158684968948364
test_03565,0.32120510935783386
test_03566,0.0032249034848064184
test_03567,0.1895660161972046
test_03568,0.00046498162555508316
test_03569,0.25944337248802185
test_03570,0.12971603870391846
test_03571,0.0013125388650223613
test_03572,0.2640014886856079
test_03573,0.3494080901145935
test_03574,0.17721453309059143
test_03575,0.11429834365844727
test_03576,0.34100618958473206
test_03577,0.004414224997162819
test_03578,0.028210224583745003
test_03579,0.0005915532819926739
test_03580,0.3978118598461151
test_03581,0.0001419625768903643
test_03582,0.13240961730480194
test_03583,0.6059269905090332
test_03584,0.015132221393287182
test_03585,0.14907734096050262
test_03586,0.05287083238363266
test_03587,0.25213032960891724
test_03588,0.04875576123595238
test_03589,0.08904356509447098
test_03590,0.1622251719236374
test_03591,0.014689859002828598
test_03592,0.43432578444480896
test_03593,0.18487343192100525
test_03594,0.0047160787507891655
test_03595,0.23908905684947968
test_03596,0.07991600781679153
test_03597,0.0016498662298545241
test_03598,0.28971096873283386
test_03599,0.3642740249633789
test_03600,0.18148201704025269
test_03601,0.458528995513916
test_03602,0.005226383917033672
test_03603,0.4428781270980835
test_03604,0.9239763021469116
test_03605,0.1749342679977417
test_03606,0.001813792041502893
test_03607,1.3931461580796167e-05
test_03608,0.4450622797012329
test_03609,0.4078696072101593
test_03610,0.14838562905788422
test_03611,0.28836962580680847
test_03612,0.8528497815132141
test_03613,0.3762092888355255
test_03614,2.954999217763543e-05
test_03615,0.3843960165977478
test_03616,8.661216270411387e-06
test_03617,0.04732050374150276
test_03618,0.04824603348970413
test_03619,0.00016957834304776043
test_03620,0.3909021317958832
test_03621,0.1477329283952713
test_03622,0.6030942797660828
test_03623,0.03715835139155388
test_03624,0.41868874430656433
test_03625,0.16387662291526794
test_03626,0.18889325857162476
test_03627,0.34069889783859253
test_03628,9.029889770317823e-05
test_03629,0.3597928583621979
test_03630,0.004297198262065649
test_03631,0.025003982707858086
test_03632,0.24413888156414032
test_03633,0.0001621707051526755
test_03634,0.05076522380113602
test_03635,0.002894917968660593
test_03636,0.37275415658950806
test_03637,0.00111289881169796
test_03638,0.41990137100219727
test_03639,7.828985690139234e-05
test_03640,0.30873751640319824
test_03641,0.16116560995578766
test_03642,0.15201504528522491
test_03643,0.4035016596317291
test_03644,0.005494061391800642
test_03645,0.024671640247106552
test_03646,0.4251832664012909
test_03647,0.057791199535131454
test_03648,0.12026705592870712
test_03649,0.4376707673072815
test_03650,0.5340924859046936
test_03651,0.18467867374420166
test_03652,0.08852603286504745
test_03653,0.3469454050064087
test_03654,0.24331176280975342
test_03655,0.28715354204177856
test_03656,0.1945870816707611
test_03657,0.2413010150194168
test_03658,0.12434615939855576
test_03659,0.3695906698703766
test_03660,0.005076714791357517
test_03661,0.3240261673927307
test_03662,0.23614457249641418
test_03663,0.3319687843322754
test_03664,0.03230951726436615
test_03665,0.003695717314258218
test_03666,0.0175425224006176
test_03667,0.35796090960502625
test_03668,0.1029040589928627
test_03669,0.19599582254886627
test_03670,0.5010630488395691
test_03671,1.0139399364561541e-07
test_03672,0.3210788667201996
test_03673,0.10786214470863342
test_03674,0.24916067719459534
test_03675,0.386199951171875
test_03676,0.10651397705078125
test_03677,0.21717651188373566
test_03678,0.49190548062324524
test_03679,0.0010611508041620255
test_03680,0.3513321280479431
test_03681,0.038723625242710114
test_03682,0.41667723655700684
test_03683,0.4199816584587097
test_03684,0.4929317533969879
test_03685,0.0006785266450606287
test_03686,0.32438188791275024
test_03687,0.3352241814136505
test_03688,0.3443334996700287
test_03689,0.0003518036683090031
test_03690,0.14340445399284363
test_03691,0.41055867075920105
test_03692,0.09159769862890244
test_03693,0.21003760397434235
test_03694,0.4572994112968445
test_03695,0.00010447321983519942
test_03696,0.003839540760964155
test_03697,0.2094392031431198
test_03698,0.8763260841369629
test_03699,0.6359865665435791
test_03700,0.2167898565530777
test_03701,0.33220726251602173
test_03702,0.0004398175806272775
test_03703,0.008008447475731373
test_03704,0.00023056344070937485
test_03705,0.0009810073534026742
test_03706,0.000495255459100008
test_03707,0.2933633327484131
test_03708,0.12495165318250656
test_03709,0.6201896071434021
test_03710,0.10424812138080597
test_03711,0.05561917647719383
test_03712,0.530907928943634
test_03713,0.2986171245574951
test_03714,0.18504148721694946
test_03715,0.12224459648132324
test_03716,0.024798741564154625
test_03717,0.2549211084842682
test_03718,0.00023671287635806948
test_03719,0.4166564345359802
test_03720,0.00313141499646008
test_03721,0.00525627750903368
test_03722,0.0020370357669889927
test_03723,0.02968231961131096
test_03724,0.6215999126434326
test_03725,0.004820555914193392
test_03726,0.2901831269264221
test_03727,0.014675495214760303
test_03728,0.08769736438989639
test_03729,0.13967978954315186
test_03730,0.2015414834022522
test_03731,0.42470261454582214
test_03732,0.20925185084342957
test_03733,0.7058768272399902
test_03734,0.2641567587852478
test_03735,0.11052078753709793
test_03736,0.18756729364395142
test_03737,0.18425431847572327
test_03738,0.4479838013648987
test_03739,0.0783960148692131
test_03740,0.002533897291868925
test_03741,0.0049593569710850716
test_03742,0.0860959142446518
test_03743,0.1470152586698532
test_03744,0.1918521523475647
test_03745,0.4861051142215729
test_03746,0.292766809463501
test_03747,0.10612800717353821
test_03748,0.0037971839774399996
test_03749,0.20373235642910004
test_03750,0.37294164299964905
test_03751,0.07084206491708755
test_03752,0.3022204637527466
test_03753,0.45144352316856384
test_03754,0.03969636559486389
test_03755,0.15987828373908997
test_03756,0.09461527317762375
test_03757,0.06221884861588478
test_03758,0.039984796196222305
test_03759,0.0029406908433884382
test_03760,0.24394312500953674
test_03761,0.0679713636636734
test_03762,0.13763345777988434
test_03763,0.23159003257751465
test_03764,0.5958566665649414
test_03765,0.08678355813026428
test_03766,0.09787211567163467
test_03767,0.43600621819496155
test_03768,0.0018208883702754974
test_03769,0.03903254121541977
test_03770,0.6778867244720459
test_03771,0.5217171311378479
test_03772,0.10001921653747559
test_03773,0.09917941689491272
test_03774,0.004559769760817289
test_03775,0.3012249767780304
test_03776,0.26193541288375854
test_03777,0.003923747688531876
test_03778,0.24188090860843658
test_03779,0.004249598365277052
test_03780,2.3359307306236587e-05
test_03781,0.3070693612098694
test_03782,0.2094803750514984
test_03783,0.06976491957902908
test_03784,0.27829572558403015
test_03785,0.5828316807746887
test_03786,0.47148391604423523
test_03787,8.224698103731498e-05
test_03788,0.000827478535939008
test_03789,0.23656302690505981
test_03790,0.20434296131134033
test_03791,0.3664483428001404
test_03792,0.26538586616516113
test_03793,0.15656881034374237
test_03794,0.21028785407543182
test_03795,0.08491338044404984
test_03796,0.5155498385429382
test_03797,0.019165154546499252
test_03798,0.29706454277038574
test_03799,0.19827988743782043
test_03800,0.21094612777233124
test_03801,0.1561800092458725
test_03802,0.2990850508213043
test_03803,0.7448889017105103
test_03804,0.46714022755622864
test_03805,0.03114449232816696
test_03806,0.47854888439178467
test_03807,0.2762557864189148
test_03808,0.17871198058128357
test_03809,0.3818870782852173
test_03810,0.008281265385448933
test_03811,0.07885035127401352
test_03812,0.03257100284099579
test_03813,0.35453763604164124
test_03814,0.07039372622966766
test_03815,0.4645099639892578
test_03816,9.870048961602151e-05
test_03817,0.3882897198200226
test_03818,0.00031873409170657396
test_03819,0.3526775538921356
test_03820,0.30241575837135315
test_03821,0.14258907735347748
test_03822,0.041873831301927567
test_03823,0.07528360188007355
test_03824,0.06177796050906181
test_03825,0.18639452755451202
test_03826,0.3142695724964142
test_03827,0.020431360229849815
test_03828,0.07222854346036911
test_03829,0.15410782396793365
test_03830,0.3464241027832031
test_03831,0.06437812000513077
test_03832,0.05033886060118675
test_03833,0.02628621645271778
test_03834,0.008023617789149284
test_03835,0.36531341075897217
test_03836,6.763434794265777e-05
test_03837,0.09268943965435028
test_03838,0.030071672052145004
test_03839,0.23721104860305786
test_03840,0.4494890868663788
test_03841,0.3076399862766266
test_03842,0.011119474656879902
test_03843,0.15596887469291687
test_03844,0.004661776125431061
test_03845,0.7197532653808594
test_03846,0.2626967430114746
test_03847,3.753658529603854e-05
test_03848,0.2780381441116333
test_03849,0.03326328098773956
test_03850,0.38352635502815247
test_03851,0.3810761570930481
test_03852,0.00039673157152719796
test_03853,0.21019712090492249
test_03854,0.054624043405056
test_03855,0.09286541491746902
test_03856,0.03602093830704689
test_03857,0.0001199002581415698
test_03858,0.08910872042179108
test_03859,0.017561541870236397
test_03860,0.21495682001113892
test_03861,0.2353466898202896
test_03862,0.040552277117967606
test_03863,0.33238109946250916
test_03864,0.3203664720058441
test_03865,0.0016048371326178312
test_03866,0.2563074827194214
test_03867,0.29016241431236267
test_03868,0.005719712935388088
test_03869,0.28858351707458496
test_03870,0.08488522469997406
test_03871,0.0027356226928532124
test_03872,0.23730778694152832
test_03873,0.08342680335044861
test_03874,0.1351073682308197
test_03875,0.035301197320222855
test_03876,0.2999160885810852
test_03877,0.07335154712200165
test_03878,0.007865821942687035
test_03879,0.02877168543636799
test_03880,0.505383312702179
test_03881,0.00196790206246078
test_03882,0.025983544066548347
test_03883,0.05813968554139137
test_03884,0.4818689525127411
test_03885,0.044601354748010635
test_03886,0.362486869096756
test_03887,0.00987992063164711
test_03888,0.005440696608275175
test_03889,0.002189077204093337
test_03890,0.2060270458459854
test_03891,0.003852996276691556
test_03892,0.0036713299341499805
test_03893,0.17215195298194885
test_03894,0.14521099627017975
test_03895,0.14131943881511688
test_03896,0.04708132892847061
test_03897,0.4012986123561859
test_03898,0.0016837326111271977
test_03899,0.18045192956924438
test_03900,0.18528151512145996
test_03901,0.006889562588185072
test_03902,0.00528309028595686
test_03903,0.3977004587650299
test_03904,0.08281488716602325
test_03905,0.42918631434440613
test_03906,0.0027245564851909876
test_03907,0.574978232383728
test_03908,0.4624313414096832
test_03909,0.4566662311553955
test_03910,0.03731929883360863
test_03911,0.2561406195163727
test_03912,0.05130879953503609
test_03913,0.13775397837162018
test_03914,0.348638653755188
test_03915,0.07208762317895889
test_03916,0.011765711009502411
test_03917,0.39722082018852234
test_03918,0.5027082562446594
test_03919,0.18806128203868866
test_03920,0.4326735734939575
test_03921,0.03764010965824127
test_03922,0.05470173433423042
test_03923,0.47456368803977966
test_03924,0.444527804851532
test_03925,0.1468244194984436
test_03926,0.9000557661056519
test_03927,0.09230229258537292
test_03928,0.005425988230854273
test_03929,0.02433197759091854
test_03930,0.384695827960968
test_03931,0.4243801534175873
test_03932,0.013050495646893978
test_03933,0.072731614112854
test_03934,0.5620222091674805
test_03935,0.00261551677249372
test_03936,0.16841433942317963
test_03937,0.17348630726337433
test_03938,0.06329222023487091
test_03939,0.0005442340043373406
test_03940,0.11858467757701874
test_03941,0.20919743180274963
test_03942,0.15412434935569763
test_03943,0.11789995431900024
test_03944,0.7616572380065918
test_03945,0.11342629790306091
test_03946,0.10316359996795654
test_03947,0.06379806250333786
test_03948,0.2084684520959854
test_03949,0.002692220965400338
test_03950,0.18863371014595032
test_03951,0.016839347779750824
test_03952,0.14991721510887146
test_03953,0.10713017731904984
test_03954,0.12983641028404236
test_03955,0.2501801550388336
test_03956,0.013572506606578827
test_03957,0.03717869147658348
test_03958,0.2600601017475128
test_03959,0.2958424687385559
test_03960,0.18010938167572021
test_03961,0.2399388551712036
test_03962,0.2793089747428894
test_03963,0.02331421710550785
test_03964,0.06255516409873962
test_03965,0.03076273947954178
test_03966,0.5434373617172241
test_03967,0.025448160246014595
test_03968,0.4240737855434418
test_03969,0.2671048641204834
test_03970,0.0950983539223671
test_03971,0.06263919919729233
test_03972,0.08962346613407135
test_03973,0.12446369230747223
test_03974,0.33699893951416016
test_03975,0.06352288275957108
test_03976,0.47837695479393005
test_03977,0.1288105547428131
test_03978,0.10768517851829529
test_03979,0.05242280289530754
test_03980,0.5737008452415466
test_03981,0.37794870138168335
test_03982,0.3137982487678528
test_03983,0.6162315607070923
test_03984,0.029370421543717384
test_03985,0.05171758309006691
test_03986,0.0004012109129689634
test_03987,0.3238345980644226
test_03988,0.17197008430957794
test_03989,0.0005328883999027312
test_03990,0.06529662013053894
test_03991,0.010058829560875893
test_03992,0.1850963532924652
test_03993,0.11825171113014221
test_03994,0.05691984295845032
test_03995,0.2237471491098404
test_03996,0.17608435451984406
test_03997,0.0027191834524273872
test_03998,0.32263052463531494
test_03999,0.46456179022789
test_04000,0.01151813380420208
test_04001,0.1743941307067871
test_04002,0.20814979076385498
test_04003,0.012494305148720741
test_04004,0.30387723445892334
test_04005,2.3940421669976786e-05
test_04006,0.17237448692321777
test_04007,0.00016537327610421926
test_04008,0.2296592742204666
test_04009,0.127610445022583
test_04010,0.5283025503158569
test_04011,0.10858078300952911
test_04012,0.00043059096788056195
test_04013,0.03602760285139084
test_04014,0.5577008128166199
test_04015,0.15748029947280884
test_04016,0.010910105891525745
test_04017,0.1832524538040161
test_04018,0.4241548776626587
test_04019,0.001394891762174666
test_04020,0.4590417444705963
test_04021,0.27694106101989746
test_04022,0.018868211656808853
test_04023,0.277895987033844
test_04024,0.22589820623397827
test_04025,0.09888476878404617
test_04026,0.054726384580135345
test_04027,0.04944917932152748
test_04028,0.1716679483652115
test_04029,0.03156035393476486
test_04030,0.9917627573013306
test_04031,0.15735171735286713
test_04032,0.001107279909774661
test_04033,0.26691120862960815
test_04034,0.0887906402349472
test_04035,0.13993725180625916
test_04036,0.4963974058628082
test_04037,0.030208278447389603
test_04038,0.08580189943313599
test_04039,0.012848716229200363
test_04040,0.21244210004806519
test_04041,0.5060312151908875
test_04042,0.9503530859947205
test_04043,0.36827483773231506
test_04044,0.2941843867301941
test_04045,0.0357164666056633
test_04046,0.34640416502952576
test_04047,0.33613038063049316
test_04048,0.6626858115196228
test_04049,0.6558576226234436
test_04050,0.5105431079864502
test_04051,0.05648936331272125
test_04052,0.2959076464176178
test_04053,0.009740959852933884
test_04054,0.003883795812726021
test_04055,0.0039965203031897545
test_04056,0.2891736924648285
test_04057,0.0022780178114771843
test_04058,0.00023899154621176422
test_04059,0.362987756729126
test_04060,0.9849503040313721
test_04061,0.19037917256355286
test_04062,8.447760046692565e-05
test_04063,0.1818646639585495
test_04064,0.19307731091976166
test_04065,0.3094574213027954
test_04066,0.3368782699108124
test_04067,0.03734433278441429
test_04068,0.18084432184696198
test_04069,0.1783488392829895
test_04070,0.0015523607144132257
test_04071,0.07348717749118805
test_04072,0.0007698294357396662
test_04073,0.005232813768088818
test_04074,0.3832401633262634
test_04075,0.3023087680339813
test_04076,0.46284472942352295
test_04077,0.4577663242816925
test_04078,0.5195017457008362
test_04079,0.0015205338131636381
test_04080,0.639450192451477
test_04081,0.13750846683979034
test_04082,4.236829045112245e-05
test_04083,0.38016456365585327
test_04084,0.21269188821315765
test_04085,0.027222195640206337
test_04086,0.13861750066280365
test_04087,0.46607744693756104
test_04088,0.0671350508928299
test_04089,0.06820586323738098
test_04090,0.033222075551748276
test_04091,0.43902450799942017
test_04092,0.1416303515434265
test_04093,0.3118079602718353
test_04094,0.0007973140454851091
test_04095,0.5003933906555176
test_04096,0.004433861933648586
test_04097,0.19799348711967468
test_04098,1.7777134075913636e-07
test_04099,0.4942229390144348
test_04100,0.042756758630275726
test_04101,0.00411234050989151
test_04102,0.08292502909898758
test_04103,0.10830840468406677
test_04104,0.8260096311569214
test_04105,0.0010100159561261535
test_04106,3.2357183954445645e-05
test_04107,0.22673457860946655
test_04108,0.19092504680156708
test_04109,0.3547898232936859
test_04110,0.3382341265678406
test_04111,0.8267965316772461
test_04112,0.2533426880836487
test_04113,0.0001942955859703943
test_04114,0.0024392411578446627
test_04115,0.3507286310195923
test_04116,0.04947765916585922
test_04117,0.017579814419150352
test_04118,0.019343692809343338
test_04119,0.000138819741550833
test_04120,0.2121666520833969
test_04121,0.3175904154777527
test_04122,0.0748135969042778
test_04123,0.11292023211717606
test_04124,0.25028759241104126
test_04125,0.010141788981854916
test_04126,0.00010320254659745842
test_04127,0.0011195318074896932
test_04128,0.1658613532781601
test_04129,0.2973058521747589
test_04130,3.620519782998599e-05
test_04131,0.005854471120983362
test_04132,0.03567897528409958
test_04133,0.0009792415658012033
test_04134,0.009546983055770397
test_04135,0.1587163358926773
test_04136,0.27827146649360657
test_04137,0.2094062864780426
test_04138,0.271821528673172
test_04139,0.3827973008155823
test_04140,0.6901111602783203
test_04141,0.030155178159475327
test_04142,0.08169034868478775
test_04143,0.23031342029571533
test_04144,0.6914894580841064
test_04145,0.29750069975852966
test_04146,0.11761901527643204
test_04147,0.0073880041018128395
test_04148,0.03396030142903328
test_04149,0.040843117982149124
test_04150,0.10018068552017212
test_04151,0.05162743851542473
test_04152,0.30492037534713745
test_04153,0.08327264338731766
test_04154,0.005963349249213934
test_04155,0.2542911171913147
test_04156,0.25373193621635437
test_04157,0.19223417341709137
test_04158,0.2615601122379303
test_04159,0.2627553939819336
test_04160,0.1587904691696167
test_04161,0.4656272232532501
test_04162,0.22731800377368927
test_04163,9.694202162791044e-05
test_04164,0.08225736767053604
test_04165,0.7247463464736938
test_04166,0.028330326080322266
test_04167,0.0014719729078933597
test_04168,0.03738591820001602
test_04169,0.3855893909931183
test_04170,0.14627550542354584
test_04171,0.7057263851165771
test_04172,0.0010549980215728283
test_04173,0.05535242706537247
test_04174,0.524237871170044
test_04175,0.5729389786720276
test_04176,0.20700247585773468
test_04177,0.1194424033164978
test_04178,0.8032721281051636
test_04179,0.10095799714326859
test_04180,0.05054067075252533
test_04181,0.06939080357551575
test_04182,0.10495699197053909
test_04183,0.06892850250005722
test_04184,0.2000076323747635
test_04185,0.5374575257301331
test_04186,0.031122392043471336
test_04187,0.15734660625457764
test_04188,0.401910662651062
test_04189,0.44720596075057983
test_04190,0.49100497364997864
test_04191,0.4289834201335907
test_04192,0.02033592015504837
test_04193,0.18809697031974792
test_04194,0.130005344748497
test_04195,0.0007164296694099903
test_04196,0.35229405760765076
test_04197,0.2415255904197693
test_04198,0.026807310059666634
test_04199,0.19357989728450775
test_04200,0.3825875222682953
test_04201,0.18269214034080505
test_04202,0.4264581799507141
test_04203,0.5654057264328003
test_04204,0.21703258156776428
test_04205,0.0005922957789152861
test_04206,0.016593769192695618
test_04207,0.5515754222869873
test_04208,0.20522530376911163
test_04209,0.14644038677215576
test_04210,0.06851165741682053
test_04211,0.3995208740234375
test_04212,0.3898441195487976
test_04213,6.6642592173593584e-06
test_04214,0.13500824570655823
test_04215,0.2229524701833725
test_04216,0.003945033997297287
test_04217,0.6160932779312134
test_04218,0.01509429793804884
test_04219,0.30886000394821167
test_04220,0.07848809659481049
test_04221,0.42753705382347107
test_04222,0.32147184014320374
test_04223,0.5677039623260498
test_04224,0.021754121407866478
test_04225,0.3839893043041229
test_04226,0.3608415126800537
test_04227,0.17721588909626007
test_04228,0.22458665072917938
test_04229,0.0558793805539608
test_04230,0.15001393854618073
test_04231,0.19666174054145813
test_04232,0.2415279597043991
test_04233,0.035910043865442276
test_04234,0.13731861114501953
test_04235,0.20192408561706543
test_04236,0.3286645710468292
test_04237,0.5227476954460144
test_04238,0.038419175893068314
test_04239,0.0633842870593071
test_04240,0.28414469957351685
test_04241,0.03847016766667366
test_04242,0.6012295484542847
test_04243,0.011448423378169537
test_04244,0.03723262622952461
test_04245,0.08636483550071716
test_04246,0.28132638335227966
test_04247,0.3427359163761139
test_04248,0.28076523542404175
test_04249,0.07394998520612717
test_04250,0.0209944024682045
test_04251,0.07157573848962784
test_04252,0.13536196947097778
test_04253,0.00020730154938064516
test_04254,0.0002515649830456823
test_04255,0.1116381585597992
test_04256,0.3169160783290863
test_04257,0.0429227277636528
test_04258,0.044917769730091095
test_04259,0.10187655687332153
test_04260,0.13704167306423187
test_04261,0.21408453583717346
test_04262,0.1764622926712036
test_04263,0.006264197640120983
test_04264,0.06541656702756882
test_04265,0.6266851425170898
test_04266,0.26994940638542175
test_04267,0.0009098441223613918
test_04268,0.1425369381904602
test_04269,0.3196660578250885
test_04270,0.06945796310901642
test_04271,0.27338966727256775
test_04272,0.23365093767642975
test_04273,0.3251694142818451
test_04274,0.22745364904403687
test_04275,0.2271118015050888
test_04276,0.16835151612758636
test_04277,0.4883277714252472
test_04278,0.01564754731953144
test_04279,0.22093862295150757
test_04280,0.18475501239299774
test_04281,0.09069039672613144
test_04282,0.012685250490903854
test_04283,0.1335718035697937
test_04284,0.003252795897424221
test_04285,0.5544264316558838
test_04286,1.1189909855602309e-05
test_04287,0.49976277351379395
test_04288,0.006395513191819191
test_04289,0.4254476726055145
test_04290,0.6030893325805664
test_04291,0.10526672750711441
test_04292,0.2537679374217987
test_04293,0.4141201376914978
test_04294,0.1816386580467224
test_04295,0.3003207743167877
test_04296,0.29215821623802185
test_04297,0.8162087202072144
test_04298,0.2891644537448883
test_04299,7.077992631820962e-05
test_04300,0.04929910600185394
test_04301,0.05239422991871834
test_04302,0.3082720935344696
test_04303,0.16227921843528748
test_04304,0.7017254829406738
test_04305,0.642581045627594
test_04306,0.13018348813056946
test_04307,0.033763445913791656
test_04308,0.004040203057229519
test_04309,0.4630472660064697
test_04310,0.09559667855501175
test_04311,0.000450427207397297
test_04312,0.2222045361995697
test_04313,0.2069840282201767
test_04314,0.4031659960746765
test_04315,0.042492955923080444
test_04316,0.0002998749550897628
test_04317,0.17713439464569092
test_04318,0.1971840113401413
test_04319,8.344563440232378e-08
test_04320,0.14014844596385956
test_04321,0.3568635880947113
test_04322,0.4331038296222687
test_04323,0.002036980353295803
test_04324,0.1423494964838028
test_04325,0.029229244217276573
test_04326,0.4530905783176422
test_04327,0.647845447063446
test_04328,0.25173449516296387
test_04329,0.3147011697292328
test_04330,0.07079461216926575
test_04331,0.31523585319519043
test_04332,0.38337841629981995
test_04333,0.00012173652066849172
test_04334,0.02091090939939022
test_04335,0.0006824521697126329
test_04336,0.0064170784316957
test_04337,0.012460884638130665
test_04338,0.10060355812311172
test_04339,0.49473851919174194
test_04340,0.0631897896528244
test_04341,0.037367627024650574
test_04342,0.031607769429683685
test_04343,0.5089905858039856
test_04344,0.5236144065856934
test_04345,0.20447488129138947
test_04346,0.019808176904916763
test_04347,0.23863646388053894
test_04348,0.6743688583374023
test_04349,0.12844271957874298
test_04350,0.3857998847961426
test_04351,0.015296575613319874
test_04352,0.01840454526245594
test_04353,0.13871319591999054
test_04354,0.011121687479317188
test_04355,0.07788003981113434
test_04356,0.014924929477274418
test_04357,0.5174464583396912
test_04358,6.416821997845545e-05
test_04359,0.1467633843421936
test_04360,0.30757609009742737
test_04361,0.1471261829137802
test_04362,0.03450140729546547
test_04363,0.12669812142848969
test_04364,0.41024765372276306
test_04365,0.07169373333454132
test_04366,0.009552006609737873
test_04367,0.28580042719841003
test_04368,0.23578014969825745
test_04369,0.14187763631343842
test_04370,0.12573371827602386
test_04371,0.0422070138156414
test_04372,0.09548715502023697
test_04373,0.01077975146472454
test_04374,0.38811326026916504
test_04375,0.6814820170402527
test_04376,0.1871335655450821
test_04377,0.3278432786464691
test_04378,0.5084317922592163
test_04379,0.000519364548381418
test_04380,0.03958391025662422
test_04381,0.5165435671806335
test_04382,0.02776923216879368
test_04383,0.5288487076759338
test_04384,0.09286993741989136
test_04385,0.4462868869304657
test_04386,0.2348688840866089
test_04387,0.0003256993368268013
test_04388,0.00756090460345149
test_04389,0.13690416514873505
test_04390,0.14491374790668488
test_04391,0.05363299325108528
test_04392,0.016573790460824966
test_04393,0.5822991132736206
test_04394,0.05654481425881386
test_04395,0.2854671776294708
test_04396,0.25369250774383545
test_04397,0.2658219337463379
test_04398,0.010728070512413979
test_04399,0.30267786979675293
test_04400,0.0028156209737062454
test_04401,0.00013611160102300346
test_04402,0.4475174844264984
test_04403,0.3376750946044922
test_04404,0.06968709826469421
test_04405,0.146732360124588
test_04406,0.07499542832374573
test_04407,0.006242578383535147
test_04408,0.11245135962963104
test_04409,0.4545298218727112
test_04410,0.35326892137527466
test_04411,0.006838321685791016
test_04412,0.04242957755923271
test_04413,0.18187151849269867
test_04414,0.16999493539333344
test_04415,0.018215887248516083
test_04416,0.12465613335371017
test_04417,0.012580002658069134
test_04418,0.07991079986095428
test_04419,0.027934523299336433
test_04420,0.0004133371985517442
test_04421,0.6208564043045044
test_04422,0.002357938326895237
test_04423,0.4513271450996399
test_04424,0.22749003767967224
test_04425,0.03998987376689911
test_04426,0.5928846597671509
test_04427,0.30504682660102844
test_04428,0.2580254077911377
test_04429,0.5681409239768982
test_04430,0.11757133901119232
test_04431,0.35659995675086975
test_04432,0.04756356403231621
test_04433,3.13957134494558e-05
test_04434,0.6062132716178894
test_04435,0.428532212972641
test_04436,1.1118288966827095e-05
test_04437,0.1437363177537918
test_04438,0.15006910264492035
test_04439,0.31371960043907166
test_04440,0.20166803896427155
test_04441,0.15016353130340576
test_04442,0.533058226108551
test_04443,0.005249129608273506
test_04444,0.550993025302887
test_04445,0.5546022653579712
test_04446,0.0013217610539868474
test_04447,0.015594616532325745
test_04448,7.017298776190728e-05
test_04449,0.3282100260257721
test_04450,0.1559770554304123
test_04451,0.0019223876297473907
test_04452,0.12139415740966797
test_04453,0.6563197374343872
test_04454,0.30498117208480835
test_04455,0.3613203465938568
test_04456,0.014435866847634315
test_04457,0.36027640104293823
test_04458,0.4755529761314392
test_04459,0.0155795868486166
test_04460,0.02322755940258503
test_04461,0.004326117690652609
test_04462,0.2047378122806549
test_04463,0.600350558757782
test_04464,0.4547153115272522
test_04465,0.17531047761440277
test_04466,0.00819062814116478
test_04467,0.30242758989334106
test_04468,0.0026803724467754364
test_04469,0.028701283037662506
test_04470,0.19083856046199799
test_04471,0.2772101163864136
test_04472,0.03097935952246189
test_04473,0.16899500787258148
test_04474,0.0007517349440604448
test_04475,0.025136057287454605
test_04476,0.00043916149297729135
test_04477,0.40099385380744934
test_04478,0.044235486537218094
test_04479,0.5268756747245789
test_04480,0.6018787026405334
test_04481,0.10061541944742203
test_04482,0.01731683500111103
test_04483,0.14518122375011444
test_04484,0.10764667391777039
test_04485,0.16609378159046173
test_04486,0.010312489233911037
test_04487,0.0021493101958185434
test_04488,0.15553586184978485
test_04489,0.005950854625552893
test_04490,0.19802330434322357
test_04491,0.07344337552785873
test_04492,0.17791616916656494
test_04493,0.19287656247615814
test_04494,0.4838569164276123
test_04495,0.16366632282733917
test_04496,0.011625715531408787
test_04497,0.029147004708647728
test_04498,0.09243213385343552
test_04499,0.09612920135259628
test_04500,0.37075093388557434
test_04501,0.0007447436801157892
test_04502,0.4053795337677002
test_04503,0.006630184128880501
test_04504,0.0653342455625534
test_04505,0.14153189957141876
test_04506,0.6680921912193298
test_04507,0.08325515687465668
test_04508,0.23351401090621948
test_04509,0.0036276697646826506
test_04510,0.008831053972244263
test_04511,0.39061009883880615
test_04512,0.11997563391923904
test_04513,0.02810712531208992
test_04514,0.3177027702331543
test_04515,0.06991074979305267
test_04516,0.21858076751232147
test_04517,0.1316920518875122
test_04518,0.0004996586358174682
test_04519,0.47638705372810364
test_04520,0.002188971033319831
test_04521,0.10707820951938629
test_04522,0.11285523325204849
test_04523,0.036405131220817566
test_04524,0.2809731662273407
test_04525,0.27498459815979004
test_04526,0.5035903453826904
test_04527,0.08501935750246048
test_04528,0.10231878608465195
test_04529,0.16337545216083527
test_04530,0.23463714122772217
test_04531,0.11996795982122421
test_04532,0.015405156649649143
test_04533,0.022346673533320427
test_04534,0.023671116679906845
test_04535,0.5265173316001892
test_04536,0.0022213852498680353
test_04537,0.39539676904678345
test_04538,0.26678237318992615
test_04539,0.5633826851844788
test_04540,0.2974090278148651
test_04541,0.13189689815044403
test_04542,0.2730349600315094
test_04543,2.127035622834228e-05
test_04544,0.37328529357910156
test_04545,0.61423259973526
test_04546,0.3019673228263855
test_04547,0.39429888129234314
test_04548,0.17904134094715118
test_04549,0.0064397528767585754
test_04550,0.4668842852115631
test_04551,0.13351699709892273
test_04552,0.09166184812784195
test_04553,0.20705585181713104
test_04554,0.38990718126296997
test_04555,0.22593098878860474
test_04556,0.43022558093070984
test_04557,0.3561403453350067
test_04558,0.03828713297843933
test_04559,0.0027282421942800283
test_04560,1.0214143912889995e-05
test_04561,0.05101065710186958
test_04562,0.47121965885162354
test_04563,0.2314479500055313
test_04564,3.1087677143659675e-06
test_04565,0.012326988391578197
test_04566,0.0031547846738249063
test_04567,0.31036800146102905
test_04568,0.05266903340816498
test_04569,0.6228259205818176
test_04570,0.013517865911126137
test_04571,0.0003503159969113767
test_04572,0.7209678888320923
test_04573,0.48981642723083496
test_04574,0.5633176565170288
test_04575,0.0018044138560071588
test_04576,0.47657161951065063
test_04577,0.06002172827720642
test_04578,0.06445623189210892
test_04579,0.20077119767665863
test_04580,0.03277948126196861
test_04581,0.009078381583094597
test_04582,0.0025391948875039816
test_04583,0.008705259300768375
test_04584,0.3917902708053589
test_04585,0.08424364775419235
test_04586,0.002003345638513565
test_04587,0.35265052318573
test_04588,0.4026423394680023
test_04589,0.07336922734975815
test_04590,0.15099769830703735
test_04591,0.31796520948410034
test_04592,0.1973215639591217
test_04593,0.2707921266555786
test_04594,0.22957268357276917
test_04595,0.31281375885009766
test_04596,0.008073667995631695
test_04597,0.14995034039020538
test_04598,0.01818520948290825
test_04599,0.40773430466651917
test_04600,0.013235077261924744
test_04601,0.05725903436541557
test_04602,0.4724826514720917
test_04603,0.6354071497917175
test_04604,0.12529684603214264
test_04605,0.39255836606025696
test_04606,0.1403273344039917
test_04607,0.053271811455488205
test_04608,0.05973348394036293
test_04609,0.4066897928714752
test_04610,0.05447911471128464
test_04611,0.9570775628089905
test_04612,0.08367919921875
test_04613,0.17788223922252655
test_04614,0.6572688817977905
test_04615,0.1040099635720253
test_04616,0.35475632548332214
test_04617,0.029996389523148537
test_04618,0.2863304018974304
test_04619,0.13337908685207367
test_04620,0.32310375571250916
test_04621,0.21259155869483948
test_04622,0.07772806286811829
test_04623,0.8047298192977905
test_04624,0.35127967596054077
test_04625,0.4423951208591461
test_04626,0.0006611993885599077
test_04627,0.002752698725089431
test_04628,0.4571472406387329
test_04629,0.6248995065689087
test_04630,0.22880379855632782
test_04631,0.11489350348711014
test_04632,0.08487240970134735
test_04633,0.4270579218864441
test_04634,0.3107640743255615
test_04635,0.40526264905929565
test_04636,0.21902801096439362
test_04637,0.32574424147605896
test_04638,0.22691668570041656
test_04639,0.321239173412323
test_04640,0.5857506990432739
test_04641,0.4113089144229889
test_04642,0.31650009751319885
test_04643,0.2776471972465515
test_04644,0.14050054550170898
test_04645,0.36301326751708984
test_04646,0.015643611550331116
test_04647,0.2987486720085144
test_04648,0.37566766142845154
test_04649,0.4046827554702759
test_04650,0.008278015069663525
test_04651,0.38625091314315796
test_04652,0.00033299290225841105
test_04653,0.05843709036707878
test_04654,0.34769368171691895
test_04655,0.24440616369247437
test_04656,0.000130799351609312
test_04657,0.9388948678970337
test_04658,0.028686756268143654
test_04659,0.363855242729187
test_04660,0.08252592384815216
test_04661,0.00729035772383213
test_04662,0.015100608579814434
test_04663,0.15218907594680786
test_04664,0.2255944311618805
test_04665,0.32043465971946716
test_04666,0.003908723592758179
test_04667,0.4020746350288391
test_04668,0.004262837115675211
test_04669,0.33848536014556885
test_04670,0.29105499386787415
test_04671,0.2782701253890991
test_04672,0.022071463987231255
test_04673,0.38215693831443787
test_04674,0.16785426437854767
test_04675,0.01689482480287552
test_04676,0.05293426290154457
test_04677,0.6400061249732971
test_04678,0.47624099254608154
test_04679,0.41318479180336
test_04680,0.01575499400496483
test_04681,0.04859907180070877
test_04682,0.17875505983829498
test_04683,0.005474214907735586
test_04684,0.2637717127799988
test_04685,0.6570459604263306
test_04686,0.00039538764394819736
test_04687,0.010636928491294384
test_04688,0.2275054007768631
test_04689,0.6902695894241333
test_04690,0.09354352205991745
test_04691,0.04396110773086548
test_04692,5.1301125495228916e-05
test_04693,0.5377005338668823
test_04694,0.542151153087616
test_04695,8.139297278830782e-06
test_04696,0.1678832322359085
test_04697,0.145699605345726
test_04698,0.03977002575993538
test_04699,0.1381826400756836
test_04700,0.21868474781513214
test_04701,0.11514602601528168
test_04702,0.05617701634764671
test_04703,0.17646566033363342
test_04704,0.004948587156832218
test_04705,0.23288686573505402
test_04706,5.405236152000725e-07
test_04707,0.2630053758621216
test_04708,0.06563309580087662
test_04709,0.412018358707428
test_04710,0.2624898850917816
test_04711,0.440106600522995
test_04712,0.010782629251480103
test_04713,0.4141017496585846
test_04714,0.48935216665267944
test_04715,0.35763460397720337
test_04716,2.3657372594243498e-07
test_04717,0.00033075822284445167
test_04718,0.16338610649108887
test_04719,0.036490220576524734
test_04720,0.21087148785591125
test_04721,0.22270500659942627
test_04722,0.05340968072414398
test_04723,0.4811302423477173
test_04724,0.09009528160095215
test_04725,0.15762272477149963
test_04726,0.4592738151550293
test_04727,0.6908354759216309
test_04728,0.4225904941558838
test_04729,0.10139399021863937
test_04730,0.0006618485203944147
test_04731,0.15092521905899048
test_04732,0.5527243614196777
test_04733,0.00042316465987823904
test_04734,0.21576035022735596
test_04735,0.12219205498695374
test_04736,0.004524407908320427
test_04737,0.19367705285549164
test_04738,0.47002071142196655
test_04739,0.08557140827178955
test_04740,0.4051569104194641
test_04741,0.7158511281013489
test_04742,0.05041026696562767
test_04743,0.2328570932149887
test_04744,0.21731510758399963
test_04745,0.10661517083644867
test_04746,0.392642617225647
test_04747,0.10311828553676605
test_04748,0.25019270181655884
test_04749,0.1607174277305603
test_04750,0.25667843222618103
test_04751,0.2402239292860031
test_04752,0.12933750450611115
test_04753,0.3326694071292877
test_04754,0.029898682609200478
test_04755,0.30371251702308655
test_04756,7.968440331751481e-05
test_04757,0.06513374298810959
test_04758,0.00018973062105942518
test_04759,0.27080315351486206
test_04760,0.35701051354408264
test_04761,0.4376504421234131
test_04762,0.002079115714877844
test_04763,0.28537896275520325
test_04764,0.34739044308662415
test_04765,0.2206411212682724
test_04766,0.03427913039922714
test_04767,0.552241861820221
test_04768,0.42635491490364075
test_04769,0.007966146804392338
test_04770,0.041835106909275055
test_04771,0.0003808060719165951
test_04772,0.011010132730007172
test_04773,0.2661721408367157
test_04774,0.0031672646291553974
test_04775,0.22430534660816193
test_04776,0.23615789413452148
test_04777,0.1461893916130066
test_04778,0.0010693402728065848
test_04779,0.008809263817965984
test_04780,0.11181306838989258
test_04781,0.12321102619171143
test_04782,0.0004336889542173594
test_04783,0.3385502099990845
test_04784,0.015825867652893066
test_04785,0.1873774528503418
test_04786,0.002372326096519828
test_04787,0.022851265966892242
test_04788,0.05624758452177048
test_04789,0.01795811764895916
test_04790,0.10791489481925964
test_04791,0.0690268948674202
test_04792,0.3465937376022339
test_04793,0.0759589746594429
test_04794,0.4044289290904999
test_04795,0.09862881898880005
test_04796,0.1986931413412094
test_04797,0.45043912529945374
test_04798,0.09985559433698654
test_04799,0.23487964272499084
test_04800,0.9037973880767822
test_04801,0.30141159892082214
test_04802,0.12845897674560547
test_04803,0.3261626064777374
test_04804,0.03171403333544731
test_04805,0.40629449486732483
test_04806,0.6069350838661194
test_04807,0.4170354902744293
test_04808,0.1100359708070755
test_04809,0.04298927262425423
test_04810,0.11256023496389389
test_04811,0.020945584401488304
test_04812,0.0012165704974904656
test_04813,0.7605097889900208
test_04814,0.015161383897066116
test_04815,0.5183011293411255
test_04816,0.3660252094268799
test_04817,0.002944629406556487
test_04818,0.11331785470247269
test_04819,0.6481844782829285
test_04820,0.0367225781083107
test_04821,0.5978226661682129
test_04822,0.08752766996622086
test_04823,0.3944109380245209
test_04824,0.00013937827316112816
test_04825,0.07502980530261993
test_04826,0.048931531608104706
test_04827,0.16711317002773285
test_04828,0.4359414279460907
test_04829,0.043356139212846756
test_04830,0.18504822254180908
test_04831,0.044792257249355316
test_04832,0.36416393518447876
test_04833,0.005945793818682432
test_04834,0.10948298126459122
test_04835,0.026710083708167076
test_04836,0.10658899694681168
test_04837,0.280977338552475
test_04838,0.4639475643634796
test_04839,0.18451456725597382
test_04840,0.0017834429163485765
test_04841,0.449618935585022
test_04842,0.2402224987745285
test_04843,0.05492947995662689
test_04844,1.3249558833194897e-05
test_04845,0.8477583527565002
test_04846,0.2823505103588104
test_04847,0.20679956674575806
test_04848,0.1391279101371765
test_04849,0.06450292468070984
test_04850,0.4539160430431366
test_04851,0.19018468260765076
test_04852,0.08438026160001755
test_04853,0.10157525539398193
test_04854,0.19553518295288086
test_04855,0.9648827910423279
test_04856,0.14105209708213806
test_04857,0.14068344235420227
test_04858,0.6580817103385925
test_04859,0.2782214879989624
test_04860,0.04479542747139931
test_04861,0.000739396782591939
test_04862,0.025856848806142807
test_04863,0.15574561059474945
test_04864,0.1719244420528412
test_04865,0.0037381360307335854
test_04866,0.305094838142395
test_04867,0.25096428394317627
test_04868,0.056100133806467056
test_04869,0.1221579760313034
test_04870,0.1705811470746994
test_04871,0.07606886327266693
test_04872,0.4145094156265259
test_04873,0.1889025717973709
test_04874,0.1322622448205948
test_04875,0.13307888805866241
test_04876,0.4080519676208496
test_04877,0.3685837686061859
test_04878,0.48591548204421997
test_04879,0.4827341139316559
test_04880,0.2117348313331604
test_04881,0.10611636191606522
test_04882,0.3222651481628418
test_04883,0.44157764315605164
test_04884,0.37491199374198914
test_04885,0.01641944982111454
test_04886,0.6188758015632629
test_04887,0.2510695457458496
test_04888,0.07983141392469406
test_04889,0.2799617648124695
test_04890,0.09627310931682587
test_04891,0.04963479936122894
test_04892,0.02177407592535019
test_04893,0.5323888659477234
test_04894,0.0034389025531709194
test_04895,0.0002485730219632387
test_04896,0.01153687946498394
test_04897,0.07515489310026169
test_04898,0.07288531959056854
test_04899,0.00011983899457845837
test_04900,0.151263028383255
test_04901,0.3624936044216156
test_04902,0.03447430953383446
test_04903,0.25905898213386536
test_04904,0.4301403760910034
test_04905,0.11696802824735641
test_04906,0.4615207314491272
test_04907,0.09630292654037476
test_04908,0.6062220931053162
test_04909,0.5472367405891418
test_04910,0.05811653286218643
test_04911,0.5150880217552185
test_04912,0.041797030717134476
test_04913,0.2831617295742035
test_04914,0.19343285262584686
test_04915,0.736704409122467
test_04916,3.817486503976397e-05
test_04917,0.31462645530700684
test_04918,0.3298759460449219
test_04919,0.2660318911075592
test_04920,0.03012983500957489
test_04921,0.0506790354847908
test_04922,4.4954693294130266e-05
test_04923,0.10449757426977158
test_04924,0.3299706280231476
test_04925,0.2776915729045868
test_04926,0.24505016207695007
test_04927,2.3666513015996316e-07
test_04928,0.003264492144808173
test_04929,0.11884181201457977
test_04930,0.5627899169921875
test_04931,0.3361824154853821
test_04932,0.05213651806116104
test_04933,0.9161795973777771
test_04934,0.29368048906326294
test_04935,0.0023417240008711815
test_04936,0.30697107315063477
test_04937,0.003814635332673788
test_04938,0.03832366317510605
test_04939,0.3152443766593933
test_04940,0.0010187163716182113
test_04941,0.03988465666770935
test_04942,0.026368221268057823
test_04943,0.609676718711853
test_04944,0.19884565472602844
test_04945,0.03142809867858887
test_04946,0.00012025074101984501
test_04947,0.009599963203072548
test_04948,0.2189183533191681
test_04949,0.31796368956565857
test_04950,0.33079925179481506
test_04951,0.42678016424179077
test_04952,0.6401921510696411
test_04953,0.3877069056034088
test_04954,0.13649620115756989
test_04955,0.3267563581466675
test_04956,0.2188628762960434
test_04957,0.04212918505072594
test_04958,0.028461243957281113
test_04959,0.37796929478645325
test_04960,0.16985873878002167
test_04961,0.06896476447582245
test_04962,0.013439586386084557
test_04963,0.27859175205230713
test_04964,0.2178380787372589
test_04965,0.0014380497159436345
test_04966,0.0020854531321674585
test_04967,0.2253483086824417
test_04968,0.06987407803535461
test_04969,0.029676152393221855
test_04970,0.5912352204322815
test_04971,0.18009714782238007
test_04972,0.0014434658223763108
test_04973,0.13984563946723938
test_04974,0.011316805146634579
test_04975,1.6590746554356883e-06
test_04976,0.10464329272508621
test_04977,0.03161630034446716
test_04978,0.10306894034147263
test_04979,0.0748128741979599
test_04980,0.32473960518836975
test_04981,0.28429412841796875
test_04982,0.3078679144382477
test_04983,0.1294814497232437
test_04984,0.2856937050819397
test_04985,0.3282952606678009
test_04986,0.41245949268341064
test_04987,0.0002045240835286677
test_04988,8.54383542900905e-05
test_04989,0.031119998544454575
test_04990,0.34033337235450745
test_04991,0.0107284439727664
test_04992,0.015983454883098602
test_04993,0.4145627021789551
test_04994,0.06238272413611412
test_04995,0.12263496220111847
test_04996,0.008467393927276134
test_04997,0.0035940532106906176
test_04998,0.3660818040370941
test_04999,0.3068918287754059
test_05000,0.11671644449234009
test_05001,0.4621003270149231
test_05002,0.04935890808701515
test_05003,0.6575909852981567
test_05004,0.3185645639896393
test_05005,0.05023084208369255
test_05006,0.09675478935241699
test_05007,0.3605887293815613
test_05008,0.15488101541996002
test_05009,0.2714098393917084
test_05010,0.3635653257369995
test_05011,0.24784530699253082
test_05012,0.557624340057373
test_05013,0.41892483830451965
test_05014,0.5749833583831787
test_05015,0.3593675494194031
test_05016,0.2306685596704483
test_05017,0.11730276793241501
test_05018,0.31081902980804443
test_05019,0.258728951215744
test_05020,0.3198462724685669
test_05021,0.4774792790412903
test_05022,0.084419846534729
test_05023,0.39298465847969055
test_05024,0.41783303022384644
test_05025,0.011337358504533768
test_05026,0.04832204431295395
test_05027,0.3886643052101135
test_05028,0.4145786166191101
test_05029,0.27986806631088257
test_05030,0.0839901715517044
test_05031,0.034664593636989594
test_05032,0.16434231400489807
test_05033,0.4954591989517212
test_05034,0.2634146213531494
test_05035,0.07469768822193146
test_05036,0.11194740980863571
test_05037,0.13469499349594116
test_05038,0.0015392936766147614
test_05039,0.10588658601045609
test_05040,0.154631108045578
test_05041,0.505681037902832
test_05042,0.1717388778924942
test_05043,0.5509718656539917
test_05044,0.3146989941596985
test_05045,0.228230819106102
test_05046,0.0003706852439790964
test_05047,0.5441735982894897
test_05048,0.020911211147904396
test_05049,0.1640947014093399
test_05050,0.2533245384693146
test_05051,0.4111127555370331
test_05052,0.04936828091740608
test_05053,0.13596650958061218
test_05054,0.00030430156039074063
test_05055,0.2522204518318176
test_05056,0.48132359981536865
test_05057,0.42368122935295105
test_05058,0.49009230732917786
test_05059,0.42801156640052795
test_05060,0.40406373143196106
test_05061,0.8608117699623108
test_05062,0.0012472395319491625
test_05063,0.4013128876686096
test_05064,0.2934213876724243
test_05065,0.04294118657708168
test_05066,0.4022974371910095
test_05067,0.05571155995130539
test_05068,0.5014111399650574
test_05069,0.04171540215611458
test_05070,0.3073909282684326
test_05071,0.04711673781275749
test_05072,0.16223792731761932
test_05073,0.1869092583656311
test_05074,0.3117024600505829
test_05075,0.020141977816820145
test_05076,0.2645852565765381
test_05077,0.0005008330335840583
test_05078,0.4483812153339386
test_05079,0.01980576291680336
test_05080,0.26716849207878113
test_05081,1.6873489585123025e-05
test_05082,0.011367329396307468
test_05083,0.447573184967041
test_05084,0.09830955415964127
test_05085,0.022328196093440056
test_05086,0.3758034408092499
test_05087,0.22885586321353912
test_05088,0.18470776081085205
test_05089,0.26726752519607544
test_05090,0.29456114768981934
test_05091,0.06327339261770248
test_05092,0.06841160356998444
test_05093,0.08853313326835632
test_05094,0.45578598976135254
test_05095,0.561076283454895
test_05096,0.0750926211476326
test_05097,0.37059450149536133
test_05098,0.019776422530412674
test_05099,0.5178576707839966
test_05100,0.000336138007696718
test_05101,0.26870983839035034
test_05102,0.008027835749089718
test_05103,0.16077882051467896
test_05104,1.5712568028902751e-06
test_05105,0.33230194449424744
test_05106,0.08860285580158234
test_05107,0.1452816128730774
test_05108,0.2025648057460785
test_05109,0.001052326406352222
test_05110,0.24001121520996094
test_05111,0.4000406563282013
test_05112,0.32378143072128296
test_05113,0.3410995900630951
test_05114,0.29601913690567017
test_05115,0.00629477109760046
test_05116,0.4358678460121155
test_05117,0.1619008183479309
test_05118,0.46179333329200745
test_05119,0.2406594306230545
test_05120,0.46737852692604065
test_05121,0.16283449530601501
test_05122,0.22107097506523132
test_05123,0.14157706499099731
test_05124,0.004342664498835802
test_05125,0.6061094999313354
test_05126,0.3238130509853363
test_05127,0.12169596552848816
test_05128,0.013625063933432102
test_05129,0.3674659729003906
test_05130,0.12945660948753357
test_05131,0.09732960909605026
test_05132,0.08520754426717758
test_05133,0.09965210407972336
test_05134,0.1965962052345276
test_05135,0.2687011957168579
test_05136,0.7457216382026672
test_05137,0.27490976452827454
test_05138,0.6317548155784607
test_05139,0.6897172927856445
test_05140,0.11563751101493835
test_05141,0.14245133101940155
test_05142,0.3750329613685608
test_05143,0.36450642347335815
test_05144,0.4223862588405609
test_05145,0.015173407271504402
test_05146,0.47347474098205566
test_05147,0.2103542536497116
test_05148,0.45842719078063965
test_05149,0.05089796707034111
test_05150,0.4048803746700287
test_05151,0.31795039772987366
test_05152,0.3809860050678253
test_05153,0.010687075555324554
test_05154,0.01421890314668417
test_05155,0.13105158507823944
test_05156,0.5399715900421143
test_05157,0.05138733237981796
test_05158,0.4730067253112793
test_05159,0.0625825971364975
test_05160,0.25089550018310547
test_05161,0.012278559617698193
test_05162,0.10216174274682999
test_05163,0.00240143621340394
test_05164,0.13671153783798218
test_05165,0.09541124105453491
test_05166,0.3289354145526886
test_05167,0.8147518038749695
test_05168,0.42910775542259216
test_05169,0.3903578221797943
test_05170,7.182519038906321e-05
test_05171,0.43309837579727173
test_05172,0.4451481103897095
test_05173,0.7824326157569885
test_05174,0.41115930676460266
test_05175,0.09896013140678406
test_05176,0.004223453812301159
test_05177,0.39933985471725464
test_05178,0.10134486854076385
test_05179,0.04159259796142578
test_05180,0.13762933015823364
test_05181,0.1577761322259903
test_05182,0.0003493702970445156
test_05183,0.48777300119400024
test_05184,0.4662908613681793
test_05185,0.01506695244461298
test_05186,0.10218045115470886
test_05187,0.3339700400829315
test_05188,0.451997309923172
test_05189,0.16248619556427002
test_05190,0.3145289123058319
test_05191,0.21189944446086884
test_05192,0.055469442158937454
test_05193,0.000492607825435698
test_05194,0.288442999124527
test_05195,0.4038393795490265
test_05196,0.00016408090596087277
test_05197,0.00026429176796227694
test_05198,0.13661548495292664
test_05199,0.46273621916770935
test_05200,0.16283771395683289
test_05201,0.5426666736602783
test_05202,0.025392495095729828
test_05203,0.12551024556159973
test_05204,0.0007759746513329446
test_05205,0.0317876823246479
test_05206,0.2869938015937805
test_05207,0.17303462326526642
test_05208,0.009420876391232014
test_05209,0.012727686204016209
test_05210,0.5663759112358093
test_05211,0.34689798951148987
test_05212,0.2996179461479187
test_05213,0.11132413148880005
test_05214,0.016232572495937347
test_05215,0.2859286963939667
test_05216,0.3155202865600586
test_05217,0.22415588796138763
test_05218,0.493671178817749
test_05219,0.21507814526557922
test_05220,0.24270547926425934
test_05221,0.00013866745575796813
test_05222,0.00476945610716939
test_05223,0.12491375207901001
test_05224,0.11257799714803696
test_05225,0.07010411471128464
test_05226,0.00043707143049687147
test_05227,0.12767918407917023
test_05228,0.45354506373405457
test_05229,0.13769984245300293
test_05230,0.04874236881732941
test_05231,0.17024855315685272
test_05232,0.005245284177362919
test_05233,0.26494741439819336
test_05234,0.2727237641811371
test_05235,0.7082556486129761
test_05236,0.17306259274482727
test_05237,0.9952079653739929
test_05238,0.0008780419593676925
test_05239,0.08695962280035019
test_05240,0.14947247505187988
test_05241,0.04192269966006279
test_05242,0.23926658928394318
test_05243,0.06952621042728424
test_05244,0.2717931866645813
test_05245,0.4653848111629486
test_05246,0.039939891546964645
test_05247,0.0896364375948906
test_05248,0.038734376430511475
test_05249,0.37008023262023926
test_05250,0.10054390132427216
test_05251,0.5389071702957153
test_05252,0.22919012606143951
test_05253,0.00045903169666416943
test_05254,0.2566509246826172
test_05255,0.2506198585033417
test_05256,0.08079591393470764
test_05257,0.03717494755983353
test_05258,0.31655579805374146
test_05259,4.665232700062916e-05
test_05260,0.4194738566875458
test_05261,0.22693797945976257
test_05262,0.4798726737499237
test_05263,0.15044613182544708
test_05264,0.29381877183914185
test_05265,0.0012140347389504313
test_05266,0.3225013017654419
test_05267,0.05816604197025299
test_05268,0.057955302298069
test_05269,0.4378446638584137
test_05270,0.004478182177990675
test_05271,0.27675187587738037
test_05272,0.23824144899845123
test_05273,0.23541012406349182
test_05274,0.20841674506664276
test_05275,0.3927287459373474
test_05276,0.3874896168708801
test_05277,0.023674720898270607
test_05278,0.31808018684387207
test_05279,0.0001190804541693069
test_05280,0.03981754183769226
test_05281,0.8774810433387756
test_05282,0.000649001041892916
test_05283,0.3658815920352936
test_05284,0.02513066492974758
test_05285,0.3683340847492218
test_05286,0.27945083379745483
test_05287,0.010385265573859215
test_05288,0.062184061855077744
test_05289,0.4151448607444763
test_05290,0.13492754101753235
test_05291,0.0015085528139024973
test_05292,0.020062660798430443
test_05293,0.00018116987484972924
test_05294,0.16628648340702057
test_05295,0.5501166582107544
test_05296,0.007245676591992378
test_05297,0.0012578244786709547
test_05298,0.003920361399650574
test_05299,0.24155524373054504
test_05300,0.3835781216621399
test_05301,0.19893603026866913
test_05302,0.0023091083858162165
test_05303,0.16935177147388458
test_05304,0.023009371012449265
test_05305,0.5040491223335266
test_05306,0.369521826505661
test_05307,0.2208738774061203
test_05308,0.3721674978733063
test_05309,0.0009781407425180078
test_05310,0.06389161199331284
test_05311,0.6599944829940796
test_05312,0.09285736083984375
test_05313,0.03284401446580887
test_05314,0.2566734850406647
test_05315,0.004482656717300415
test_05316,0.39847758412361145
test_05317,0.1262480616569519
test_05318,0.2212754189968109
test_05319,0.09357166290283203
test_05320,0.31689879298210144
test_05321,0.3968864679336548
test_05322,0.4530493915081024
test_05323,0.45756426453590393
test_05324,0.7462902665138245
test_05325,0.2422194480895996
test_05326,0.3229581117630005
test_05327,0.35939353704452515
test_05328,0.017865657806396484
test_05329,0.10519866645336151
test_05330,0.1266750991344452
test_05331,0.003426328068599105
test_05332,0.1279880255460739
test_05333,0.19311951100826263
test_05334,0.3686521351337433
test_05335,0.07663863897323608
test_05336,0.5355743169784546
test_05337,0.03030259534716606
test_05338,0.4944658875465393
test_05339,0.2155093401670456
test_05340,0.062496840953826904
test_05341,0.24282719194889069
test_05342,0.00021223616204224527
test_05343,0.27103108167648315
test_05344,0.1926061511039734
test_05345,0.0005004698759876192
test_05346,0.030675580725073814
test_05347,0.0007320274016819894
test_05348,0.48895034193992615
test_05349,0.01154466811567545
test_05350,0.0350428931415081
test_05351,0.24312226474285126
test_05352,0.07328365743160248
test_05353,0.22892872989177704
test_05354,0.00826265662908554
test_05355,0.4685174524784088
test_05356,0.004696036223322153
test_05357,0.5375186800956726
test_05358,0.07960908859968185
test_05359,0.00328374607488513
test_05360,0.0021976325660943985
test_05361,0.6707274317741394
test_05362,0.24787084758281708
test_05363,0.019658582285046577
test_05364,0.07811444997787476
test_05365,0.03348954766988754
test_05366,0.07045134902000427
test_05367,0.002452265005558729
test_05368,0.1433154195547104
test_05369,0.0012901157606393099
test_05370,0.9342493414878845
test_05371,0.01325948629528284
test_05372,0.2718196511268616
test_05373,0.27397647500038147
test_05374,0.27413487434387207
test_05375,0.00020298155141063035
test_05376,0.28180378675460815
test_05377,0.3823225796222687
test_05378,0.034858692437410355
test_05379,0.29937323927879333
test_05380,0.003957382403314114
test_05381,0.06676457822322845
test_05382,0.3950513005256653
test_05383,0.028049219399690628
test_05384,0.06746211647987366
test_05385,0.006073871161788702
test_05386,0.24708247184753418
test_05387,0.5618448257446289
test_05388,0.43302202224731445
test_05389,0.0022419823799282312
test_05390,0.17001459002494812
test_05391,0.7640763521194458
test_05392,0.2924771010875702
test_05393,0.010945981368422508
test_05394,0.20663221180438995
test_05395,0.347381055355072
test_05396,0.17637047171592712
test_05397,0.46945422887802124
test_05398,0.05587637051939964
test_05399,0.26543939113616943
test_05400,0.26539307832717896
test_05401,0.4847218990325928
test_05402,0.08248315006494522
test_05403,0.2543319761753082
test_05404,0.12707597017288208
test_05405,0.03992708772420883
test_05406,0.0007655475637875497
test_05407,0.02327028103172779
test_05408,0.10776758193969727
test_05409,0.008020324632525444
test_05410,0.5460346937179565
test_05411,0.07609277963638306
test_05412,0.730251669883728
test_05413,0.00412951223552227
test_05414,0.0004778684233315289
test_05415,0.030478352680802345
test_05416,0.06031893938779831
test_05417,0.17133550345897675
test_05418,0.11096414923667908
test_05419,0.04492855444550514
test_05420,0.13225866854190826
test_05421,0.5068690776824951
test_05422,0.040390800684690475
test_05423,0.1890614628791809
test_05424,0.0031357405241578817
test_05425,0.10688962787389755
test_05426,0.1475575715303421
test_05427,0.0006319982931017876
test_05428,0.6472069025039673
test_05429,0.035576917231082916
test_05430,0.48901990056037903
test_05431,0.146741583943367
test_05432,0.28923025727272034
test_05433,0.14559945464134216
test_05434,0.27922630310058594
test_05435,0.053438253700733185
test_05436,0.06480216979980469
test_05437,0.28890472650527954
test_05438,0.016324346885085106
test_05439,0.017133887857198715
test_05440,0.08445355296134949
test_05441,0.30721205472946167
test_05442,0.13179537653923035
test_05443,0.03757385537028313
test_05444,0.003520759055390954
test_05445,0.05981268733739853
test_05446,0.0003921002789866179
test_05447,0.22315557301044464
test_05448,0.6500343084335327
test_05449,0.0011617224663496017
test_05450,0.575753927230835
test_05451,0.5307097434997559
test_05452,0.4314570426940918
test_05453,0.0024128202348947525
test_05454,0.15021948516368866
test_05455,0.07831127196550369
test_05456,4.11092842114158e-05
test_05457,0.0002710003172978759
test_05458,0.46524307131767273
test_05459,0.00035491681774146855
test_05460,0.5122746229171753
test_05461,0.26705601811408997
test_05462,0.3901660740375519
test_05463,0.1110023483633995
test_05464,0.37100741267204285
test_05465,0.29265451431274414
test_05466,0.6420632004737854
test_05467,0.06082204729318619
test_05468,0.4946019947528839
test_05469,0.00015683722449466586
test_05470,0.02498735301196575
test_05471,0.02869577147066593
test_05472,0.41899657249450684
test_05473,0.05223141238093376
test_05474,0.006438865326344967
test_05475,0.22914640605449677
test_05476,0.009503224864602089
test_05477,0.2095956951379776
test_05478,0.42178675532341003
test_05479,0.3438233733177185
test_05480,0.020823640748858452
test_05481,0.2204643338918686
test_05482,0.05494453385472298
test_05483,0.5726035833358765
test_05484,0.005441782996058464
test_05485,0.4155929684638977
test_05486,0.47776666283607483
test_05487,0.5309110283851624
test_05488,0.39633747935295105
test_05489,0.01107391994446516
test_05490,0.0548783503472805
test_05491,0.36563852429389954
test_05492,0.14969708025455475
test_05493,0.15347395837306976
test_05494,0.0017803192604333162
test_05495,0.3466407060623169
test_05496,0.26792171597480774
test_05497,0.0598885677754879
test_05498,0.0908750593662262
test_05499,0.08662770688533783
test_05500,0.09044463187456131
test_05501,0.0077718570828437805
test_05502,0.002989556873217225
test_05503,0.1354764848947525
test_05504,0.3662413954734802
test_05505,0.40103864669799805
test_05506,0.24751242995262146
test_05507,0.004736717324703932
test_05508,0.0012678999919444323
test_05509,0.06290459632873535
test_05510,0.5900975465774536
test_05511,0.443193644285202
test_05512,0.00859848689287901
test_05513,0.044967662543058395
test_05514,0.13721653819084167
test_05515,0.004746683873236179
test_05516,0.021787216886878014
test_05517,0.01559443399310112
test_05518,0.0001413992140442133
test_05519,0.045213859528303146
test_05520,0.509517252445221
test_05521,0.45022815465927124
test_05522,0.02143068052828312
test_05523,0.24747160077095032
test_05524,0.531286895275116
test_05525,0.02553214505314827
test_05526,0.07406545430421829
test_05527,0.03632533550262451
test_05528,0.007788462098687887
test_05529,0.859524130821228
test_05530,0.6482592225074768
test_05531,0.12141432613134384
test_05532,0.37990590929985046
test_05533,0.025178834795951843
test_05534,0.4338705539703369
test_05535,0.06150489300489426
test_05536,0.5211365818977356
test_05537,0.9788239002227783
test_05538,0.01949351280927658
test_05539,0.45923998951911926
test_05540,0.20214666426181793
test_05541,0.3907696306705475
test_05542,0.38466811180114746
test_05543,0.01036571990698576
test_05544,0.018470318987965584
test_05545,0.022246411070227623
test_05546,0.4309500753879547
test_05547,0.08076854050159454
test_05548,0.04115491360425949
test_05549,0.22157789766788483
test_05550,0.012074545957148075
test_05551,0.10474284738302231
test_05552,0.01656205952167511
test_05553,0.4005773961544037
test_05554,0.5054098963737488
test_05555,0.1806308478116989
test_05556,0.04995431378483772
test_05557,0.6434078216552734
test_05558,0.1523953527212143
test_05559,0.0002175232657464221
test_05560,0.6444247364997864
test_05561,0.25158557295799255
test_05562,0.14482228457927704
test_05563,0.434732586145401
test_05564,0.001449726871214807
test_05565,0.5659112930297852
test_05566,0.08838064223527908
test_05567,0.5229771733283997
test_05568,0.5266063809394836
test_05569,0.4496830105781555
test_05570,0.3882341682910919
test_05571,0.0278458371758461
test_05572,0.005192524753510952
test_05573,0.43337932229042053
test_05574,0.27419406175613403
test_05575,0.004329734016209841
test_05576,0.42918258905410767
test_05577,0.012519198469817638
test_05578,0.21390751004219055
test_05579,8.390083166887052e-06
test_05580,0.09013421833515167
test_05581,0.17318423092365265
test_05582,0.06445572525262833
test_05583,0.0001909624261315912
test_05584,0.28721410036087036
test_05585,0.418827623128891
test_05586,0.37412741780281067
test_05587,0.005196472629904747
test_05588,0.14226633310317993
test_05589,0.008430163376033306
test_05590,0.17696811258792877
test_05591,0.30164968967437744
test_05592,0.07889043539762497
test_05593,0.4603576064109802
test_05594,0.5331377387046814
test_05595,0.5009230971336365
test_05596,0.07503633946180344
test_05597,0.021449988707900047
test_05598,0.44316366314888
test_05599,0.015586433932185173
test_05600,0.49037477374076843
test_05601,0.5766062140464783
test_05602,0.11596091836690903
test_05603,0.2726781666278839
test_05604,0.9952625036239624
test_05605,0.5561987161636353
test_05606,0.12767958641052246
test_05607,0.19641615450382233
test_05608,0.038954053074121475
test_05609,0.1086655706167221
test_05610,0.07771129906177521
test_05611,0.15488195419311523
test_05612,0.006241525523364544
test_05613,0.006345403380692005
test_05614,0.5194788575172424
test_05615,0.00949864275753498
test_05616,0.1577804982662201
test_05617,0.0618642196059227
test_05618,0.038016725331544876
test_05619,0.014422392472624779
test_05620,0.19296175241470337
test_05621,9.260736260330305e-05
test_05622,0.06222626194357872
test_05623,0.2589961588382721
test_05624,0.40182793140411377
test_05625,0.08445053547620773
test_05626,0.25396838784217834
test_05627,0.07221309095621109
test_05628,0.09908443689346313
test_05629,0.03389860317111015
test_05630,0.14559301733970642
test_05631,0.0011582401348277926
test_05632,0.2534487247467041
test_05633,0.6928014755249023
test_05634,0.05965737625956535
test_05635,0.0010505605023354292
test_05636,0.02030074968934059
test_05637,0.4938022494316101
test_05638,0.2991676330566406
test_05639,0.21724580228328705
test_05640,0.22767017781734467
test_05641,0.0867050290107727
test_05642,0.0005198332946747541
test_05643,0.17599722743034363
test_05644,0.4148807227611542
test_05645,0.22256790101528168
test_05646,0.33098748326301575
test_05647,0.14978735148906708
test_05648,0.0018802761333063245
test_05649,0.015024864114820957
test_05650,0.19946226477622986
test_05651,0.23560075461864471
test_05652,0.09225945174694061
test_05653,0.024483468383550644
test_05654,0.5852307677268982
test_05655,0.5256786942481995
test_05656,0.10704772919416428
test_05657,0.404392808675766
test_05658,0.2415464073419571
test_05659,0.06879417598247528
test_05660,0.10734320431947708
test_05661,0.26789072155952454
test_05662,0.08182773739099503
test_05663,0.27270907163619995
test_05664,0.12478883564472198
test_05665,0.3156355619430542
test_05666,0.016198525205254555
test_05667,0.1387842446565628
test_05668,0.18556614220142365
test_05669,0.25382065773010254
test_05670,0.14305414259433746
test_05671,0.24802683293819427
test_05672,0.10542645305395126
test_05673,0.06425532698631287
test_05674,0.2172892987728119
test_05675,0.21388527750968933
test_05676,0.011727062985301018
test_05677,0.025524217635393143
test_05678,5.8887417253572494e-05
test_05679,0.2400549203157425
test_05680,0.08278193324804306
test_05681,0.015774177387356758
test_05682,0.040783219039440155
test_05683,0.061701491475105286
test_05684,0.03499707579612732
test_05685,0.172254279255867
test_05686,0.3062402009963989
test_05687,0.010628226213157177
test_05688,0.02515639178454876
test_05689,0.043601930141448975
test_05690,0.03702046349644661
test_05691,0.0676179751753807
test_05692,0.42862170934677124
test_05693,0.7167561054229736
test_05694,0.20037567615509033
test_05695,0.002811473561450839
test_05696,0.25769203901290894
test_05697,0.19698643684387207
test_05698,0.002132257679477334
test_05699,0.22749806940555573
test_05700,0.6541778445243835
test_05701,0.844552218914032
test_05702,0.23407433927059174
test_05703,0.4603883922100067
test_05704,0.12472959607839584
test_05705,0.1896989792585373
test_05706,0.14177082479000092
test_05707,0.04949452728033066
test_05708,0.0001805910433176905
test_05709,0.3349839150905609
test_05710,0.4387223422527313
test_05711,0.2861223518848419
test_05712,0.12108165770769119
test_05713,0.03260383382439613
test_05714,0.36215969920158386
test_05715,0.38650277256965637
test_05716,0.7087446451187134
test_05717,0.23064199090003967
test_05718,0.27189308404922485
test_05719,0.03066449612379074
test_05720,0.0011282433988526464
test_05721,0.0755104273557663
test_05722,0.42998772859573364
test_05723,0.007637127302587032
test_05724,0.19153475761413574
test_05725,0.30715110898017883
test_05726,0.0004698593693319708
test_05727,0.3041228652000427
test_05728,0.3445141017436981
test_05729,0.23742131888866425
test_05730,0.5679378509521484
test_05731,0.00195301603525877
test_05732,2.0959636458428577e-05
test_05733,0.27274787425994873
test_05734,0.30488473176956177
test_05735,0.0002815851185005158
test_05736,0.059655096381902695
test_05737,0.13546934723854065
test_05738,0.20211222767829895
test_05739,0.004011531360447407
test_05740,0.34570980072021484
test_05741,0.2608621418476105
test_05742,0.27018091082572937
test_05743,0.0012920782901346684
test_05744,0.14599061012268066
test_05745,0.2339676022529602
test_05746,0.08089736849069595
test_05747,0.42834508419036865
test_05748,0.06685596704483032
test_05749,0.22785060107707977
test_05750,0.007928285747766495
test_05751,0.01337114255875349
test_05752,0.0005100205889903009
test_05753,0.21763475239276886
test_05754,0.12377758324146271
test_05755,0.240759938955307
test_05756,0.02479550614953041
test_05757,0.39665910601615906
test_05758,0.03570679575204849
test_05759,0.4249185621738434
test_05760,0.32035377621650696
test_05761,0.3321530520915985
test_05762,0.03888266906142235
test_05763,0.353402316570282
test_05764,0.22448018193244934
test_05765,0.5021275281906128
test_05766,0.3397905230522156
test_05767,0.08836235851049423
test_05768,0.08534718304872513
test_05769,0.03274797275662422
test_05770,0.6010235548019409
test_05771,0.9370957016944885
test_05772,0.2650206983089447
test_05773,0.10101284086704254
test_05774,0.050343092530965805
test_05775,0.07632069289684296
test_05776,6.818636029493064e-05
test_05777,0.26066115498542786
test_05778,0.1672092229127884
test_05779,0.3610699474811554
test_05780,0.3544023036956787
test_05781,0.4441455900669098
test_05782,0.0019302194705232978
test_05783,0.4586673676967621
test_05784,0.4857463836669922
test_05785,0.1854906678199768
test_05786,0.39854496717453003
test_05787,0.4306889474391937
test_05788,0.6143240928649902
test_05789,0.111148402094841
test_05790,0.028279703110456467
test_05791,0.23241513967514038
test_05792,0.12978917360305786
test_05793,0.044952619820833206
test_05794,0.02926720678806305
test_05795,0.077019102871418
test_05796,0.4644077718257904
test_05797,0.2206379920244217
test_05798,0.25195369124412537
test_05799,0.009574390947818756
test_05800,0.14968237280845642
test_05801,0.15954020619392395
test_05802,0.08915384113788605
test_05803,0.4570399820804596
test_05804,0.2564125955104828
test_05805,0.729345440864563
test_05806,0.20490849018096924
test_05807,0.011586921289563179
test_05808,0.04562591761350632
test_05809,0.1873140186071396
test_05810,0.045682311058044434
test_05811,0.35503849387168884
test_05812,0.2743774354457855
test_05813,0.0432647168636322
test_05814,0.459162175655365
test_05815,0.13727819919586182
test_05816,0.0003658068599179387
test_05817,0.13367830216884613
test_05818,0.4048008322715759
test_05819,0.42876288294792175
test_05820,0.009323440492153168
test_05821,0.04696328938007355
test_05822,0.060197725892066956
test_05823,0.02916484698653221
test_05824,0.20832397043704987
test_05825,0.2746186852455139
test_05826,0.04194013029336929
test_05827,0.00038480330840684474
test_05828,0.06066218763589859
test_05829,0.022013265639543533
test_05830,0.002306754235178232
test_05831,0.0011828149436041713
test_05832,0.13814979791641235
test_05833,0.15798118710517883
test_05834,0.44614583253860474
test_05835,0.04092670977115631
test_05836,0.3083595335483551
test_05837,0.03305579721927643
test_05838,0.013538101688027382
test_05839,0.5811478495597839
test_05840,0.25599202513694763
test_05841,0.28100064396858215
test_05842,0.00014574939268641174
test_05843,0.46475496888160706
test_05844,0.0031518496107310057
test_05845,0.010340920649468899
test_05846,0.38871800899505615
test_05847,0.2756916880607605
test_05848,0.10596461594104767
test_05849,0.0025190578307956457
test_05850,0.4434834420681
test_05851,0.2659653425216675
test_05852,0.4852697551250458
test_05853,0.2658451199531555
test_05854,0.4636726975440979
test_05855,0.14812175929546356
test_05856,0.13328664004802704
test_05857,0.000643573934212327
test_05858,0.0007283769082278013
test_05859,0.36232367157936096
test_05860,0.015148168429732323
test_05861,0.006018191110342741
test_05862,0.6299824118614197
test_05863,0.013323072344064713
test_05864,0.266825795173645
test_05865,0.24712541699409485
test_05866,0.6006001234054565
test_05867,0.5188918113708496
test_05868,0.4455704092979431
test_05869,0.004402699880301952
test_05870,0.004070961382240057
test_05871,0.17647767066955566
test_05872,0.5272685289382935
test_05873,0.28525376319885254
test_05874,0.18482762575149536
test_05875,0.12614640593528748
test_05876,0.22514434158802032
test_05877,0.5277472138404846
test_05878,0.231056347489357
test_05879,0.04015497490763664
test_05880,0.023753968998789787
test_05881,0.04526599124073982
test_05882,0.03777584061026573
test_05883,0.03303029015660286
test_05884,0.010353250429034233
test_05885,0.14491839706897736
test_05886,0.4897943437099457
test_05887,0.3140963912010193
test_05888,0.08574175834655762
test_05889,0.29232069849967957
test_05890,0.0006398127879947424
test_05891,0.05150967836380005
test_05892,0.29905715584754944
test_05893,0.006737011019140482
test_05894,0.38841512799263
test_05895,0.0015021124854683876
test_05896,0.03430764004588127
test_05897,0.13857178390026093
test_05898,0.017864175140857697
test_05899,0.2697460353374481
test_05900,0.24314016103744507
test_05901,0.25667712092399597
test_05902,0.04100046306848526
test_05903,0.05442053824663162
test_05904,0.2636156976222992
test_05905,0.07198683172464371
test_05906,0.14478963613510132
test_05907,0.3426177203655243
test_05908,0.007737035397440195
test_05909,0.14060360193252563
test_05910,0.05049781873822212
test_05911,0.15778450667858124
test_05912,0.031682923436164856
test_05913,0.0028711024206131697
test_05914,0.008486988954246044
test_05915,0.3819321095943451
test_05916,0.11680488288402557
test_05917,0.3137437701225281
test_05918,0.42154833674430847
test_05919,0.10113724321126938
test_05920,0.0602288581430912
test_05921,0.3159630000591278
test_05922,0.1776449978351593
test_05923,0.4871636927127838
test_05924,0.0002539698616601527
test_05925,0.025314806029200554
test_05926,0.0008432953036390245
test_05927,0.11654353886842728
test_05928,0.07334856688976288
test_05929,0.02779100276529789
test_05930,0.13337405025959015
test_05931,0.031226517632603645
test_05932,0.2080342024564743
test_05933,0.27325454354286194
test_05934,0.004360669758170843
test_05935,0.1985364854335785
test_05936,0.01827934943139553
test_05937,0.322059690952301
test_05938,0.15637676417827606
test_05939,0.003942729905247688
test_05940,0.1906125843524933
test_05941,0.15487787127494812
test_05942,0.008039216510951519
test_05943,0.032697346061468124
test_05944,0.004941531457006931
test_05945,0.014703544788062572
test_05946,0.01561127882450819
test_05947,0.11740719527006149
test_05948,0.011069941334426403
test_05949,0.16462363302707672
test_05950,0.05351812392473221
test_05951,0.226683109998703
test_05952,0.09510558843612671
test_05953,0.7755874395370483
test_05954,0.2631610631942749
test_05955,0.05935516953468323
test_05956,0.5178378820419312
test_05957,0.0778789222240448
test_05958,0.10379622876644135
test_05959,0.3766237795352936
test_05960,0.049153637140989304
test_05961,0.37667492032051086
test_05962,0.08464114367961884
test_05963,0.1139993667602539
test_05964,0.08436018973588943
test_05965,0.0005505919689312577
test_05966,0.16572622954845428
test_05967,0.537861168384552
test_05968,0.21184512972831726
test_05969,0.0025844122283160686
test_05970,0.5208123326301575
test_05971,0.06668896228075027
test_05972,0.4262714684009552
test_05973,0.02326873689889908
test_05974,0.0037219119258224964
test_05975,0.017620477825403214
test_05976,0.010837754234671593
test_05977,0.07239044457674026
test_05978,0.421516478061676
test_05979,0.23519890010356903
test_05980,0.08550551533699036
test_05981,0.17264379560947418
test_05982,0.7344875931739807
test_05983,0.05370952561497688
test_05984,0.00854102335870266
test_05985,0.2307695597410202
test_05986,0.0847485363483429
test_05987,0.2136409878730774
test_05988,0.2684766948223114
test_05989,0.017605816945433617
test_05990,0.008877919055521488
test_05991,0.15745393931865692
test_05992,0.05136266350746155
test_05993,0.004021815489977598
test_05994,0.1985618621110916
test_05995,0.07777545601129532
test_05996,0.5557788014411926
test_05997,0.7990018129348755
test_05998,0.06859888881444931
test_05999,0.32759585976600647
test_06000,0.0002566261973697692
test_06001,0.06618373841047287
test_06002,0.0009957316797226667
test_06003,0.0670052096247673
test_06004,0.005484606139361858
test_06005,0.2050449699163437
test_06006,0.1272994577884674
test_06007,0.04326462000608444
test_06008,7.450624252669513e-06
test_06009,0.04335465282201767
test_06010,0.03864501044154167
test_06011,0.12119024991989136
test_06012,0.027632499113678932
test_06013,0.3842690885066986
test_06014,0.21802164614200592
test_06015,9.68012391240336e-05
test_06016,0.10970407724380493
test_06017,0.021789871156215668
test_06018,0.0768427848815918
test_06019,0.41778653860092163
test_06020,0.27788761258125305
test_06021,0.15176136791706085
test_06022,0.01993308775126934
test_06023,0.001147665549069643
test_06024,0.28828948736190796
test_06025,0.12829189002513885
test_06026,0.12005060166120529
test_06027,0.4092743396759033
test_06028,0.1298442929983139
test_06029,0.012281728908419609
test_06030,0.5675652027130127
test_06031,0.19142675399780273
test_06032,0.3054809868335724
test_06033,0.0006318622035905719
test_06034,0.0738178938627243
test_06035,0.24943770468235016
test_06036,0.20293757319450378
test_06037,0.24151316285133362
test_06038,0.07852912694215775
test_06039,0.2884437143802643
test_06040,0.5385898947715759
test_06041,0.28559914231300354
test_06042,0.5559791326522827
test_06043,0.5831748247146606
test_06044,0.23670998215675354
test_06045,0.20762111246585846
test_06046,0.14877262711524963
test_06047,0.01634993404150009
test_06048,0.04219939932227135
test_06049,0.36455294489860535
test_06050,0.3941746950149536
test_06051,0.0013341918820515275
test_06052,0.24871152639389038
test_06053,0.0005017741350457072
test_06054,0.0031944168731570244
test_06055,0.06199631839990616
test_06056,0.011471987701952457
test_06057,0.03236046060919762
test_06058,0.21986307203769684
test_06059,0.4926559329032898
test_06060,0.5075362920761108
test_06061,0.0011997248511761427
test_06062,0.4164404273033142
test_06063,0.06805204600095749
test_06064,0.7597519159317017
test_06065,0.04662163183093071
test_06066,0.18055306375026703
test_06067,0.2567952573299408
test_06068,0.013467825017869473
test_06069,0.24143292009830475
test_06070,0.0002292309218319133
test_06071,0.024964917451143265
test_06072,0.5897564888000488
test_06073,0.5195480585098267
test_06074,0.12113812565803528
test_06075,0.014895983040332794
test_06076,0.15659412741661072
test_06077,0.4790046811103821
test_06078,0.23024596273899078
test_06079,0.25700172781944275
test_06080,0.0014891769969835877
test_06081,0.49255606532096863
test_06082,0.25888195633888245
test_06083,0.2277831882238388
test_06084,0.0011195014230906963
test_06085,0.09486745297908783
test_06086,0.06159592419862747
test_06087,0.03116796165704727
test_06088,0.22487245500087738
test_06089,0.27118995785713196
test_06090,0.5128291249275208
test_06091,0.34334006905555725
test_06092,0.1413629949092865
test_06093,0.5058373808860779
test_06094,0.32139337062835693
test_06095,0.14109741151332855
test_06096,0.7324656844139099
test_06097,0.013942868448793888
test_06098,0.0006224675453267992
test_06099,0.23258467018604279
test_06100,6.270505537031568e-07
test_06101,0.020902374759316444
test_06102,0.1309744417667389
test_06103,0.032152749598026276
test_06104,0.29766860604286194
test_06105,0.14212283492088318
test_06106,0.30070018768310547
test_06107,0.15869112312793732
test_06108,0.2595541477203369
test_06109,0.017436861991882324
test_06110,0.5697053074836731
test_06111,0.02990003675222397
test_06112,0.25754866003990173
test_06113,0.15818960964679718
test_06114,0.016314487904310226
test_06115,0.5349741578102112
test_06116,0.6775760054588318
test_06117,0.5193393230438232
test_06118,0.002576843136921525
test_06119,0.4156404137611389
test_06120,0.1944231539964676
test_06121,0.18909552693367004
test_06122,0.007113907020539045
test_06123,0.004684198182076216
test_06124,0.4693814516067505
test_06125,0.02466646581888199
test_06126,0.34927472472190857
test_06127,0.006755548994988203
test_06128,0.20248772203922272
test_06129,0.41533786058425903
test_06130,0.4610512852668762
test_06131,0.0575326532125473
test_06132,0.1524958610534668
test_06133,0.2539221942424774
test_06134,0.15690071880817413
test_06135,0.1846771538257599
test_06136,0.804510772228241
test_06137,0.0031002406030893326
test_06138,0.2645438611507416
test_06139,0.6345736384391785
test_06140,0.13213421404361725
test_06141,0.3310451805591583
test_06142,0.1651504635810852
test_06143,0.002701051766052842
test_06144,0.44981515407562256
test_06145,0.032877080142498016
test_06146,0.00020003215468022972
test_06147,0.7696290016174316
test_06148,0.017369788140058517
test_06149,0.02348543144762516
test_06150,0.11238979548215866
test_06151,0.4473027288913727
test_06152,0.06617078930139542
test_06153,0.3417660593986511
test_06154,0.11831791698932648
test_06155,0.004254558589309454
test_06156,0.11556626111268997
test_06157,0.432995468378067
test_06158,0.56061851978302
test_06159,0.20523713529109955
test_06160,0.2518988847732544
test_06161,0.02254975028336048
test_06162,0.37188923358917236
test_06163,0.22605162858963013
test_06164,0.04733948037028313
test_06165,0.15896224975585938
test_06166,0.1593291312456131
test_06167,0.3117678463459015
test_06168,0.34023377299308777
test_06169,0.6678526997566223
test_06170,0.02449815906584263
test_06171,0.020297780632972717
test_06172,0.006925645750015974
test_06173,0.4046924412250519
test_06174,0.00012775881623383611
test_06175,0.0035240529105067253
test_06176,0.27374356985092163
test_06177,0.7789725065231323
test_06178,0.00010281572758685797
test_06179,0.03550677001476288
test_06180,0.03928869962692261
test_06181,0.17260456085205078
test_06182,0.015110334381461143
test_06183,0.6108946800231934
test_06184,0.763969898223877
test_06185,0.43680673837661743
test_06186,0.1936255544424057
test_06187,0.0025301736313849688
test_06188,0.37412214279174805
test_06189,0.10223501920700073
test_06190,0.04629465937614441
test_06191,2.883321030822117e-07
test_06192,0.0010340982116758823
test_06193,0.29910823702812195
test_06194,0.3400362730026245
test_06195,0.41700074076652527
test_06196,0.16609908640384674
test_06197,0.49026209115982056
test_06198,0.027487536892294884
test_06199,0.059136778116226196
test_06200,0.2856028974056244
test_06201,0.23749439418315887
test_06202,0.0733819231390953
test_06203,0.01125960610806942
test_06204,0.13827410340309143
test_06205,0.2830834984779358
test_06206,0.4588380753993988
test_06207,0.06245960667729378
test_06208,0.0001225192245328799
test_06209,0.012151267379522324
test_06210,0.22054748237133026
test_06211,0.0063930596224963665
test_06212,0.333197683095932
test_06213,0.043779149651527405
test_06214,0.5250383615493774
test_06215,0.060452837496995926
test_06216,0.47549641132354736
test_06217,0.5499707460403442
test_06218,0.29911476373672485
test_06219,0.25925156474113464
test_06220,0.035950757563114166
test_06221,7.519555947510526e-05
test_06222,0.03718196228146553
test_06223,0.09615230560302734
test_06224,0.3365029990673065
test_06225,0.5805469155311584
test_06226,0.3842872679233551
test_06227,0.317857563495636
test_06228,0.5002280473709106
test_06229,9.527127258479595e-05
test_06230,8.986869943328202e-05
test_06231,0.05106773599982262
test_06232,0.27287110686302185
test_06233,0.00022756111866328865
test_06234,0.20507360994815826
test_06235,0.037246353924274445
test_06236,0.00019549101125448942
test_06237,0.09299065917730331
test_06238,0.1840420663356781
test_06239,0.37860605120658875
test_06240,0.10448487848043442
test_06241,0.1644725203514099
test_06242,0.34127795696258545
test_06243,0.31300896406173706
test_06244,0.010943921282887459
test_06245,0.26413047313690186
test_06246,0.5376448631286621
test_06247,0.021322518587112427
test_06248,0.46406275033950806
test_06249,0.47940775752067566
test_06250,0.268382728099823
test_06251,0.005144663155078888
test_06252,0.23010650277137756
test_06253,0.14440162479877472
test_06254,0.1694585531949997
test_06255,0.167739599943161
test_06256,0.11433117091655731
test_06257,0.37196555733680725
test_06258,0.40708523988723755
test_06259,0.42671841382980347
test_06260,0.830791711807251
test_06261,0.20223917067050934
test_06262,0.005200153682380915
test_06263,0.8314347863197327
test_06264,0.17131297290325165
test_06265,0.4032309651374817
test_06266,0.512103259563446
test_06267,0.6923784613609314
test_06268,0.9007925391197205
test_06269,0.022964758798480034
test_06270,0.15241609513759613
test_06271,0.3833952248096466
test_06272,0.08738452941179276
test_06273,0.20106132328510284
test_06274,0.19122561812400818
test_06275,0.3170405924320221
test_06276,0.036504633724689484
test_06277,0.40400466322898865
test_06278,0.008969095535576344
test_06279,0.0954069271683693
test_06280,0.06300598382949829
test_06281,0.05608932301402092
test_06282,0.5727478861808777
test_06283,0.1568382978439331
test_06284,0.5788822174072266
test_06285,0.1431874930858612
test_06286,0.049935657531023026
test_06287,0.035166382789611816
test_06288,0.49804505705833435
test_06289,0.2403733879327774
test_06290,0.16654613614082336
test_06291,0.0006121717160567641
test_06292,0.015385749749839306
test_06293,0.0034097847528755665
test_06294,0.20587356388568878
test_06295,0.06127050891518593
test_06296,0.0008978358819149435
test_06297,0.274353563785553
test_06298,0.0036874166689813137
test_06299,0.28487759828567505
test_06300,0.31188756227493286
test_06301,0.006547342520207167
test_06302,0.0011651214445009828
test_06303,0.09326385706663132
test_06304,0.7434611320495605
test_06305,0.48584648966789246
test_06306,0.06055763363838196
test_06307,0.22973507642745972
test_06308,0.05780820548534393
test_06309,0.7138962745666504
test_06310,0.0007850481197237968
test_06311,0.0013875140575692058
test_06312,0.35952940583229065
test_06313,0.19477605819702148
test_06314,0.6105122566223145
test_06315,0.0473649688065052
test_06316,0.3481660783290863
test_06317,0.4650477170944214
test_06318,0.2462209016084671
test_06319,0.11322912573814392
test_06320,0.9667329788208008
test_06321,0.33908188343048096
test_06322,0.22077347338199615
test_06323,0.04283706843852997
test_06324,0.005771806929260492
test_06325,0.39899301528930664
test_06326,0.1594044268131256
test_06327,0.010335149243474007
test_06328,0.025104127824306488
test_06329,0.44370102882385254
test_06330,0.0006563669303432107
test_06331,0.00888983067125082
test_06332,0.021136311814188957
test_06333,0.4297866225242615
test_06334,0.0829654112458229
test_06335,0.17993395030498505
test_06336,0.37600216269493103
test_06337,0.15530994534492493
test_06338,0.24288858473300934
test_06339,0.41692960262298584
test_06340,0.9492836594581604
test_06341,0.1980743706226349
test_06342,0.3778795897960663
test_06343,0.271043062210083
test_06344,0.06297854334115982
test_06345,0.44480445981025696
test_06346,0.37725311517715454
test_06347,0.000151358253788203
test_06348,0.013862610794603825
test_06349,0.2515272796154022
test_06350,0.00016988891002256423
test_06351,0.4404332935810089
test_06352,0.021474141627550125
test_06353,0.0008427848224528134
test_06354,0.056147973984479904
test_06355,2.0178617887722794e-06
test_06356,0.008196515031158924
test_06357,6.241293704078998e-06
test_06358,0.04089502617716789
test_06359,0.019371245056390762
test_06360,0.028967401012778282
test_06361,0.2334001511335373
test_06362,0.0008311265846714377
test_06363,0.3810451328754425
test_06364,0.2396543025970459
test_06365,0.06359963119029999
test_06366,0.20781880617141724
test_06367,0.2615903317928314
test_06368,0.03994912654161453
test_06369,0.033051759004592896
test_06370,0.0021835099905729294
test_06371,0.555893063545227
test_06372,0.35067421197891235
test_06373,0.0011447197757661343
test_06374,0.14602242410182953
test_06375,0.23413196206092834
test_06376,0.5591555237770081
test_06377,0.2587299644947052
test_06378,0.21899452805519104
test_06379,0.0003491845272947103
test_06380,0.35405004024505615
test_06381,0.19644129276275635
test_06382,0.6643775701522827
test_06383,0.05766962468624115
test_06384,0.44778886437416077
test_06385,0.004159452393651009
test_06386,0.18062786757946014
test_06387,0.13336217403411865
test_06388,0.4495851695537567
test_06389,0.386127233505249
test_06390,0.11705648899078369
test_06391,0.0272819884121418
test_06392,0.0015915995463728905
test_06393,0.05001968517899513
test_06394,0.5606156587600708
test_06395,0.114822618663311
test_06396,0.29853057861328125
test_06397,0.000790461606811732
test_06398,0.48955926299095154
test_06399,0.0021717348136007786
test_06400,0.03815141320228577
test_06401,0.09570644050836563
test_06402,0.4427764117717743
test_06403,0.46392303705215454
test_06404,0.14234349131584167
test_06405,0.0003400235727895051
test_06406,0.015664560720324516
test_06407,0.21575890481472015
test_06408,0.0936928391456604
test_06409,0.21696075797080994
test_06410,0.04103150963783264
test_06411,0.28797122836112976
test_06412,0.02908734790980816
test_06413,0.0012064500479027629
test_06414,0.013205778785049915
test_06415,0.2943211495876312
test_06416,0.19088348746299744
test_06417,0.4577653706073761
test_06418,0.5036928057670593
test_06419,0.361002653837204
test_06420,0.11810707300901413
test_06421,0.21510367095470428
test_06422,0.11257630586624146
test_06423,0.06686016172170639
test_06424,0.01796998642385006
test_06425,0.25132036209106445
test_06426,0.004113441798835993
test_06427,0.03411952033638954
test_06428,0.2593063414096832
test_06429,0.0037516173906624317
test_06430,0.5410498380661011
test_06431,0.20124144852161407
test_06432,0.0007640025578439236
test_06433,0.2890901267528534
test_06434,0.7937467098236084
test_06435,0.25681546330451965
test_06436,0.13436615467071533
test_06437,0.2034510225057602
test_06438,0.3423411250114441
test_06439,0.35598090291023254
test_06440,0.010085543617606163
test_06441,0.46127161383628845
test_06442,0.3517496585845947
test_06443,0.024039961397647858
test_06444,4.341827661846764e-06
test_06445,0.2142942100763321
test_06446,0.30532169342041016
test_06447,0.5492331981658936
test_06448,0.18006016314029694
test_06449,5.297060852171853e-07
test_06450,0.236183300614357
test_06451,0.9188351035118103
test_06452,0.6708127856254578
test_06453,0.00015619519399479032
test_06454,0.10119874030351639
test_06455,0.35781508684158325
test_06456,9.297938049712684e-06
test_06457,0.031044716015458107
test_06458,0.353656142950058
test_06459,0.0035558021627366543
test_06460,5.706801312044263e-05
test_06461,0.11431620270013809
test_06462,0.008988558314740658
test_06463,0.7023335099220276
test_06464,0.07289879024028778
test_06465,0.2593843340873718
test_06466,0.4670371413230896
test_06467,0.28609350323677063
test_06468,0.016019441187381744
test_06469,0.5097031593322754
test_06470,0.0690714493393898
test_06471,0.018870282918214798
test_06472,0.0016701507847756147
test_06473,0.41969698667526245
test_06474,0.008162016980350018
test_06475,0.8572382926940918
test_06476,0.13875052332878113
test_06477,0.2000916749238968
test_06478,0.4119323194026947
test_06479,0.3468191623687744
test_06480,0.2645021080970764
test_06481,0.060120806097984314
test_06482,0.10882812738418579
test_06483,0.00660279206931591
test_06484,0.0002620748709887266
test_06485,0.0030080615542829037
test_06486,0.22585240006446838
test_06487,0.00035028159618377686
test_06488,0.5370501279830933
test_06489,0.011745220981538296
test_06490,0.000757871603127569
test_06491,0.28550100326538086
test_06492,0.5056330561637878
test_06493,0.029559560120105743
test_06494,0.35838907957077026
test_06495,0.02390795201063156
test_06496,0.0058897677809000015
test_06497,0.2848546504974365
test_06498,0.2582246959209442
test_06499,0.01632293127477169
test_06500,0.20452754199504852
test_06501,0.3042891323566437
test_06502,0.11463675647974014
test_06503,0.010344712994992733
test_06504,0.0019019797910004854
test_06505,0.00031548531842418015
test_06506,0.014148049056529999
test_06507,0.06463002413511276
test_06508,0.40995872020721436
test_06509,0.27008718252182007
test_06510,0.090680330991745
test_06511,0.1842004507780075
test_06512,0.019386935979127884
test_06513,0.1847601979970932
test_06514,0.45255401730537415
test_06515,0.0006202271906659007
test_06516,0.2733313739299774
test_06517,0.2612229287624359
test_06518,0.5161622166633606
test_06519,0.08928678929805756
test_06520,0.010828235186636448
test_06521,0.2599283456802368
test_06522,0.006932355463504791
test_06523,0.4569196403026581
test_06524,0.05504760146141052
test_06525,0.00602614926174283
test_06526,0.35491862893104553
test_06527,0.006692876107990742
test_06528,0.47677889466285706
test_06529,0.01791323348879814
test_06530,0.013172321021556854
test_06531,0.06796824932098389
test_06532,0.022587595507502556
test_06533,0.006429914850741625
test_06534,0.18651729822158813
test_06535,0.49926966428756714
test_06536,0.513796329498291
test_06537,0.00340460822917521
test_06538,0.37913647294044495
test_06539,0.07775052636861801
test_06540,0.07237408310174942
test_06541,0.3391198515892029
test_06542,0.2618522346019745
test_06543,0.4325215220451355
test_06544,0.07568886876106262
test_06545,0.4869311451911926
test_06546,0.001696996740065515
test_06547,0.4888012707233429
test_06548,0.8419386148452759
test_06549,0.0239717997610569
test_06550,0.06870875507593155
test_06551,0.042771682143211365
test_06552,0.3665992319583893
test_06553,0.40532010793685913
test_06554,0.005181349813938141
test_06555,0.08155230432748795
test_06556,0.15011945366859436
test_06557,0.2274101972579956
test_06558,0.32205405831336975
test_06559,0.45954620838165283
test_06560,0.4508676826953888
test_06561,0.16413606703281403
test_06562,0.01982101984322071
test_06563,0.31714028120040894
test_06564,0.20226557552814484
test_06565,0.4389602243900299
test_06566,0.41337132453918457
test_06567,0.15737318992614746
test_06568,0.454265832901001
test_06569,0.08313364535570145
test_06570,0.016617394983768463
test_06571,0.30323055386543274
test_06572,0.0003163400979246944
test_06573,0.5646734237670898
test_06574,0.2883438467979431
test_06575,0.003652209183201194
test_06576,0.024574819952249527
test_06577,0.09119496494531631
test_06578,0.0871863067150116
test_06579,0.48070672154426575
test_06580,0.4145428240299225
test_06581,0.00021680662757717073
test_06582,0.06671781092882156
test_06583,0.0005757177132181823
test_06584,0.13794566690921783
test_06585,0.010873698629438877
test_06586,0.07508543878793716
test_06587,0.6334236264228821
test_06588,0.2022523283958435
test_06589,0.01814460940659046
test_06590,0.07589034736156464
test_06591,0.0026027371641248465
test_06592,0.4814993143081665
test_06593,0.3666214942932129
test_06594,0.05335724726319313
test_06595,0.4460088610649109
test_06596,0.4099196791648865
test_06597,0.12211208790540695
test_06598,0.02887866087257862
test_06599,0.003912416286766529
test_06600,0.09366253763437271
test_06601,0.03249605745077133
test_06602,0.003565369173884392
test_06603,0.039070118218660355
test_06604,0.2517186999320984
test_06605,0.14475366473197937
test_06606,0.11740116029977798
test_06607,0.0022539340425282717
test_06608,0.17714296281337738
test_06609,0.6682278513908386
test_06610,0.007593498565256596
test_06611,0.18924956023693085
test_06612,0.003815885866060853
test_06613,0.01045899372547865
test_06614,5.8839868870563805e-05
test_06615,0.3101760447025299
test_06616,0.33373382687568665
test_06617,0.08335870504379272
test_06618,5.188856448512524e-06
test_06619,0.000167241450981237
test_06620,0.1058369055390358
test_06621,0.13920918107032776
test_06622,0.2527373433113098
test_06623,0.13360106945037842
test_06624,0.8130518794059753
test_06625,0.27957606315612793
test_06626,0.08542866259813309
test_06627,7.463774818461388e-05
test_06628,0.2623538076877594
test_06629,0.0013947868719696999
test_06630,0.04422662779688835
test_06631,3.10592949972488e-05
test_06632,0.004572711419314146
test_06633,0.0022898688912391663
test_06634,0.706579864025116
test_06635,0.00021018547704443336
test_06636,2.4203451175708324e-05
test_06637,0.3353559672832489
test_06638,0.20171591639518738
test_06639,0.03324730321764946
test_06640,0.4045619070529938
test_06641,0.07253288477659225
test_06642,0.36500659584999084
test_06643,0.29111072421073914
test_06644,0.36578887701034546
test_06645,0.18180318176746368
test_06646,0.02879076451063156
test_06647,0.509210467338562
test_06648,0.13919265568256378
test_06649,0.27619925141334534
test_06650,0.0012276225024834275
test_06651,0.3510303199291229
test_06652,0.00018507127242628485
test_06653,0.859307587146759
test_06654,0.03325696289539337
test_06655,4.028317562188022e-05
test_06656,0.6236404776573181
test_06657,0.4579083323478699
test_06658,0.07241258770227432
test_06659,0.17636726796627045
test_06660,0.35210365056991577
test_06661,0.007919222116470337
test_06662,0.3484164774417877
test_06663,0.03761027753353119
test_06664,0.01757015660405159
test_06665,0.002472837222740054
test_06666,0.43842241168022156
test_06667,0.4772033095359802
test_06668,0.516649067401886
test_06669,0.00010511276195757091
test_06670,0.22973962128162384
test_06671,0.003930484876036644
test_06672,0.009941265918314457
test_06673,0.06731195747852325
test_06674,0.9462894201278687
test_06675,0.13143780827522278
test_06676,0.36229780316352844
test_06677,0.3509490191936493
test_06678,0.2863287031650543
test_06679,0.00012108933879062533
test_06680,0.06309241056442261
test_06681,0.47641584277153015
test_06682,0.005334542598575354
test_06683,0.5448497533798218
test_06684,0.4884283244609833
test_06685,0.008110449649393559
test_06686,0.27859076857566833
test_06687,0.3027646541595459
test_06688,0.3026934862136841
test_06689,0.27068856358528137
test_06690,0.3419218361377716
test_06691,0.009437043219804764
test_06692,0.35929983854293823
test_06693,0.8394149541854858
test_06694,0.6667852997779846
test_06695,0.000373323040548712
test_06696,0.36798757314682007
test_06697,0.15180833637714386
test_06698,0.07661885768175125
test_06699,0.22595089673995972
test_06700,0.12417321652173996
test_06701,0.1745249181985855
test_06702,0.3029111921787262
test_06703,0.056419674307107925
test_06704,0.0033153630793094635
test_06705,0.39209961891174316
test_06706,0.6294723749160767
test_06707,0.24379824101924896
test_06708,0.09575538337230682
test_06709,0.42746028304100037
test_06710,0.5907321572303772
test_06711,0.30111491680145264
test_06712,0.5004616379737854
test_06713,0.41230514645576477
test_06714,0.33533185720443726
test_06715,0.22812998294830322
test_06716,0.02027507871389389
test_06717,0.08768612891435623
test_06718,0.31289711594581604
test_06719,0.22280679643154144
test_06720,0.2823033034801483
test_06721,0.00416211923584342
test_06722,0.2206665277481079
test_06723,0.2639698386192322
test_06724,0.08132141828536987
test_06725,0.1712942123413086
test_06726,0.033033549785614014
test_06727,0.13312624394893646
test_06728,0.21168984472751617
test_06729,0.1386575549840927
test_06730,0.17466698586940765
test_06731,0.005647735204547644
test_06732,0.3286925256252289
test_06733,0.15708909928798676
test_06734,0.010139227844774723
test_06735,0.05526390299201012
test_06736,0.018302779644727707
test_06737,0.049014125019311905
test_06738,0.017297249287366867
test_06739,0.5671232342720032
test_06740,0.053608618676662445
test_06741,0.2600347697734833
test_06742,0.007980157621204853
test_06743,0.005327826831489801
test_06744,0.3983488976955414
test_06745,0.0026126860175281763
test_06746,0.25723356008529663
test_06747,0.22396548092365265
test_06748,0.025256285443902016
test_06749,0.07088997215032578
test_06750,0.1358984410762787
test_06751,0.08781887590885162
test_06752,0.0016307637561112642
test_06753,0.2347119003534317
test_06754,0.030043987557291985
test_06755,0.46669813990592957
test_06756,0.6244410276412964
test_06757,0.2679068446159363
test_06758,0.0075912997126579285
test_06759,0.14247511327266693
test_06760,0.14800354838371277
test_06761,0.15161490440368652
test_06762,0.003046386642381549
test_06763,0.020986394956707954
test_06764,0.24733810126781464
test_06765,0.5865065455436707
test_06766,2.3969503672560677e-05
test_06767,0.0989815965294838
test_06768,0.583882212638855
test_06769,0.001020175637677312
test_06770,0.015452506951987743
test_06771,0.16498078405857086
test_06772,0.0002629485970828682
test_06773,0.38724327087402344
test_06774,0.012235332280397415
test_06775,0.12729959189891815
test_06776,0.0018251228611916304
test_06777,0.07821060717105865
test_06778,0.34752729535102844
test_06779,0.14560888707637787
test_06780,0.09720317274332047
test_06781,0.8526978492736816
test_06782,0.594478964805603
test_06783,0.2854592800140381
test_06784,0.034046996384859085
test_06785,0.3684948980808258
test_06786,0.5466094613075256
test_06787,0.0459989570081234
test_06788,0.00177169987000525
test_06789,0.4648403227329254
test_06790,0.006105528678745031
test_06791,0.48249971866607666
test_06792,0.16940505802631378
test_06793,0.5203951597213745
test_06794,0.3662862479686737
test_06795,3.705053313751705e-05
test_06796,0.1406937837600708
test_06797,0.0016297572292387486
test_06798,0.16742920875549316
test_06799,0.018978483974933624
test_06800,0.001348378835245967
test_06801,0.48918527364730835
test_06802,0.01044583972543478
test_06803,0.522029459476471
test_06804,0.5171989798545837
test_06805,0.5343755483627319
test_06806,0.3693391978740692
test_06807,0.25551897287368774
test_06808,0.44641950726509094
test_06809,0.3816004991531372
test_06810,0.1302604377269745
test_06811,0.686159074306488
test_06812,0.0010894938604906201
test_06813,0.5125158429145813
test_06814,0.013370802626013756
test_06815,0.15248416364192963
test_06816,0.29459482431411743
test_06817,0.09818877279758453
test_06818,0.1529201716184616
test_06819,0.2817184627056122
test_06820,0.18808354437351227
test_06821,0.25308719277381897
test_06822,0.11699049919843674
test_06823,0.33940044045448303
test_06824,0.0105725834146142
test_06825,0.05203835666179657
test_06826,0.01730591617524624
test_06827,0.07736635208129883
test_06828,0.41620466113090515
test_06829,0.09299048036336899
test_06830,0.5602200627326965
test_06831,0.06716475635766983
test_06832,3.5333425785211148e-06
test_06833,0.5373182892799377
test_06834,0.2963273823261261
test_06835,0.0018783833365887403
test_06836,0.2212957888841629
test_06837,0.09590256214141846
test_06838,0.008995318785309792
test_06839,0.1234249621629715
test_06840,0.3830327093601227
test_06841,0.12681734561920166
test_06842,0.6012558341026306
test_06843,0.04471496865153313
test_06844,0.0008926695445552468
test_06845,0.0034367970656603575
test_06846,0.9580386877059937
test_06847,0.1360597014427185
test_06848,0.03022082708775997
test_06849,0.30390340089797974
test_06850,0.052439749240875244
test_06851,0.028374161571264267
test_06852,0.012902994640171528
test_06853,0.004197395872324705
test_06854,0.03292902559041977
test_06855,7.862320671847556e-06
test_06856,0.056505221873521805
test_06857,0.41548487544059753
test_06858,9.201635111821815e-05
test_06859,0.535345196723938
test_06860,0.35175639390945435
test_06861,0.007536059711128473
test_06862,0.11438185721635818
test_06863,0.0866570696234703
test_06864,0.49513664841651917
test_06865,0.00030674890149384737
test_06866,0.020641647279262543
test_06867,0.37235966324806213
test_06868,0.1806308478116989
test_06869,0.36861270666122437
test_06870,0.431291788816452
test_06871,0.0013392745750024915
test_06872,0.16113202273845673
test_06873,0.13462433218955994
test_06874,0.31006500124931335
test_06875,0.036761023104190826
test_06876,0.20874913036823273
test_06877,0.23678959906101227
test_06878,0.013008864596486092
test_06879,0.49841418862342834
test_06880,0.2696974575519562
test_06881,0.2965100407600403
test_06882,0.1032308042049408
test_06883,0.38437798619270325
test_06884,0.03787391632795334
test_06885,0.01627432368695736
test_06886,0.17400403320789337
test_06887,0.808549702167511
test_06888,0.6748620867729187
test_06889,0.6764110326766968
test_06890,0.21466977894306183
test_06891,0.16538898646831512
test_06892,0.021940333768725395
test_06893,0.06425388157367706
test_06894,0.16356484591960907
test_06895,0.009154700674116611
test_06896,0.15675795078277588
test_06897,0.4761976897716522
test_06898,0.40331679582595825
test_06899,0.0019349157810211182
test_06900,0.02280055545270443
test_06901,0.3242228627204895
test_06902,0.39104703068733215
test_06903,0.6491972804069519
test_06904,0.047653183341026306
test_06905,0.845429003238678
test_06906,0.017401019111275673
test_06907,0.07961088418960571
test_06908,0.0054150731302797794
test_06909,0.047775011509656906
test_06910,0.5677846074104309
test_06911,0.14720271527767181
test_06912,0.03730881214141846
test_06913,0.006293005309998989
test_06914,0.30026301741600037
test_06915,0.26855385303497314
test_06916,0.460752010345459
test_06917,0.003968033008277416
test_06918,0.3172067105770111
test_06919,0.41459572315216064
test_06920,0.3556959927082062
test_06921,0.4826565682888031
test_06922,0.26386845111846924
test_06923,0.24933503568172455
test_06924,0.09572169184684753
test_06925,0.0040224893018603325
test_06926,0.6269160509109497
test_06927,0.3111470341682434
test_06928,0.09050489962100983
test_06929,0.1501021832227707
test_06930,0.00019238574896007776
test_06931,0.05435191094875336
test_06932,0.6548193693161011
test_06933,0.09875756502151489
test_06934,0.0013771455269306898
test_06935,0.029854876920580864
test_06936,0.1479872614145279
test_06937,0.3868516981601715
test_06938,0.0011098032118752599
test_06939,0.23610705137252808
test_06940,0.15163308382034302
test_06941,0.4940609335899353
test_06942,0.22583508491516113
test_06943,0.07501330971717834
test_06944,0.4402044713497162
test_06945,0.20990654826164246
test_06946,0.24123160541057587
test_06947,0.12697440385818481
test_06948,0.17778611183166504
test_06949,0.2758866846561432
test_06950,0.2821829617023468
test_06951,0.054110802710056305
test_06952,0.4112001359462738
test_06953,0.08512512594461441
test_06954,0.215467631816864
test_06955,0.2191736400127411
test_06956,0.1383817493915558
test_06957,0.6389826536178589
test_06958,0.2610854506492615
test_06959,0.009111716412007809
test_06960,0.00032268158975057304
test_06961,0.5213903188705444
test_06962,0.041969943791627884
test_06963,0.3397344648838043
test_06964,0.26791495084762573
test_06965,0.176884263753891
test_06966,0.16528227925300598
test_06967,0.20396164059638977
test_06968,0.05913848057389259
test_06969,0.009499091655015945
test_06970,0.08840706199407578
test_06971,0.19152505695819855
test_06972,0.27679988741874695
test_06973,0.6156715750694275
test_06974,0.08404555171728134
test_06975,0.22558382153511047
test_06976,0.27231356501579285
test_06977,0.020306384190917015
test_06978,0.015628082677721977
test_06979,0.30410152673721313
test_06980,0.1498798131942749
test_06981,0.44121670722961426
test_06982,0.1572120636701584
test_06983,0.00593597162514925
test_06984,0.18178905546665192
test_06985,0.41230151057243347
test_06986,0.2386462390422821
test_06987,0.013554057106375694
test_06988,0.0003751919139176607
test_06989,0.22622986137866974
test_06990,0.16846653819084167
test_06991,0.05992720276117325
test_06992,0.3792332410812378
test_06993,0.0018891161307692528
test_06994,0.017562266439199448
test_06995,0.4723425805568695
test_06996,0.1883450597524643
test_06997,0.03218242526054382
test_06998,0.00034137818147428334
test_06999,0.11808796226978302
test_07000,0.2885010540485382
test_07001,0.37180817127227783
test_07002,0.7137097716331482
test_07003,0.22645558416843414
test_07004,0.01567290723323822
test_07005,0.4070422053337097
test_07006,0.05004288628697395
test_07007,0.002109171822667122
test_07008,0.0980461910367012
test_07009,0.1304393708705902
test_07010,0.14846710860729218
test_07011,0.0018290282459929585
test_07012,0.34175318479537964
test_07013,0.0050011808052659035
test_07014,0.030997605994343758
test_07015,0.5777586102485657
test_07016,0.5368003845214844
test_07017,0.013097981922328472
test_07018,0.3853675425052643
test_07019,0.3824714124202728
test_07020,0.01966441422700882
test_07021,0.21388477087020874
test_07022,0.09608558565378189
test_07023,0.02192697860300541
test_07024,0.08138135820627213
test_07025,0.5250504016876221
test_07026,0.6598330140113831
test_07027,0.24825547635555267
test_07028,0.27991434931755066
test_07029,0.012305838987231255
test_07030,0.32851603627204895
test_07031,0.0002917508827522397
test_07032,0.2724595069885254
test_07033,0.21354782581329346
test_07034,0.005055324174463749
test_07035,0.012374293990433216
test_07036,0.0009643041412346065
test_07037,0.0391712486743927
test_07038,0.3737783133983612
test_07039,0.1452922374010086
test_07040,0.001485140179283917
test_07041,0.10376347601413727
test_07042,0.19909104704856873
test_07043,0.08725450932979584
test_07044,0.32297810912132263
test_07045,0.4442776143550873
test_07046,0.5723403096199036
test_07047,0.12393531203269958
test_07048,0.031166374683380127
test_07049,0.09418250620365143
test_07050,0.05406341329216957
test_07051,0.14601320028305054
test_07052,0.11979316174983978
test_07053,0.05441750958561897
test_07054,0.6274620294570923
test_07055,0.9183837175369263
test_07056,0.37111467123031616
test_07057,0.014231815002858639
test_07058,0.1342969387769699
test_07059,0.41338685154914856
test_07060,0.3724716007709503
test_07061,0.22782450914382935
test_07062,0.009716521017253399
test_07063,0.0288353580981493
test_07064,0.004458301234990358
test_07065,0.020286059007048607
test_07066,0.07792667299509048
test_07067,0.1504976600408554
test_07068,0.4662950038909912
test_07069,0.6659279465675354
test_07070,0.109115369617939
test_07071,0.05254926532506943
test_07072,0.4395122826099396
test_07073,0.13302890956401825
test_07074,0.8454914093017578
test_07075,0.07693476974964142
test_07076,0.3579060137271881
test_07077,0.20781275629997253
test_07078,0.6147975325584412
test_07079,0.3970494866371155
test_07080,0.2709350287914276
test_07081,0.15492579340934753
test_07082,0.5413466691970825
test_07083,0.126897931098938
test_07084,0.21518242359161377
test_07085,0.035997174680233
test_07086,0.11049924790859222
test_07087,0.004449416417628527
test_07088,0.17382723093032837
test_07089,0.13527607917785645
test_07090,0.06536730378866196
test_07091,0.011563391424715519
test_07092,0.6877577900886536
test_07093,0.5985981225967407
test_07094,0.47259432077407837
test_07095,0.032618727535009384
test_07096,0.3958432376384735
test_07097,0.21207572519779205
test_07098,0.3967647850513458
test_07099,0.09881026297807693
test_07100,0.37816327810287476
test_07101,0.27194756269454956
test_07102,0.016819261014461517
test_07103,0.10880350321531296
test_07104,0.033562589436769485
test_07105,0.01677955687046051
test_07106,0.001283109886571765
test_07107,0.003062688745558262
test_07108,0.27473923563957214
test_07109,0.2912885844707489
test_07110,0.38578546047210693
test_07111,0.012288222089409828
test_07112,0.2920376658439636
test_07113,0.008250517770648003
test_07114,0.6290717124938965
test_07115,0.5055583119392395
test_07116,0.34677866101264954
test_07117,0.004247566685080528
test_07118,0.2165711224079132
test_07119,0.01154711190611124
test_07120,0.10693833976984024
test_07121,0.1055733785033226
test_07122,0.25310054421424866
test_07123,0.4743957817554474
test_07124,0.2440146803855896
test_07125,0.02314365841448307
test_07126,0.503023087978363
test_07127,0.43610069155693054
test_07128,2.3222626168717397e-06
test_07129,0.004085329361259937
test_07130,0.4798515737056732
test_07131,0.35192036628723145
test_07132,7.670889317523688e-05
test_07133,0.2899232804775238
test_07134,0.0008096159435808659
test_07135,0.0003750456089619547
test_07136,0.1511438935995102
test_07137,0.4195536673069
test_07138,1.5125469872145914e-05
test_07139,0.4181067645549774
test_07140,0.40421271324157715
test_07141,0.19552506506443024
test_07142,0.0007466950337402523
test_07143,0.19388751685619354
test_07144,0.10738319158554077
test_07145,0.09767002612352371
test_07146,0.07068761438131332
test_07147,0.4539211392402649
test_07148,0.08029311150312424
test_07149,6.98704388923943e-05
test_07150,0.13330687582492828
test_07151,0.045984093099832535
test_07152,0.2477211207151413
test_07153,0.056374140083789825
test_07154,0.392500102519989
test_07155,0.07205353677272797
test_07156,0.2709360122680664
test_07157,0.026359211653470993
test_07158,0.3086676001548767
test_07159,0.13498848676681519
test_07160,0.2822490632534027
test_07161,0.24387092888355255
test_07162,0.02807808667421341
test_07163,0.31040671467781067
test_07164,0.4316098392009735
test_07165,0.10517747700214386
test_07166,0.284279465675354
test_07167,0.011152797378599644
test_07168,0.30782100558280945
test_07169,0.1017792820930481
test_07170,0.0016229964094236493
test_07171,0.19446305930614471
test_07172,0.8333559632301331
test_07173,0.2637208104133606
test_07174,0.22848175466060638
test_07175,0.006247555837035179
test_07176,0.2038145810365677
test_07177,0.2417215257883072
test_07178,0.3505297303199768
test_07179,0.32266461849212646
test_07180,0.1614290326833725
test_07181,0.32669076323509216
test_07182,0.23770496249198914
test_07183,0.16997845470905304
test_07184,0.028935173526406288
test_07185,0.23313340544700623
test_07186,0.027950352057814598
test_07187,0.0044021001085639
test_07188,0.3768341839313507
test_07189,0.007259862497448921
test_07190,0.09793215245008469
test_07191,0.03347788006067276
test_07192,4.8678826715331525e-05
test_07193,0.018961500376462936
test_07194,0.20026394724845886
test_07195,0.5610765814781189
test_07196,0.5421596169471741
test_07197,0.007047202438116074
test_07198,6.302067777141929e-05
test_07199,0.3440496623516083
test_07200,0.06842924654483795
test_07201,0.8508637547492981
test_07202,0.0007764772162772715
test_07203,0.4876171350479126
test_07204,0.033665288239717484
test_07205,0.008748001419007778
test_07206,0.3424668610095978
test_07207,0.23746374249458313
test_07208,0.002688175765797496
test_07209,0.029732996597886086
test_07210,0.14453309774398804
test_07211,0.185927614569664
test_07212,0.17946729063987732
test_07213,0.5204634666442871
test_07214,0.00010592596663627774
test_07215,0.6809651255607605
test_07216,0.08057625591754913
test_07217,0.00022696111409459263
test_07218,0.12653708457946777
test_07219,0.18969804048538208
test_07220,0.23810376226902008
test_07221,0.12851613759994507
test_07222,0.019836990162730217
test_07223,0.505239725112915
test_07224,0.06043095886707306
test_07225,0.43978387117385864
test_07226,0.12651140987873077
test_07227,0.18520070612430573
test_07228,0.10741440951824188
test_07229,0.00024318370560649782
test_07230,0.22268164157867432
test_07231,0.2238694131374359
test_07232,0.22604508697986603
test_07233,0.1578623503446579
test_07234,0.033975861966609955
test_07235,0.37045833468437195
test_07236,0.002948002191260457
test_07237,0.22943633794784546
test_07238,0.0009532173862680793
test_07239,0.39277559518814087
test_07240,0.23251816630363464
test_07241,0.03333278372883797
test_07242,0.2932870388031006
test_07243,8.872342732502148e-05
test_07244,0.38503554463386536
test_07245,0.013038487173616886
test_07246,0.029543915763497353
test_07247,0.11483302712440491
test_07248,0.0969180166721344
test_07249,0.0041188523173332214
test_07250,0.13821516931056976
test_07251,0.10811584442853928
test_07252,0.5752811431884766
test_07253,0.002265055663883686
test_07254,0.2599092125892639
test_07255,0.6531354784965515
test_07256,0.027432912960648537
test_07257,0.6138392686843872
test_07258,0.158720001578331
test_07259,0.7613096833229065
test_07260,0.38513368368148804
test_07261,0.1918252408504486
test_07262,0.0710742175579071
test_07263,0.35467103123664856
test_07264,0.014423341490328312
test_07265,0.6766253113746643
test_07266,6.192186992848292e-05
test_07267,0.27791962027549744
test_07268,0.2849087715148926
test_07269,0.34103596210479736
test_07270,0.23303177952766418
test_07271,0.7603320479393005
test_07272,0.34611672163009644
test_07273,0.28578177094459534
test_07274,0.6410465240478516
test_07275,0.36589911580085754
test_07276,0.1338411271572113
test_07277,0.9144791960716248
test_07278,0.06375611573457718
test_07279,0.2945460379123688
test_07280,0.09919905662536621
test_07281,0.0013466200325638056
test_07282,0.26199620962142944
test_07283,0.3244507908821106
test_07284,0.004869732074439526
test_07285,0.09521543979644775
test_07286,0.18763063848018646
test_07287,0.13783694803714752
test_07288,0.2436063438653946
test_07289,0.04916289821267128
test_07290,0.044916749000549316
test_07291,0.4018098711967468
test_07292,0.02865133062005043
test_07293,0.000541267916560173
test_07294,0.9525805115699768
test_07295,0.10281785577535629
test_07296,0.1490473598241806
test_07297,0.690552830696106
test_07298,0.4272729158401489
test_07299,0.1518336534500122
test_07300,0.5416092276573181
test_07301,0.8333344459533691
test_07302,0.20343361794948578
test_07303,0.016720853745937347
test_07304,0.23933036625385284
test_07305,0.3239399492740631
test_07306,0.3112040162086487
test_07307,0.10058774799108505
test_07308,0.11951521039009094
test_07309,0.017345493659377098
test_07310,0.4816971719264984
test_07311,0.008293370716273785
test_07312,0.3657938838005066
test_07313,0.0016622450202703476
test_07314,0.48573610186576843
test_07315,0.1158367171883583
test_07316,0.711933434009552
test_07317,0.03473634272813797
test_07318,0.04762863740324974
test_07319,0.6415319442749023
test_07320,0.5018061995506287
test_07321,0.02790983021259308
test_07322,0.25198644399642944
test_07323,0.0009224451496265829
test_07324,0.38370561599731445
test_07325,0.09449926018714905
test_07326,0.025513645261526108
test_07327,0.12331067025661469
test_07328,0.03589970991015434
test_07329,0.1666390746831894
test_07330,0.23973193764686584
test_07331,0.006194431334733963
test_07332,0.007070199586451054
test_07333,0.24755163490772247
test_07334,0.28659120202064514
test_07335,0.4229736626148224
test_07336,0.4157017171382904
test_07337,0.42993560433387756
test_07338,0.049182161688804626
test_07339,0.0010374384000897408
test_07340,0.06404423713684082
test_07341,0.3082813620567322
test_07342,0.03605220094323158
test_07343,0.07376854866743088
test_07344,0.42488574981689453
test_07345,0.20730005204677582
test_07346,0.007799728307873011
test_07347,0.01690438762307167
test_07348,0.270145982503891
test_07349,0.155265673995018
test_07350,0.6488307118415833
test_07351,0.17550088465213776
test_07352,0.22270452976226807
test_07353,0.4873398542404175
test_07354,0.24826793372631073
test_07355,0.3764474391937256
test_07356,0.3293837904930115
test_07357,0.2738049626350403
test_07358,0.514305055141449
test_07359,0.33696046471595764
test_07360,0.21977178752422333
test_07361,0.35153716802597046
test_07362,0.049042925238609314
test_07363,0.1281813085079193
test_07364,0.27617114782333374
test_07365,0.17178867757320404
test_07366,0.42153266072273254
test_07367,0.06024755910038948
test_07368,0.35849207639694214
test_07369,0.035302408039569855
test_07370,0.20746852457523346
test_07371,0.09723485261201859
test_07372,0.052157044410705566
test_07373,0.22642554342746735
test_07374,0.03668980300426483
test_07375,0.5334503650665283
test_07376,0.4124225974082947
test_07377,0.03739980235695839
test_07378,0.0671260803937912
test_07379,0.2101990431547165
test_07380,0.04128884896636009
test_07381,0.3977293372154236
test_07382,0.015178397297859192
test_07383,0.3101244270801544
test_07384,0.04743272438645363
test_07385,0.3125987648963928
test_07386,0.04152817651629448
test_07387,0.10078692436218262
test_07388,0.4663899838924408
test_07389,0.010093840770423412
test_07390,0.2086499035358429
test_07391,0.7223851680755615
test_07392,0.31739360094070435
test_07393,0.39731812477111816
test_07394,0.4118496775627136
test_07395,0.0014823441160842776
test_07396,0.0007945551187731326
test_07397,0.3009481132030487
test_07398,0.02963941916823387
test_07399,0.08119159191846848
test_07400,0.17381224036216736
test_07401,0.22310632467269897
test_07402,0.44131726026535034
test_07403,0.0060745044611394405
test_07404,0.005763360299170017
test_07405,0.04636812582612038
test_07406,0.11043769866228104
test_07407,5.542128928937018e-05
test_07408,0.33126893639564514
test_07409,0.007082545664161444
test_07410,0.7500219941139221
test_07411,0.00013075557944830507
test_07412,0.1375361829996109
test_07413,0.6811755299568176
test_07414,7.120113878045231e-05
test_07415,0.20426835119724274
test_07416,0.02452586591243744
test_07417,0.09275073558092117
test_07418,0.5283279418945312
test_07419,0.09979461878538132
test_07420,0.08219710737466812
test_07421,0.1852470487356186
test_07422,0.07273883372545242
test_07423,0.6502456068992615
test_07424,0.11795511096715927
test_07425,0.7913339138031006
test_07426,0.16751980781555176
test_07427,0.21496443450450897
test_07428,0.01977900043129921
test_07429,0.1519317477941513
test_07430,0.00015976499707903713
test_07431,0.19544173777103424
test_07432,0.06333158910274506
test_07433,0.37497133016586304
test_07434,0.0428912416100502
test_07435,0.04495283588767052
test_07436,0.016894254833459854
test_07437,0.4998913109302521
test_07438,0.04804331064224243
test_07439,0.22392594814300537
test_07440,3.822324288194068e-05
test_07441,0.23595000803470612
test_07442,0.0046672397293150425
test_07443,0.4107057452201843
test_07444,0.04932800680398941
test_07445,0.00039755727630108595
test_07446,0.020944833755493164
test_07447,1.7029198716045357e-05
test_07448,0.00011784074013121426
test_07449,0.7018488049507141
test_07450,0.33030402660369873
test_07451,0.43692511320114136
test_07452,0.0006239422946237028
test_07453,0.25369757413864136
test_07454,0.28745055198669434
test_07455,0.5149174332618713
test_07456,0.03021550364792347
test_07457,0.03368378058075905
test_07458,0.2020377218723297
test_07459,0.3997441232204437
test_07460,0.006865893956273794
test_07461,0.1850571632385254
test_07462,0.4172457754611969
test_07463,0.0036438480019569397
test_07464,0.0037780902348458767
test_07465,0.23520570993423462
test_07466,0.1771775335073471
test_07467,0.5359643697738647
test_07468,0.18637944757938385
test_07469,0.01873602904379368
test_07470,0.01969035342335701
test_07471,0.08893629163503647
test_07472,0.353644460439682
test_07473,0.09000664949417114
test_07474,0.25197309255599976
test_07475,0.16603678464889526
test_07476,0.04511209577322006
test_07477,0.0008511482155881822
test_07478,0.10683051496744156
test_07479,0.29169759154319763
test_07480,0.32221442461013794
test_07481,0.04768752679228783
test_07482,0.04668205976486206
test_07483,0.44665291905403137
test_07484,0.05146438255906105
test_07485,0.4428321421146393
test_07486,0.32585814595222473
test_07487,0.07958266139030457
test_07488,0.03887252137064934
test_07489,0.3064380884170532
test_07490,0.28882908821105957
test_07491,0.3225997984409332
test_07492,0.37884852290153503
test_07493,0.6261283159255981
test_07494,0.3041183054447174
test_07495,0.5224624872207642
test_07496,0.5367957353591919
test_07497,0.07433068752288818
test_07498,0.29312562942504883
test_07499,0.019339103251695633
test_07500,0.09910660982131958
test_07501,0.0006995868170633912
test_07502,0.1246332898736
test_07503,0.16473591327667236
test_07504,0.12028228491544724
test_07505,0.47956541180610657
test_07506,0.9361892938613892
test_07507,0.4267573952674866
test_07508,0.20109149813652039
test_07509,0.39780840277671814
test_07510,0.14507371187210083
test_07511,0.827475905418396
test_07512,2.0657987533923006e-06
test_07513,0.26618170738220215
test_07514,0.4649695158004761
test_07515,0.014133723452687263
test_07516,0.18453188240528107
test_07517,0.23686467111110687
test_07518,0.006451038643717766
test_07519,0.20347443222999573
test_07520,0.004793242551386356
test_07521,0.0014431201852858067
test_07522,0.6218111515045166
test_07523,0.17405830323696136
test_07524,0.2190101146697998
test_07525,0.2642431855201721
test_07526,3.525215288391337e-05
test_07527,0.578317403793335
test_07528,0.8660148978233337
test_07529,0.30756133794784546
test_07530,0.06285867840051651
test_07531,0.3395792841911316
test_07532,0.3925389051437378
test_07533,0.14463278651237488
test_07534,0.15298493206501007
test_07535,0.06887824088335037
test_07536,0.1462169736623764
test_07537,0.557563841342926
test_07538,0.4122312366962433
test_07539,0.19833433628082275
test_07540,0.011044318787753582
test_07541,0.25356340408325195
test_07542,0.1498217135667801
test_07543,0.08316796272993088
test_07544,0.3912526071071625
test_07545,0.31590554118156433
test_07546,0.13903473317623138
test_07547,0.5858243703842163
test_07548,0.24258626997470856
test_07549,0.4418492913246155
test_07550,0.5637328624725342
test_07551,0.2425973266363144
test_07552,0.00022628178703598678
test_07553,0.6988437175750732
test_07554,0.2623162865638733
test_07555,0.06127206236124039
test_07556,0.05666894093155861
test_07557,0.5822262167930603
test_07558,0.4580996036529541
test_07559,0.5731675624847412
test_07560,0.0597735196352005
test_07561,0.009410606697201729
test_07562,0.08764294534921646
test_07563,0.03694450110197067
test_07564,0.2479802668094635
test_07565,0.0034137587063014507
test_07566,0.18456479907035828
test_07567,0.009780684486031532
test_07568,0.015619127079844475
test_07569,0.2649476230144501
test_07570,0.008388171903789043
test_07571,0.36571046710014343
test_07572,0.558172345161438
test_07573,0.002911246381700039
test_07574,0.07683094590902328
test_07575,0.020395321771502495
test_07576,0.22740469872951508
test_07577,0.0030161722097545862
test_07578,0.00013067419058643281
test_07579,0.0008786072721704841
test_07580,0.7044219374656677
test_07581,3.2389634725404903e-06
test_07582,0.0018378858221694827
test_07583,0.5850977301597595
test_07584,0.25285935401916504
test_07585,0.343597412109375
test_07586,0.9275525212287903
test_07587,0.1801827847957611
test_07588,0.034244079142808914
test_07589,0.1157427653670311
test_07590,0.053853169083595276
test_07591,0.1976059079170227
test_07592,0.06717288494110107
test_07593,0.5278733968734741
test_07594,0.22730612754821777
test_07595,0.0021342134568840265
test_07596,0.26793307065963745
test_07597,0.5870877504348755
test_07598,0.0838460922241211
test_07599,0.3602069616317749
test_07600,0.0010053799487650394
test_07601,0.18935969471931458
test_07602,0.3456834852695465
test_07603,0.0010590204037725925
test_07604,0.4235604405403137
test_07605,0.13734470307826996
test_07606,1.5689445717725903e-05
test_07607,0.006461441516876221
test_07608,0.28034812211990356
test_07609,0.4659576714038849
test_07610,0.03602468967437744
test_07611,0.009940795600414276
test_07612,0.008743904531002045
test_07613,0.092901811003685
test_07614,0.470401406288147
test_07615,0.015677690505981445
test_07616,0.1336469054222107
test_07617,0.40817826986312866
test_07618,0.5906887054443359
test_07619,0.0006900427397340536
test_07620,0.00726549094542861
test_07621,9.820938430493698e-05
test_07622,0.12467364221811295
test_07623,0.21012039482593536
test_07624,0.047959670424461365
test_07625,0.05627698078751564
test_07626,0.28228265047073364
test_07627,0.39934852719306946
test_07628,0.362447053194046
test_07629,0.004059454891830683
test_07630,0.33204716444015503
test_07631,2.8943743018317036e-05
test_07632,0.4424377977848053
test_07633,0.2733161449432373
test_07634,0.633433997631073
test_07635,0.14374198019504547
test_07636,0.09770959615707397
test_07637,0.5662657618522644
test_07638,0.3712899088859558
test_07639,0.2613956034183502
test_07640,0.20841233432292938
test_07641,0.19136308133602142
test_07642,0.2505483627319336
test_07643,0.010685957036912441
test_07644,0.5819540023803711
test_07645,0.0201018787920475
test_07646,0.36763495206832886
test_07647,0.0921267420053482
test_07648,0.030826624482870102
test_07649,0.2662498354911804
test_07650,0.3623463213443756
test_07651,0.377056747674942
test_07652,0.08602720499038696
test_07653,0.011078761890530586
test_07654,0.5409986972808838
test_07655,0.28754571080207825
test_07656,0.31585440039634705
test_07657,0.9790528416633606
test_07658,5.913817585678771e-05
test_07659,0.1436503827571869
test_07660,0.0790884792804718
test_07661,0.011944778263568878
test_07662,0.40699145197868347
test_07663,0.021578405052423477
test_07664,0.24856944382190704
test_07665,0.2361343652009964
test_07666,0.08271988481283188
test_07667,0.11740421503782272
test_07668,0.005937817506492138
test_07669,0.8546597957611084
test_07670,0.006405605468899012
test_07671,0.03482537344098091
test_07672,0.005359026603400707
test_07673,0.14001932740211487
test_07674,0.18305833637714386
test_07675,0.3938312828540802
test_07676,0.5311126112937927
test_07677,0.000526593008544296
test_07678,0.5250284075737
test_07679,0.04624004662036896
test_07680,0.5201080441474915
test_07681,0.2049991935491562
test_07682,0.10839424282312393
test_07683,0.027891501784324646
test_07684,0.28701353073120117
test_07685,0.6181774139404297
test_07686,0.08130284398794174
test_07687,0.21524536609649658
test_07688,0.3334197700023651
test_07689,0.2792808413505554
test_07690,0.052415527403354645
test_07691,0.019449934363365173
test_07692,0.3185868263244629
test_07693,0.5138711929321289
test_07694,0.05695170536637306
test_07695,0.3100840747356415
test_07696,0.22817037999629974
test_07697,0.07062480598688126
test_07698,0.18970918655395508
test_07699,0.22242416441440582
test_07700,0.5748102068901062
test_07701,0.2326250672340393
test_07702,0.175363227725029
test_07703,0.024902908131480217
test_07704,0.6908326148986816
test_07705,0.18656747043132782
test_07706,0.20968693494796753
test_07707,0.10341594368219376
test_07708,0.9350209832191467
test_07709,0.011809942312538624
test_07710,0.13434383273124695
test_07711,0.6320816874504089
test_07712,0.00895754899829626
test_07713,0.012082774192094803
test_07714,0.028392966836690903
test_07715,0.057433489710092545
test_07716,0.13173429667949677
test_07717,4.208736936561763e-05
test_07718,0.017213786020874977
test_07719,0.18668513000011444
test_07720,0.0006280945963226259
test_07721,0.06371857970952988
test_07722,0.32063570618629456
test_07723,0.023181069642305374
test_07724,0.39731234312057495
test_07725,0.2602325975894928
test_07726,0.20422574877738953
test_07727,0.014250410720705986
test_07728,0.025504618883132935
test_07729,0.049557920545339584
test_07730,0.2694264054298401
test_07731,0.0001135335405706428
test_07732,0.20565451681613922
test_07733,0.614482045173645
test_07734,0.1876453459262848
test_07735,0.40475791692733765
test_07736,0.0059387520886957645
test_07737,0.12050090730190277
test_07738,0.0007003723294474185
test_07739,0.3154313266277313
test_07740,0.3538052439689636
test_07741,0.07541400194168091
test_07742,0.39679965376853943
test_07743,0.6315969824790955
test_07744,0.24573391675949097
test_07745,0.44492363929748535
test_07746,0.2726370096206665
test_07747,0.46496957540512085
test_07748,0.016845988109707832
test_07749,0.3948814570903778
test_07750,0.12421923130750656
test_07751,0.10758735239505768
test_07752,0.0035675379913300276
test_07753,0.1118599995970726
test_07754,0.2112029492855072
test_07755,0.011817574501037598
test_07756,0.26025301218032837
test_07757,3.350106635480188e-05
test_07758,0.023378821089863777
test_07759,0.072743721306324
test_07760,0.00035576437949202955
test_07761,0.001704309368506074
test_07762,0.7171753644943237
test_07763,0.2658085823059082
test_07764,0.36215856671333313
test_07765,0.00036291894502937794
test_07766,0.5874969363212585
test_07767,0.01278682891279459
test_07768,0.6039377450942993
test_07769,6.452210527641e-06
test_07770,0.007094056345522404
test_07771,0.03669942542910576
test_07772,0.20943568646907806
test_07773,0.2567439079284668
test_07774,8.095783414319158e-05
test_07775,0.18743279576301575
test_07776,0.5024944543838501
test_07777,0.15492336452007294
test_07778,0.19137154519557953
test_07779,0.8013213276863098
test_07780,0.017264097929000854
test_07781,0.0018325879937037826
test_07782,0.13424386084079742
test_07783,8.373828313779086e-05
test_07784,0.06732197105884552
test_07785,0.19494478404521942
test_07786,0.133603036403656
test_07787,0.4902888536453247
test_07788,0.014739862643182278
test_07789,0.2690519690513611
test_07790,0.4674024283885956
test_07791,0.4651091396808624
test_07792,0.2534205913543701
test_07793,9.358582246932201e-06
test_07794,0.3703799545764923
test_07795,0.28671589493751526
test_07796,0.12050403654575348
test_07797,0.24944506585597992
test_07798,0.05922071635723114
test_07799,0.1793985515832901
test_07800,0.29977959394454956
test_07801,0.002123795682564378
test_07802,0.012989133596420288
test_07803,0.13722334802150726
test_07804,0.0031699182000011206
test_07805,0.03621412813663483
test_07806,0.004473021253943443
test_07807,0.3004690706729889
test_07808,0.0011445098789408803
test_07809,0.1553594470024109
test_07810,0.026891302317380905
test_07811,0.4509110152721405
test_07812,0.3747330605983734
test_07813,0.5868214964866638
test_07814,0.30579936504364014
test_07815,0.0003885494079440832
test_07816,0.0010209933388978243
test_07817,0.324291855096817
test_07818,5.756967311754124e-06
test_07819,0.37380245327949524
test_07820,5.0562921387609094e-05
test_07821,0.3111763000488281
test_07822,0.0004420279583428055
test_07823,2.441467813696363e-06
test_07824,0.5100439190864563
test_07825,0.20256242156028748
test_07826,0.21264782547950745
test_07827,0.013286208733916283
test_07828,0.020836317911744118
test_07829,0.13652068376541138
test_07830,0.16214394569396973
test_07831,0.08849195390939713
test_07832,0.25896745920181274
test_07833,0.14037035405635834
test_07834,0.00877381581813097
test_07835,0.11350308358669281
test_07836,0.19877807796001434
test_07837,1.1622051715676207e-05
test_07838,0.1917213648557663
test_07839,0.06347525864839554
test_07840,0.39950233697891235
test_07841,0.6927603483200073
test_07842,0.34484389424324036
test_07843,3.992303754785098e-05
test_07844,0.3552328944206238
test_07845,0.7796506881713867
test_07846,0.06077217683196068
test_07847,0.3643009662628174
test_07848,0.10840392857789993
test_07849,0.5474013686180115
test_07850,0.2223617136478424
test_07851,0.42126235365867615
test_07852,0.4508053660392761
test_07853,0.02749732881784439
test_07854,0.27735447883605957
test_07855,0.6196463704109192
test_07856,0.07931201159954071
test_07857,0.03803110495209694
test_07858,0.22699688374996185
test_07859,0.4945414662361145
test_07860,0.06984027475118637
test_07861,0.5329552292823792
test_07862,4.5601496822200716e-05
test_07863,0.442778617143631
test_07864,0.2951151430606842
test_07865,0.22304607927799225
test_07866,0.33496198058128357
test_07867,0.0007852400885894895
test_07868,0.875217616558075
test_07869,0.2746785581111908
test_07870,0.0002616012643557042
test_07871,0.0005029799067415297
test_07872,0.2895481288433075
test_07873,2.5752279952939716e-07
test_07874,0.2117907553911209
test_07875,0.0001102631285903044
test_07876,0.03259009122848511
test_07877,0.01225128211081028
test_07878,0.01967461220920086
test_07879,0.0003531884867697954
test_07880,0.41172027587890625
test_07881,0.24374622106552124
test_07882,0.4596351385116577
test_07883,0.19268423318862915
test_07884,0.39752545952796936
test_07885,0.20553405582904816
test_07886,0.025075392797589302
test_07887,0.35207125544548035
test_07888,0.04709194600582123
test_07889,0.022106226533651352
test_07890,0.29945191740989685
test_07891,0.7761768102645874
test_07892,0.43860960006713867
test_07893,0.6824008226394653
test_07894,0.07934798300266266
test_07895,0.22076371312141418
test_07896,0.1430763602256775
test_07897,0.005849963519722223
test_07898,0.20670992136001587
test_07899,0.2685616612434387
test_07900,0.0003008093044627458
test_07901,0.4105086922645569
test_07902,4.075353353982791e-05
test_07903,0.13191890716552734
test_07904,0.03773334622383118
test_07905,0.3677527606487274
test_07906,0.0014876986388117075
test_07907,0.12391006201505661
test_07908,0.09490220993757248
test_07909,0.06832005083560944
test_07910,0.31320953369140625
test_07911,0.4105261564254761
test_07912,0.024689581245183945
test_07913,3.3393193007213995e-05
test_07914,0.0021141034085303545
test_07915,0.0010907509131357074
test_07916,0.4087701141834259
test_07917,0.00038544635754078627
test_07918,0.024992685765028
test_07919,0.15038377046585083
test_07920,0.02532772161066532
test_07921,0.17174650728702545
test_07922,0.11190550774335861
test_07923,0.20247305929660797
test_07924,0.0005691454862244427
test_07925,0.0652608871459961
test_07926,0.33683067560195923
test_07927,0.33285626769065857
test_07928,0.005897176451981068
test_07929,0.0011992445215582848
test_07930,0.21190018951892853
test_07931,0.14530208706855774
test_07932,0.5708150863647461
test_07933,0.29472577571868896
test_07934,0.008645743131637573
test_07935,0.02276322804391384
test_07936,0.23517675697803497
test_07937,0.02287524938583374
test_07938,0.37529072165489197
test_07939,0.01229794230312109
test_07940,0.26818153262138367
test_07941,0.11931206285953522
test_07942,0.057702165096998215
test_07943,0.5403364896774292
test_07944,0.03283936530351639
test_07945,0.045423489063978195
test_07946,0.0025639384984970093
test_07947,0.03132356330752373
test_07948,0.19413349032402039
test_07949,0.09900333732366562
test_07950,0.3368264138698578
test_07951,0.0031606382690370083
test_07952,0.3757322430610657
test_07953,0.02800600789487362
test_07954,0.004070321563631296
test_07955,0.041323527693748474
test_07956,0.26879647374153137
test_07957,0.427779883146286
test_07958,0.12809568643569946
test_07959,0.7948518395423889
test_07960,0.1452334225177765
test_07961,0.02561541460454464
test_07962,0.11343900859355927
test_07963,0.08395692706108093
test_07964,1.2963909284735564e-05
test_07965,6.123517960077152e-05
test_07966,0.6360254287719727
test_07967,0.8600306510925293
test_07968,4.5179813241702504e-06
test_07969,0.019911667332053185
test_07970,0.0007737568230368197
test_07971,0.008794637396931648
test_07972,0.1650814414024353
test_07973,0.09931086003780365
test_07974,0.24122729897499084
test_07975,0.17421701550483704
test_07976,0.3438449501991272
test_07977,0.00030225329101085663
test_07978,0.3959173560142517
test_07979,0.0007210599142126739
test_07980,0.1165410652756691
test_07981,0.425977498292923
test_07982,0.13544031977653503
test_07983,0.023220598697662354
test_07984,0.033332791179418564
test_07985,0.312167763710022
test_07986,0.1274576336145401
test_07987,0.0006647025002166629
test_07988,0.2802340090274811
test_07989,0.13098007440567017
test_07990,0.27066126465797424
test_07991,0.5070728659629822
test_07992,0.0040534790605306625
test_07993,0.883317768573761
test_07994,0.46731245517730713
test_07995,0.05309446528553963
test_07996,0.0012596017913892865
test_07997,0.01804342307150364
test_07998,0.21560682356357574
test_07999,0.04695482552051544
test_08000,0.24751991033554077
test_08001,7.468324474757537e-05
test_08002,0.009449545294046402
test_08003,0.02479173056781292
test_08004,0.006233920343220234
test_08005,0.18398259580135345
test_08006,0.3292810618877411
test_08007,0.048444025218486786
test_08008,0.20544283092021942
test_08009,0.05493631213903427
test_08010,0.41559502482414246
test_08011,0.012829943560063839
test_08012,0.7988755106925964
test_08013,0.039206717163324356
test_08014,0.17204788327217102
test_08015,0.09963946044445038
test_08016,0.5438342094421387
test_08017,0.09664154052734375
test_08018,0.030821578577160835
test_08019,0.057570964097976685
test_08020,0.5383480787277222
test_08021,0.26727938652038574
test_08022,0.037500109523534775
test_08023,0.0006074682460166514
test_08024,0.001321141142398119
test_08025,0.28256329894065857
test_08026,0.38697218894958496
test_08027,0.10043270885944366
test_08028,0.201900914311409
test_08029,0.7416845560073853
test_08030,0.5157725811004639
test_08031,0.19529536366462708
test_08032,0.016272498294711113
test_08033,0.029188958927989006
test_08034,0.5027167797088623
test_08035,0.3871493339538574
test_08036,0.21258845925331116
test_08037,0.013369782827794552
test_08038,0.2994571030139923
test_08039,0.24416090548038483
test_08040,0.29582569003105164
test_08041,0.010028736665844917
test_08042,0.006618116050958633
test_08043,0.1954265981912613
test_08044,0.023729460313916206
test_08045,0.525734543800354
test_08046,0.27183520793914795
test_08047,0.002188598271459341
test_08048,0.13648654520511627
test_08049,0.17304633557796478
test_08050,0.0003860155993606895
test_08051,0.2089083194732666
test_08052,0.9709128141403198
test_08053,0.16173052787780762
test_08054,0.08103182166814804
test_08055,0.030445687472820282
test_08056,0.001897013164125383
test_08057,0.007998661138117313
test_08058,0.00195590709336102
test_08059,0.3148825466632843
test_08060,0.9949053525924683
test_08061,0.32942837476730347
test_08062,0.10442039370536804
test_08063,0.38876891136169434
test_08064,0.22851994633674622
test_08065,0.21592196822166443
test_08066,0.6176227927207947
test_08067,0.5267894864082336
test_08068,0.5478118062019348
test_08069,0.27197879552841187
test_08070,0.01308507565408945
test_08071,0.37578085064888
test_08072,0.09278083592653275
test_08073,0.04963571950793266
test_08074,0.3888820707798004
test_08075,0.3917219936847687
test_08076,0.11860852688550949
test_08077,0.04395841062068939
test_08078,0.25677773356437683
test_08079,0.0017376190517097712
test_08080,0.034836746752262115
test_08081,0.2793312072753906
test_08082,0.344213604927063
test_08083,0.8938984870910645
test_08084,0.011449135839939117
test_08085,0.01185683999210596
test_08086,0.07407236844301224
test_08087,0.0007955055334605277
test_08088,0.3039059042930603
test_08089,0.058127548545598984
test_08090,0.16668547689914703
test_08091,0.5447496175765991
test_08092,0.43004176020622253
test_08093,0.22853393852710724
test_08094,0.10109759122133255
test_08095,0.23753176629543304
test_08096,0.05951642617583275
test_08097,0.281146377325058
test_08098,0.02650873363018036
test_08099,0.2834737300872803
test_08100,0.28584057092666626
test_08101,0.008474570699036121
test_08102,0.00026079194503836334
test_08103,0.02418234758079052
test_08104,3.16157347697299e-05
test_08105,0.8123687505722046
test_08106,0.14434556663036346
test_08107,0.35245755314826965
test_08108,0.4034842252731323
test_08109,0.269167959690094
test_08110,0.0776558369398117
test_08111,0.2504558265209198
test_08112,0.27881920337677
test_08113,2.7249387130723335e-05
test_08114,0.13637597858905792
test_08115,0.1117062196135521
test_08116,0.22482608258724213
test_08117,0.1828998625278473
test_08118,0.26385852694511414
test_08119,0.3769848346710205
test_08120,0.025282323360443115
test_08121,0.04669875651597977
test_08122,0.0789533257484436
test_08123,0.011964338831603527
test_08124,0.19232064485549927
test_08125,0.2799225449562073
test_08126,0.27137571573257446
test_08127,0.006169813685119152
test_08128,0.2779794931411743
test_08129,0.008594284765422344
test_08130,0.41377872228622437
test_08131,0.2040567249059677
test_08132,0.0006471311207860708
test_08133,0.3397749662399292
test_08134,0.3677893579006195
test_08135,0.7099037766456604
test_08136,0.10802828520536423
test_08137,0.13039618730545044
test_08138,0.042666301131248474
test_08139,0.3001217544078827
test_08140,0.0005175762926228344
test_08141,0.3217945396900177
test_08142,0.049252524971961975
test_08143,0.33180683851242065
test_08144,0.3709948658943176
test_08145,0.3049478828907013
test_08146,0.3392604887485504
test_08147,0.09720505774021149
test_08148,0.14577102661132812
test_08149,5.989757846691646e-05
test_08150,0.41047534346580505
test_08151,0.29796549677848816
test_08152,0.17814648151397705
test_08153,0.28864479064941406
test_08154,0.3136473298072815
test_08155,0.306660920381546
test_08156,1.6393018086091615e-05
test_08157,0.002098540309816599
test_08158,0.006290513090789318
test_08159,0.1500169187784195
test_08160,0.7770463228225708
test_08161,0.31708231568336487
test_08162,0.17082197964191437
test_08163,0.2454182505607605
test_08164,0.007543106097728014
test_08165,0.07991831749677658
test_08166,0.0815078541636467
test_08167,0.09458008408546448
test_08168,0.24793380498886108
test_08169,0.156967431306839
test_08170,0.042079925537109375
test_08171,0.12504225969314575
test_08172,0.15735825896263123
test_08173,0.298462450504303
test_08174,0.4233222007751465
test_08175,0.528550386428833
test_08176,0.001444608555175364
test_08177,0.44724854826927185
test_08178,0.5064806342124939
test_08179,0.6406976580619812
test_08180,0.015961017459630966
test_08181,0.012291508726775646
test_08182,0.22605115175247192
test_08183,0.6015616655349731
test_08184,0.4606906771659851
test_08185,0.3147069215774536
test_08186,0.3609888255596161
test_08187,0.04701194539666176
test_08188,0.020932873710989952
test_08189,0.023760061711072922
test_08190,0.3805939257144928
test_08191,0.4474680721759796
test_08192,0.5636565685272217
test_08193,0.10509150475263596
test_08194,0.017195958644151688
test_08195,0.007514947559684515
test_08196,0.0718979611992836
test_08197,0.005513235926628113
test_08198,0.6741859912872314
test_08199,0.1793132722377777
test_08200,0.14464543759822845
test_08201,0.07245805114507675
test_08202,0.33821988105773926
test_08203,0.5713301301002502
test_08204,0.22733697295188904
test_08205,0.4428211748600006
test_08206,0.3490089178085327
test_08207,0.6249424815177917
test_08208,0.21108990907669067
test_08209,0.14675776660442352
test_08210,0.04305830970406532
test_08211,0.00023624864115845412
test_08212,0.07406924664974213
test_08213,0.0004359007580205798
test_08214,0.002454439178109169
test_08215,0.1367092728614807
test_08216,0.15278269350528717
test_08217,0.041338786482810974
test_08218,0.23314455151557922
test_08219,0.0010542223462834954
test_08220,0.0037862437311559916
test_08221,0.02561575174331665
test_08222,0.21399688720703125
test_08223,0.0003600503841880709
test_08224,8.827749115880579e-05
test_08225,0.00011118603288196027
test_08226,0.3114348351955414
test_08227,0.6419053673744202
test_08228,0.306257426738739
test_08229,0.001798896468244493
test_08230,0.04883017763495445
test_08231,0.031967893242836
test_08232,0.011706087738275528
test_08233,0.0042562843300402164
test_08234,0.0005345568060874939
test_08235,0.009092685766518116
test_08236,0.005243425723165274
test_08237,0.4065213203430176
test_08238,0.13184039294719696
test_08239,0.3186284601688385
test_08240,0.5231088995933533
test_08241,0.4174685478210449
test_08242,0.37914085388183594
test_08243,0.017337927594780922
test_08244,0.052359700202941895
test_08245,0.43070200085639954
test_08246,0.5055580735206604
test_08247,0.004417533054947853
test_08248,0.078926682472229
test_08249,0.3902229070663452
test_08250,0.2190515697002411
test_08251,0.1987045854330063
test_08252,0.578298032283783
test_08253,0.002594416029751301
test_08254,0.4495333135128021
test_08255,0.004651940427720547
test_08256,0.0018877122784033418
test_08257,0.1083255335688591
test_08258,0.31049826741218567
test_08259,0.5057178735733032
test_08260,0.5478989481925964
test_08261,0.2078516185283661
test_08262,0.15589267015457153
test_08263,0.5527903437614441
test_08264,0.5472192764282227
test_08265,0.2989543080329895
test_08266,0.33474189043045044
test_08267,0.18936169147491455
test_08268,0.23832756280899048
test_08269,0.007909835316240788
test_08270,0.10859660059213638
test_08271,0.36468440294265747
test_08272,0.22488094866275787
test_08273,0.10251214355230331
test_08274,0.05548695847392082
test_08275,0.06558376550674438
test_08276,0.45633363723754883
test_08277,0.0003897249698638916
test_08278,0.16763617098331451
test_08279,0.3504289984703064
test_08280,0.007359075825661421
test_08281,0.16916263103485107
test_08282,0.09611700475215912
test_08283,0.31871724128723145
test_08284,0.014876914210617542
test_08285,0.25454944372177124
test_08286,0.0017557840328663588
test_08287,0.2603711783885956
test_08288,0.021213097497820854
test_08289,0.16627927124500275
test_08290,0.0011842144886031747
test_08291,0.08123902231454849
test_08292,0.007445172872394323
test_08293,0.3396378457546234
test_08294,0.29984986782073975
test_08295,0.3578328490257263
test_08296,0.22648105025291443
test_08297,0.1657886952161789
test_08298,0.005614645313471556
test_08299,0.0002072786446660757
test_08300,0.18015626072883606
test_08301,0.03846300020813942
test_08302,0.5433187484741211
test_08303,0.00342917675152421
test_08304,0.5652469396591187
test_08305,0.002806236734613776
test_08306,0.0036057988181710243
test_08307,0.2627352774143219
test_08308,0.2176680564880371
test_08309,0.22669850289821625
test_08310,0.628524661064148
test_08311,0.2194787561893463
test_08312,0.4265940189361572
test_08313,0.28738081455230713
test_08314,0.14154832065105438
test_08315,0.026743385940790176
test_08316,0.1247844398021698
test_08317,0.45067450404167175
test_08318,1.3296341421664692e-05
test_08319,0.05523793026804924
test_08320,0.001715783728286624
test_08321,0.09713093191385269
test_08322,0.010060581378638744
test_08323,0.742725670337677
test_08324,0.3302377164363861
test_08325,0.7271006107330322
test_08326,0.513978123664856
test_08327,0.24255703389644623
test_08328,0.3030739426612854
test_08329,0.19909317791461945
test_08330,0.01464757602661848
test_08331,0.010319821536540985
test_08332,0.0745796486735344
test_08333,0.11326463520526886
test_08334,0.07252582907676697
test_08335,0.31218552589416504
test_08336,0.0066203773021698
test_08337,0.0739934965968132
test_08338,0.026838315650820732
test_08339,0.016671136021614075
test_08340,8.341925422428176e-06
test_08341,0.427722305059433
test_08342,0.2650333344936371
test_08343,0.4468816816806793
test_08344,0.3964840769767761
test_08345,0.3368675410747528
test_08346,0.08271369338035583
test_08347,0.0015705154510214925
test_08348,0.087277352809906
test_08349,0.12642237544059753
test_08350,0.4145285189151764
test_08351,0.10503077507019043
test_08352,0.061123915016651154
test_08353,0.2856382131576538
test_08354,0.20361627638339996
test_08355,0.4184245765209198
test_08356,0.47774097323417664
test_08357,9.374070941703394e-05
test_08358,0.0002456969814375043
test_08359,0.04411725699901581
test_08360,0.09977538883686066
test_08361,0.0008897132356651127
test_08362,2.7610488473328587e-07
test_08363,0.02079375833272934
test_08364,0.27686670422554016
test_08365,0.3039757013320923
test_08366,0.08829986304044724
test_08367,0.04382263496518135
test_08368,0.13236762583255768
test_08369,0.02238542214035988
test_08370,0.1454106569290161
test_08371,0.005685203243046999
test_08372,0.20542816817760468
test_08373,0.46315798163414
test_08374,0.4118601679801941
test_08375,0.23903842270374298
test_08376,0.3528037667274475
test_08377,0.10597507655620575
test_08378,0.2987413704395294
test_08379,0.009054947644472122
test_08380,0.22949397563934326
test_08381,0.4579269587993622
test_08382,0.2785503566265106
test_08383,0.4135378301143646
test_08384,0.0047080060467123985
test_08385,0.24202628433704376
test_08386,0.0002532126090954989
test_08387,0.002115348121151328
test_08388,5.141445581102744e-05
test_08389,0.32879385352134705
test_08390,0.027176031842827797
test_08391,0.23107610642910004
test_08392,0.5748304724693298
test_08393,0.0010679190745577216
test_08394,0.005440918728709221
test_08395,0.38358187675476074
test_08396,0.24408107995986938
test_08397,0.02098265290260315
test_08398,0.021341806277632713
test_08399,0.006792536936700344
test_08400,0.15761896967887878
test_08401,0.1460232138633728
test_08402,0.15139074623584747
test_08403,0.03889250382781029
test_08404,0.02456376887857914
test_08405,4.194580833427608e-05
test_08406,0.20633302628993988
test_08407,0.5711519122123718
test_08408,0.05321982875466347
test_08409,0.0008157992851920426
test_08410,0.35273709893226624
test_08411,0.015445878729224205
test_08412,0.8436731696128845
test_08413,0.42175978422164917
test_08414,0.10908704996109009
test_08415,9.847251931205392e-05
test_08416,0.009803487919270992
test_08417,0.3122328817844391
test_08418,0.5123251080513
test_08419,0.29134055972099304
test_08420,0.5677048563957214
test_08421,0.19846737384796143
test_08422,0.43089860677719116
test_08423,0.34657859802246094
test_08424,0.22974611818790436
test_08425,0.0014361734502017498
test_08426,0.03440484404563904
test_08427,0.35470160841941833
test_08428,0.16938330233097076
test_08429,0.017020879313349724
test_08430,0.2362619787454605
test_08431,0.3674050569534302
test_08432,0.3371495306491852
test_08433,0.3343544006347656
test_08434,0.4190591871738434
test_08435,0.10345946997404099
test_08436,0.11334466934204102
test_08437,0.00010463863145560026
test_08438,0.18965394794940948
test_08439,0.3326868712902069
test_08440,0.3771583139896393
test_08441,0.012218429706990719
test_08442,0.4814653992652893
test_08443,0.0037119071930646896
test_08444,0.11542115360498428
test_08445,0.32711732387542725
test_08446,0.009369565173983574
test_08447,0.3036067485809326
test_08448,0.45241430401802063
test_08449,0.03944805637001991
test_08450,0.43885958194732666
test_08451,0.4606020152568817
test_08452,0.17923733592033386
test_08453,0.07534259557723999
test_08454,0.012255229987204075
test_08455,0.23516082763671875
test_08456,0.5800232291221619
test_08457,0.23939743638038635
test_08458,0.04018919914960861
test_08459,0.024007204920053482
test_08460,0.16059379279613495
test_08461,0.013093545101583004
test_08462,0.13950501382350922
test_08463,0.3636154234409332
test_08464,0.13434498012065887
test_08465,0.2415439486503601
test_08466,0.005407346412539482
test_08467,0.07128861546516418
test_08468,0.09671855717897415
test_08469,0.08582217246294022
test_08470,0.020576804876327515
test_08471,5.962249997537583e-05
test_08472,0.013354683294892311
test_08473,0.28673747181892395
test_08474,0.30060285329818726
test_08475,0.00022862371406517923
test_08476,0.29718005657196045
test_08477,0.23957641422748566
test_08478,0.44535818696022034
test_08479,0.018995098769664764
test_08480,0.33014121651649475
test_08481,0.0318562313914299
test_08482,0.7709384560585022
test_08483,0.11511146277189255
test_08484,0.007811718620359898
test_08485,0.6166799068450928
test_08486,0.5118827819824219
test_08487,0.06265668570995331
test_08488,0.4495982527732849
test_08489,0.18956473469734192
test_08490,0.31016162037849426
test_08491,0.8949065804481506
test_08492,0.06162839010357857
test_08493,0.2504742741584778
test_08494,0.2913479804992676
test_08495,0.33751583099365234
test_08496,0.060375459492206573
test_08497,0.3290906548500061
test_08498,0.00185299851000309
test_08499,0.2665693461894989
test_08500,0.5995051264762878
test_08501,0.30984142422676086
test_08502,0.0361870713531971
test_08503,0.17454978823661804
test_08504,0.5303519368171692
test_08505,0.0032357540912926197
test_08506,0.11105764657258987
test_08507,0.0003709249140229076
test_08508,0.22205571830272675
test_08509,0.11438929289579391
test_08510,0.14743849635124207
test_08511,0.2812897264957428
test_08512,0.36334699392318726
test_08513,0.3449350893497467
test_08514,0.17669323086738586
test_08515,0.8287608623504639
test_08516,0.45400765538215637
test_08517,0.5998363494873047
test_08518,0.5308299660682678
test_08519,0.10936576873064041
test_08520,0.2437385767698288
test_08521,0.011567942798137665
test_08522,0.057123057544231415
test_08523,0.011843472719192505
test_08524,0.049119316041469574
test_08525,0.8857238292694092
test_08526,0.001798554090783
test_08527,0.00032221493893302977
test_08528,0.0010582170216366649
test_08529,0.5208796858787537
test_08530,0.050385504961013794
test_08531,0.09205134958028793
test_08532,0.07005327939987183
test_08533,0.4803863763809204
test_08534,0.010282219387590885
test_08535,0.34450095891952515
test_08536,2.1043695596745238e-05
test_08537,0.013311224058270454
test_08538,0.20482970774173737
test_08539,0.11041121929883957
test_08540,0.46419757604599
test_08541,0.004500864073634148
test_08542,0.5875873565673828
test_08543,0.0016398715088143945
test_08544,0.7060660719871521
test_08545,0.5067492127418518
test_08546,0.58938068151474
test_08547,0.049460362643003464
test_08548,0.12345527112483978
test_08549,0.09931548684835434
test_08550,0.5051092505455017
test_08551,0.01496895682066679
test_08552,0.010402332991361618
test_08553,0.28110471367836
test_08554,0.0021572320256382227
test_08555,0.33222851157188416
test_08556,0.005714277736842632
test_08557,0.08421678096055984
test_08558,0.1345158815383911
test_08559,0.07621697336435318
test_08560,0.20558050274848938
test_08561,0.11842387169599533
test_08562,0.08949890732765198
test_08563,0.03543548658490181
test_08564,0.021720092743635178
test_08565,0.005074790678918362
test_08566,0.1476239264011383
test_08567,5.389148100221064e-06
test_08568,0.26498574018478394
test_08569,0.12065409123897552
test_08570,0.0002892430347856134
test_08571,0.3432615399360657
test_08572,0.2738405764102936
test_08573,0.3334446847438812
test_08574,0.049435947090387344
test_08575,0.24900002777576447
test_08576,0.010057594627141953
test_08577,0.08257994800806046
test_08578,4.021852006985682e-08
test_08579,0.00581260584294796
test_08580,0.3573208153247833
test_08581,0.005315229296684265
test_08582,0.20746150612831116
test_08583,0.0010789067018777132
test_08584,0.010024070739746094
test_08585,0.279523640871048
test_08586,0.2192397117614746
test_08587,0.2337203323841095
test_08588,0.40150001645088196
test_08589,0.24666061997413635
test_08590,0.9324507713317871
test_08591,0.0880545973777771
test_08592,0.11887623369693756
test_08593,0.0069208391942083836
test_08594,0.16010060906410217
test_08595,0.08316976577043533
test_08596,0.5707610249519348
test_08597,0.1488858163356781
test_08598,0.19452707469463348
test_08599,0.3904290199279785
test_08600,0.5636097192764282
test_08601,0.01278070267289877
test_08602,0.5357652902603149
test_08603,0.5194307565689087
test_08604,0.008454968221485615
test_08605,0.03679702803492546
test_08606,0.479977548122406
test_08607,0.04907761886715889
test_08608,0.16514472663402557
test_08609,0.056250330060720444
test_08610,0.4312182664871216
test_08611,0.1842186599969864
test_08612,0.04133196175098419
test_08613,0.3792272210121155
test_08614,0.5412529110908508
test_08615,0.6847653985023499
test_08616,0.45139649510383606
test_08617,1.485944380874571e-07
test_08618,2.7600179237197153e-05
test_08619,0.0028117490001022816
test_08620,0.43311384320259094
test_08621,0.0035264231264591217
test_08622,0.005044221878051758
test_08623,0.005380510818213224
test_08624,0.2503844201564789
test_08625,0.29524779319763184
test_08626,0.15523827075958252
test_08627,0.4289886951446533
test_08628,0.2552337944507599
test_08629,0.32437363266944885
test_08630,0.15052101016044617
test_08631,0.42243313789367676
test_08632,0.0002175543922930956
test_08633,0.35511913895606995
test_08634,0.3460398316383362
test_08635,0.06396182626485825
test_08636,0.08880508691072464
test_08637,0.22999735176563263
test_08638,0.4882776439189911
test_08639,0.10901489108800888
test_08640,0.3225715756416321
test_08641,0.4847872853279114
test_08642,0.47141990065574646
test_08643,0.07643477618694305
test_08644,0.055121663957834244
test_08645,0.016724444925785065
test_08646,0.08997508883476257
test_08647,0.1793048232793808
test_08648,0.03608756512403488
test_08649,0.2756819427013397
test_08650,0.00874944869428873
test_08651,0.48324301838874817
test_08652,0.4076012372970581
test_08653,0.438767671585083
test_08654,0.07385258376598358
test_08655,0.11998911201953888
test_08656,0.24128827452659607
test_08657,0.1284816563129425
test_08658,0.03434353694319725
test_08659,0.01607733778655529
test_08660,0.3720090389251709
test_08661,0.036417245864868164
test_08662,0.2771416902542114
test_08663,0.010601048357784748
test_08664,0.21695207059383392
test_08665,0.0068657053634524345
test_08666,0.9691615700721741
test_08667,0.0011238229926675558
test_08668,0.42154067754745483
test_08669,0.5183848142623901
test_08670,0.0762326642870903
test_08671,0.05923669412732124
test_08672,0.3205207884311676
test_08673,0.5413536429405212
test_08674,0.2091750204563141
test_08675,0.0023343851789832115
test_08676,0.5392504334449768
test_08677,0.08070369809865952
test_08678,0.28734439611434937
test_08679,0.11811108142137527
test_08680,0.41922396421432495
test_08681,0.2278948724269867
test_08682,0.04503058269619942
test_08683,0.10349774360656738
test_08684,0.1930098682641983
test_08685,0.017459843307733536
test_08686,0.034105852246284485
test_08687,0.28513455390930176
test_08688,0.4424974322319031
test_08689,0.09840384870767593
test_08690,0.35144731402397156
test_08691,0.7109889388084412
test_08692,0.17196397483348846
test_08693,0.029674362391233444
test_08694,0.2289987951517105
test_08695,0.14501029253005981
test_08696,0.0011028138687834144
test_08697,0.27538543939590454
test_08698,0.2639310359954834
test_08699,0.24949271976947784
test_08700,0.4638414680957794
test_08701,0.5035309195518494
test_08702,0.008878456428647041
test_08703,0.09238769859075546
test_08704,0.005899500101804733
test_08705,0.27390795946121216
test_08706,0.008185280486941338
test_08707,0.42355480790138245
test_08708,0.16133475303649902
test_08709,0.32876795530319214
test_08710,0.0009162019705399871
test_08711,0.232629656791687
test_08712,0.041524551808834076
test_08713,0.05136295035481453
test_08714,0.09095299988985062
test_08715,1.8121711036656052e-05
test_08716,0.6934846043586731
test_08717,0.42834293842315674
test_08718,0.013388383202254772
test_08719,0.4496094584465027
test_08720,0.44482097029685974
test_08721,0.15196721255779266
test_08722,0.12506654858589172
test_08723,0.4301004707813263
test_08724,0.0005360042559914291
test_08725,0.3275206387042999
test_08726,0.17518922686576843
test_08727,0.23883068561553955
test_08728,0.001476486911997199
test_08729,0.12218969315290451
test_08730,0.3649114668369293
test_08731,0.026570379734039307
test_08732,0.09342978149652481
test_08733,0.04083797335624695
test_08734,0.06281373649835587
test_08735,0.07432537525892258
test_08736,0.24808692932128906
test_08737,0.07116850465536118
test_08738,0.3037169575691223
test_08739,0.004223518073558807
test_08740,0.04100552201271057
test_08741,0.1204678863286972
test_08742,0.21873469650745392
test_08743,0.16140776872634888
test_08744,0.41878044605255127
test_08745,0.3171781897544861
test_08746,0.034423064440488815
test_08747,0.1302659511566162
test_08748,1.9300300380109547e-07
test_08749,0.8016051054000854
test_08750,0.41441142559051514
test_08751,0.14217370748519897
test_08752,0.004709266126155853
test_08753,0.06869006901979446
test_08754,0.0004904572851955891
test_08755,0.4266188442707062
test_08756,0.24333827197551727
test_08757,0.9500753879547119
test_08758,0.1286628246307373
test_08759,0.0375262014567852
test_08760,0.012836837209761143
test_08761,0.1940620094537735
test_08762,0.18720488250255585
test_08763,0.010431930422782898
test_08764,0.3441418707370758
test_08765,0.02903054840862751
test_08766,0.10008130967617035
test_08767,0.028840167447924614
test_08768,0.6787158846855164
test_08769,0.39122432470321655
test_08770,0.413714200258255
test_08771,0.09652192890644073
test_08772,0.05741945281624794
test_08773,0.023993393406271935
test_08774,8.17134277895093e-05
test_08775,0.14471109211444855
test_08776,0.46440812945365906
test_08777,0.07576114684343338
test_08778,0.046281080693006516
test_08779,0.24020422995090485
test_08780,0.00015625984815414995
test_08781,0.20099027454853058
test_08782,0.009356177411973476
test_08783,0.14069132506847382
test_08784,0.19864527881145477
test_08785,0.001741377403959632
test_08786,0.1826944798231125
test_08787,0.012865479104220867
test_08788,0.22447995841503143
test_08789,0.33290430903434753
test_08790,0.010372835211455822
test_08791,0.10086830705404282
test_08792,0.0008142735459841788
test_08793,0.05993356183171272
test_08794,0.2140575647354126
test_08795,0.2802414000034332
test_08796,0.47407931089401245
test_08797,0.20892088115215302
test_08798,0.26542824506759644
test_08799,0.5878627896308899
test_08800,0.413157194852829
test_08801,0.05503159016370773
test_08802,0.3635590672492981
test_08803,0.6445394158363342
test_08804,0.4014209806919098
test_08805,0.5526668429374695
test_08806,0.29585832357406616
test_08807,0.17573902010917664
test_08808,0.3267669379711151
test_08809,0.1671142727136612
test_08810,0.0007367170182988048
test_08811,0.2337217926979065
test_08812,0.10832212120294571
test_08813,0.2017238289117813
test_08814,0.004271151497960091
test_08815,2.3916940335766412e-05
test_08816,3.624406235758215e-05
test_08817,0.6464678645133972
test_08818,0.16131152212619781
test_08819,0.17518268525600433
test_08820,0.34192875027656555
test_08821,0.08833111077547073
test_08822,0.39795538783073425
test_08823,0.1286810040473938
test_08824,0.000146687583765015
test_08825,0.037963103502988815
test_08826,0.08720258623361588
test_08827,0.0027651148848235607
test_08828,0.20932050049304962
test_08829,0.009054609574377537
test_08830,0.5419914126396179
test_08831,0.22008198499679565
test_08832,0.0010119766229763627
test_08833,0.02609408088028431
test_08834,0.5448857545852661
test_08835,0.005104732234030962
test_08836,0.1101776733994484
test_08837,0.026260433718562126
test_08838,0.2858799993991852
test_08839,0.7973592281341553
test_08840,0.13249441981315613
test_08841,0.4209873378276825
test_08842,0.002060278318822384
test_08843,0.08798420429229736
test_08844,0.4833586513996124
test_08845,0.21621082723140717
test_08846,0.5788022875785828
test_08847,0.41802680492401123
test_08848,0.03538551926612854
test_08849,0.033134400844573975
test_08850,0.35314247012138367
test_08851,0.022133827209472656
test_08852,0.2958261966705322
test_08853,0.3891771733760834
test_08854,0.17683878540992737
test_08855,0.21038274466991425
test_08856,0.02517758123576641
test_08857,0.5371596813201904
test_08858,0.16029776632785797
test_08859,0.15174399316310883
test_08860,0.32094913721084595
test_08861,0.3848952651023865
test_08862,0.22862425446510315
test_08863,0.24801428616046906
test_08864,0.004761730786412954
test_08865,0.047350749373435974
test_08866,0.2248225063085556
test_08867,0.00046200864017009735
test_08868,0.48997601866722107
test_08869,0.20184381306171417
test_08870,0.5496354699134827
test_08871,0.6720702648162842
test_08872,0.030736325308680534
test_08873,0.5208819508552551
test_08874,0.0020358930341899395
test_08875,0.6794633865356445
test_08876,0.5383080840110779
test_08877,0.20875193178653717
test_08878,0.3508857786655426
test_08879,0.5986537337303162
test_08880,0.34199947118759155
test_08881,0.3218727111816406
test_08882,0.1469019055366516
test_08883,0.403767853975296
test_08884,0.026452429592609406
test_08885,0.09089373797178268
test_08886,0.02685658447444439
test_08887,0.05107421800494194
test_08888,0.2874647080898285
test_08889,0.0488865040242672
test_08890,0.24930942058563232
test_08891,0.30743899941444397
test_08892,0.04727497696876526
test_08893,0.06119675934314728
test_08894,0.005430418998003006
test_08895,0.08335090428590775
test_08896,0.7869962453842163
test_08897,0.04514435678720474
test_08898,0.20284025371074677
test_08899,0.015146653167903423
test_08900,0.033810652792453766
test_08901,0.5230996012687683
test_08902,0.4826395809650421
test_08903,0.2137446254491806
test_08904,0.14876848459243774
test_08905,0.032498981803655624
test_08906,0.1922709345817566
test_08907,0.6241498589515686
test_08908,0.6834251284599304
test_08909,0.10706113278865814
test_08910,0.0004456162569113076
test_08911,0.11272775381803513
test_08912,0.3167096674442291
test_08913,0.07746098935604095
test_08914,0.034208450466394424
test_08915,0.42611002922058105
test_08916,0.11643083393573761
test_08917,0.4261425733566284
test_08918,0.24463526904582977
test_08919,0.2832953929901123
test_08920,0.02023603394627571
test_08921,0.5813734531402588
test_08922,0.018573112785816193
test_08923,0.7719107866287231
test_08924,0.6773688793182373
test_08925,0.6102656126022339
test_08926,1.0619020031299442e-05
test_08927,0.022305762395262718
test_08928,0.33621713519096375
test_08929,0.02381119690835476
test_08930,0.5238833427429199
test_08931,0.24039548635482788
test_08932,0.3719882667064667
test_08933,0.30419832468032837
test_08934,0.4084568917751312
test_08935,0.2597712576389313
test_08936,0.06818409264087677
test_08937,0.5132302045822144
test_08938,0.12499073147773743
test_08939,0.11154402047395706
test_08940,5.4986507166177034e-05
test_08941,0.11878074705600739
test_08942,0.26898491382598877
test_08943,0.2731059193611145
test_08944,0.7117913961410522
test_08945,0.22090473771095276
test_08946,0.012646508403122425
test_08947,0.4346643090248108
test_08948,0.18407832086086273
test_08949,0.19658243656158447
test_08950,0.265844464302063
test_08951,0.28280049562454224
test_08952,0.17193275690078735
test_08953,0.6256440281867981
test_08954,0.15658387541770935
test_08955,0.04963244870305061
test_08956,0.4862903654575348
test_08957,0.0013914784649387002
test_08958,0.004846301861107349
test_08959,0.026213694363832474
test_08960,0.16506874561309814
test_08961,0.0011680752504616976
test_08962,0.00027481259894557297
test_08963,0.29053041338920593
test_08964,0.0951153039932251
test_08965,0.2269582599401474
test_08966,0.12041321396827698
test_08967,0.00025342442677356303
test_08968,0.3069656789302826
test_08969,0.28905200958251953
test_08970,0.48108357191085815
test_08971,0.14211705327033997
test_08972,0.3364807069301605
test_08973,0.08881740272045135
test_08974,0.24712896347045898
test_08975,0.08708310127258301
test_08976,0.24697072803974152
test_08977,0.3246188759803772
test_08978,0.07137951999902725
test_08979,0.121733658015728
test_08980,0.0030889855697751045
test_08981,0.39347779750823975
test_08982,0.08382667601108551
test_08983,0.10597647726535797
test_08984,0.5828109979629517
test_08985,0.048848956823349
test_08986,0.4336928129196167
test_08987,0.002465196419507265
test_08988,0.06450597941875458
test_08989,0.25058650970458984
test_08990,0.11938914656639099
test_08991,0.008245915174484253
test_08992,0.10921017080545425
test_08993,0.4506000280380249
test_08994,0.19415615499019623
test_08995,0.020184116438031197
test_08996,0.2702128291130066
test_08997,0.5296523571014404
test_08998,0.3279937505722046
test_08999,0.284966379404068
test_09000,0.5186241865158081
test_09001,0.27447396516799927
test_09002,0.3320293128490448
test_09003,0.5711687207221985
test_09004,0.1521119475364685
test_09005,0.044909171760082245
test_09006,0.3560388386249542
test_09007,0.1190045103430748
test_09008,0.19349011778831482
test_09009,0.026675060391426086
test_09010,0.4027976095676422
test_09011,0.00040238318615593016
test_09012,0.06967049837112427
test_09013,0.14369627833366394
test_09014,0.00056887895334512
test_09015,0.5393732786178589
test_09016,0.17273001372814178
test_09017,0.425409197807312
test_09018,0.9244765639305115
test_09019,0.07971830666065216
test_09020,0.16238507628440857
test_09021,0.1531384289264679
test_09022,0.2616629898548126
test_09023,8.139736746670678e-05
test_09024,0.4602760672569275
test_09025,0.11163295805454254
test_09026,0.5671711564064026
test_09027,0.5727928280830383
test_09028,0.26351940631866455
test_09029,0.32259300351142883
test_09030,0.5514501333236694
test_09031,0.02700674533843994
test_09032,0.1400821954011917
test_09033,0.18052184581756592
test_09034,6.871462392155081e-05
test_09035,0.0017519588582217693
test_09036,0.05663803219795227
test_09037,0.017106687650084496
test_09038,0.0930686742067337
test_09039,0.45560339093208313
test_09040,0.49857184290885925
test_09041,0.00795318279415369
test_09042,0.5049684643745422
test_09043,0.25326845049858093
test_09044,0.30926746129989624
test_09045,0.04317647963762283
test_09046,0.41812005639076233
test_09047,0.19079509377479553
test_09048,0.27895960211753845
test_09049,0.04551015421748161
test_09050,0.2507568895816803
test_09051,0.3664694130420685
test_09052,0.001123894122429192
test_09053,0.39903852343559265
test_09054,0.3882705271244049
test_09055,0.20069435238838196
test_09056,0.2713678479194641
test_09057,0.456541508436203
test_09058,0.14702542126178741
test_09059,0.28113532066345215
test_09060,0.04207978770136833
test_09061,1.1869823538290802e-05
test_09062,0.23968391120433807
test_09063,0.12203650921583176
test_09064,0.0722811222076416
test_09065,0.1970585137605667
test_09066,0.15723948180675507
test_09067,0.09715089946985245
test_09068,0.041187308728694916
test_09069,0.0015503516187891364
test_09070,0.035031795501708984
test_09071,0.141936793923378
test_09072,0.23616954684257507
test_09073,0.17600281536579132
test_09074,0.21616394817829132
test_09075,0.1391676515340805
test_09076,0.0005494459182955325
test_09077,0.4677291810512543
test_09078,0.5297802686691284
test_09079,0.36657288670539856
test_09080,0.006006157491356134
test_09081,0.1663227081298828
test_09082,0.33016565442085266
test_09083,0.3036144971847534
test_09084,0.0007686982862651348
test_09085,0.47084909677505493
test_09086,0.0016112844459712505
test_09087,0.022811036556959152
test_09088,0.0008191765518859029
test_09089,0.374782532453537
test_09090,0.33752912282943726
test_09091,0.00621113320812583
test_09092,0.04835832491517067
test_09093,0.10701528191566467
test_09094,0.89528489112854
test_09095,0.22683019936084747
test_09096,0.00018017052207142115
test_09097,0.038025863468647
test_09098,0.0924098789691925
test_09099,0.2368754893541336
test_09100,0.34673526883125305
test_09101,0.19050827622413635
test_09102,0.022649668157100677
test_09103,0.2822355031967163
test_09104,0.11705466359853745
test_09105,0.1793787032365799
test_09106,0.007239947095513344
test_09107,0.00029506231658160686
test_09108,0.12080254405736923
test_09109,0.020177362486720085
test_09110,0.24274051189422607
test_09111,0.40434885025024414
test_09112,0.2804394066333771
test_09113,0.356912761926651
test_09114,0.016362883150577545
test_09115,0.003680575406178832
test_09116,0.1649419665336609
test_09117,0.0006734651396982372
test_09118,0.23815521597862244
test_09119,0.15137343108654022
test_09120,0.0016829585656523705
test_09121,0.479085773229599
test_09122,0.48233702778816223
test_09123,1.7807245967560448e-05
test_09124,0.15793843567371368
test_09125,0.12773968279361725
test_09126,0.02744321897625923
test_09127,0.251605361700058
test_09128,0.16792155802249908
test_09129,0.0009122377377934754
test_09130,0.48919522762298584
test_09131,0.18768323957920074
test_09132,0.4960729777812958
test_09133,0.21918348968029022
test_09134,0.03785303607583046
test_09135,0.03427744284272194
test_09136,0.6160841584205627
test_09137,0.3663371205329895
test_09138,0.7739539742469788
test_09139,0.27615609765052795
test_09140,0.0065534524619579315
test_09141,0.08562875539064407
test_09142,0.008582835085690022
test_09143,0.3181716203689575
test_09144,0.2193937599658966
test_09145,0.08566845208406448
test_09146,0.018785741180181503
test_09147,0.3948242664337158
test_09148,0.0067482455633580685
test_09149,0.14059945940971375
test_09150,0.10181643813848495
test_09151,0.38067564368247986
test_09152,0.19432467222213745
test_09153,0.1149754673242569
test_09154,0.09727007895708084
test_09155,0.37781691551208496
test_09156,0.2801749110221863
test_09157,3.092694100814697e-07
test_09158,0.5271257162094116
test_09159,0.00799098052084446
test_09160,0.32999593019485474
test_09161,0.4198363721370697
test_09162,0.0030845205765217543
test_09163,0.9277839660644531
test_09164,0.17080257833003998
test_09165,0.020356420427560806
test_09166,0.12783510982990265
test_09167,0.05228550732135773
test_09168,0.04779056832194328
test_09169,0.533309280872345
test_09170,0.2507486045360565
test_09171,0.19043025374412537
test_09172,0.3081079125404358
test_09173,0.5789109468460083
test_09174,0.5062190890312195
test_09175,0.08213845640420914
test_09176,9.802197382668965e-06
test_09177,0.1038355678319931
test_09178,0.27142333984375
test_09179,0.00886432733386755
test_09180,0.0016688273753970861
test_09181,0.04477839171886444
test_09182,0.3823440670967102
test_09183,2.732418238338141e-07
test_09184,8.474523201584816e-05
test_09185,0.007383114192634821
test_09186,0.0999409630894661
test_09187,0.278255432844162
test_09188,0.14529934525489807
test_09189,0.17994505167007446
test_09190,0.06546749919652939
test_09191,0.5582162141799927
test_09192,0.0006316240760497749
test_09193,0.03712443262338638
test_09194,0.1342180222272873
test_09195,0.21756471693515778
test_09196,0.7156811356544495
test_09197,0.11834429204463959
test_09198,0.03593013063073158
test_09199,0.6127139329910278
test_09200,0.11085347831249237
test_09201,0.005623877514153719
test_09202,0.0018155609723180532
test_09203,0.24827860295772552
test_09204,0.4977077841758728
test_09205,0.3829370141029358
test_09206,0.6215797662734985
test_09207,0.0007189572206698358
test_09208,0.1778697520494461
test_09209,0.00047403818462044
test_09210,0.22161616384983063
test_09211,0.31666699051856995
test_09212,0.0005700429319404066
test_09213,0.05260669067502022
test_09214,0.7500072717666626
test_09215,0.49229729175567627
test_09216,0.03413161635398865
test_09217,0.5064464807510376
test_09218,0.4685021638870239
test_09219,0.06809693574905396
test_09220,0.22955049574375153
test_09221,0.3590916693210602
test_09222,0.024278199300169945
test_09223,0.38042235374450684
test_09224,0.3048132359981537
test_09225,0.5626180171966553
test_09226,0.18099845945835114
test_09227,1.1173098357630806e-07
test_09228,0.0022165372502058744
test_09229,0.09194613993167877
test_09230,0.34891653060913086
test_09231,0.2757232189178467
test_09232,0.09876446425914764
test_09233,0.01995007134974003
test_09234,0.5460630655288696
test_09235,0.23691096901893616
test_09236,0.029655029997229576
test_09237,0.05619586631655693
test_09238,0.18669888377189636
test_09239,0.6074362993240356
test_09240,0.1596488654613495
test_09241,0.37301337718963623
test_09242,0.32757171988487244
test_09243,0.11864776909351349
test_09244,0.39849886298179626
test_09245,0.501185417175293
test_09246,0.03268780931830406
test_09247,0.15544849634170532
test_09248,0.19696642458438873
test_09249,0.1851380467414856
test_09250,0.26692700386047363
test_09251,0.059792205691337585
test_09252,0.007447593379765749
test_09253,0.0201007891446352
test_09254,0.477922648191452
test_09255,0.35713791847229004
test_09256,0.4292267858982086
test_09257,0.09819827228784561
test_09258,0.40642133355140686
test_09259,0.09570550918579102
test_09260,0.000151616390212439
test_09261,0.009190506301820278
test_09262,0.3508170545101166
test_09263,0.42153698205947876
test_09264,0.34208810329437256
test_09265,0.40014055371284485
test_09266,0.09025245159864426
test_09267,0.1635817438364029
test_09268,0.2949278652667999
test_09269,0.04662647470831871
test_09270,0.0001824250357458368
test_09271,0.027373449876904488
test_09272,0.10121946781873703
test_09273,0.16584061086177826
test_09274,0.1975717842578888
test_09275,0.014259939081966877
test_09276,0.191956028342247
test_09277,0.04721519723534584
test_09278,0.3604389727115631
test_09279,0.003929422702640295
test_09280,0.0023827869445085526
test_09281,0.15043208003044128
test_09282,3.5338572956788994e-07
test_09283,0.00026679818984121084
test_09284,0.06186239421367645
test_09285,0.15102052688598633
test_09286,0.29034194350242615
test_09287,0.19081144034862518
test_09288,0.04386623576283455
test_09289,0.07522585988044739
test_09290,0.00010073445446323603
test_09291,0.5413853526115417
test_09292,0.09709937870502472
test_09293,0.1809610277414322
test_09294,0.5145937204360962
test_09295,0.21054749190807343
test_09296,0.004556139465421438
test_09297,0.32019785046577454
test_09298,0.5594366788864136
test_09299,0.0012888696510344744
test_09300,0.017574027180671692
test_09301,0.1616653949022293
test_09302,0.03598690405488014
test_09303,0.0650208592414856
test_09304,0.09706702828407288
test_09305,0.008163349702954292
test_09306,0.021064605563879013
test_09307,0.5020241737365723
test_09308,1.78628288267646e-05
test_09309,0.3599904775619507
test_09310,0.3523368537425995
test_09311,0.2237347960472107
test_09312,0.4046728014945984
test_09313,0.02181810326874256
test_09314,0.08152826875448227
test_09315,0.27825766801834106
test_09316,0.16790920495986938
test_09317,0.6206017732620239
test_09318,0.3624110817909241
test_09319,0.16111838817596436
test_09320,0.2577291429042816
test_09321,0.26245245337486267
test_09322,0.5436304807662964
test_09323,0.009557733312249184
test_09324,0.14344628155231476
test_09325,0.20713986456394196
test_09326,0.2662486433982849
test_09327,0.08430054038763046
test_09328,0.1510905921459198
test_09329,0.09706951677799225
test_09330,0.22599221765995026
test_09331,0.05867115408182144
test_09332,0.4895532727241516
test_09333,0.1304895132780075
test_09334,0.5287484526634216
test_09335,0.48283520340919495
test_09336,0.21793299913406372
test_09337,0.2445419579744339
test_09338,0.09458819031715393
test_09339,0.1130591630935669
test_09340,0.2581046521663666
test_09341,0.008204907178878784
test_09342,0.2263202667236328
test_09343,0.007162727881222963
test_09344,0.04587847366929054
test_09345,0.22529372572898865
test_09346,0.021566854789853096
test_09347,0.21467038989067078
test_09348,0.0008868761942721903
test_09349,0.03256427124142647
test_09350,0.12793618440628052
test_09351,0.13545426726341248
test_09352,0.1320427656173706
test_09353,7.490041753044352e-05
test_09354,0.6116162538528442
test_09355,0.43461498618125916
test_09356,0.5199866890907288
test_09357,0.4263356626033783
test_09358,0.022341320291161537
test_09359,9.094236702367198e-06
test_09360,0.2732442319393158
test_09361,0.07069491595029831
test_09362,0.008466308005154133
test_09363,0.0719185397028923
test_09364,0.0010311321821063757
test_09365,0.021046269685029984
test_09366,0.01936006359755993
test_09367,0.4301096498966217
test_09368,0.04080352559685707
test_09369,0.007347680162638426
test_09370,0.0001300008298130706
test_09371,0.008182653225958347
test_09372,0.008150899782776833
test_09373,0.2991258502006531
test_09374,0.9355623722076416
test_09375,0.19776400923728943
test_09376,0.12071575224399567
test_09377,0.006742089055478573
test_09378,0.47999826073646545
test_09379,0.5190427303314209
test_09380,0.07825180143117905
test_09381,0.353108674287796
test_09382,0.2906789779663086
test_09383,0.18580929934978485
test_09384,0.4756888747215271
test_09385,0.8066249489784241
test_09386,0.7107049226760864
test_09387,0.16041195392608643
test_09388,0.3395615220069885
test_09389,0.29035288095474243
test_09390,0.33485639095306396
test_09391,0.05365471914410591
test_09392,0.005988399963825941
test_09393,0.11229319125413895
test_09394,0.4390355348587036
test_09395,0.3085107207298279
test_09396,0.0016415352001786232
test_09397,0.0038738707080483437
test_09398,0.17087027430534363
test_09399,0.07609760761260986
test_09400,0.21194057166576385
test_09401,0.5656369924545288
test_09402,0.18031059205532074
test_09403,0.07149416953325272
test_09404,0.013290129601955414
test_09405,0.40849772095680237
test_09406,0.06562106311321259
test_09407,0.0026944393757730722
test_09408,0.15600961446762085
test_09409,0.24394656717777252
test_09410,0.7528551816940308
test_09411,0.16467903554439545
test_09412,0.01964033953845501
test_09413,0.24192990362644196
test_09414,0.15581881999969482
test_09415,0.08782580494880676
test_09416,0.688935399055481
test_09417,0.0004439893236849457
test_09418,0.02860107086598873
test_09419,0.005385903175920248
test_09420,0.5371644496917725
test_09421,0.012518267147243023
test_09422,0.018608778715133667
test_09423,0.37820813059806824
test_09424,0.33833014965057373
test_09425,0.013612688519060612
test_09426,0.004716985393315554
test_09427,0.18015579879283905
test_09428,0.0031703973654657602
test_09429,0.32091233134269714
test_09430,0.36342865228652954
test_09431,0.15483157336711884
test_09432,0.11605466902256012
test_09433,0.21947668492794037
test_09434,0.8572474122047424
test_09435,0.7448317408561707
test_09436,0.3918524384498596
test_09437,0.11581234633922577
test_09438,0.03211207315325737
test_09439,0.243263378739357
test_09440,0.3550664186477661
test_09441,0.32535672187805176
test_09442,0.050293393433094025
test_09443,0.15390020608901978
test_09444,0.15961524844169617
test_09445,0.2540607750415802
test_09446,0.2895943522453308
test_09447,0.08245769143104553
test_09448,0.17670223116874695
test_09449,0.1091073527932167
test_09450,0.4145458936691284
test_09451,0.015349218621850014
test_09452,0.004643082153052092
test_09453,0.26659923791885376
test_09454,0.2045275866985321
test_09455,0.5322592258453369
test_09456,0.21067164838314056
test_09457,0.19412913918495178
test_09458,0.006977972574532032
test_09459,0.004098617006093264
test_09460,0.002707328647375107
test_09461,0.7076637148857117
test_09462,0.40327581763267517
test_09463,0.34321328997612
test_09464,0.32200220227241516
test_09465,0.2259671688079834
test_09466,0.21099025011062622
test_09467,0.07778723537921906
test_09468,0.03513726964592934
test_09469,0.013769187033176422
test_09470,0.771187424659729
test_09471,0.22926519811153412
test_09472,0.005356686655431986
test_09473,0.0030901972204446793
test_09474,0.08265938609838486
test_09475,0.5983273386955261
test_09476,0.140957772731781
test_09477,0.4425166845321655
test_09478,0.002044514287263155
test_09479,0.413539856672287
test_09480,0.058520328253507614
test_09481,0.002013067714869976
test_09482,0.10510054230690002
test_09483,0.056868962943553925
test_09484,0.36725127696990967
test_09485,0.044121671468019485
test_09486,0.24262090027332306
test_09487,0.2674635648727417
test_09488,0.0038331118412315845
test_09489,0.4676535725593567
test_09490,0.05504734069108963
test_09491,0.0009942178148776293
test_09492,0.08168337494134903
test_09493,0.018664151430130005
test_09494,0.06702060252428055
test_09495,0.0009902375750243664
test_09496,0.2084045708179474
test_09497,0.0030264691449701786
test_09498,0.538098931312561
test_09499,0.3195987641811371
test_09500,0.5704713463783264
test_09501,0.36406460404396057
test_09502,0.18863904476165771
test_09503,0.06861409544944763
test_09504,0.2353987842798233
test_09505,0.0171822402626276
test_09506,0.16391974687576294
test_09507,0.5038288235664368
test_09508,0.8894500732421875
test_09509,0.0022316554095596075
test_09510,0.37959784269332886
test_09511,0.4083554744720459
test_09512,0.02235950157046318
test_09513,0.5411726236343384
test_09514,0.15284065902233124
test_09515,0.04847273975610733
test_09516,0.5028547644615173
test_09517,0.14442795515060425
test_09518,0.11445216089487076
test_09519,0.1539338231086731
test_09520,0.18704192340373993
test_09521,0.06933970749378204
test_09522,0.2933962941169739
test_09523,0.10887403786182404
test_09524,0.18965964019298553
test_09525,0.13769057393074036
test_09526,0.04137752205133438
test_09527,0.09835685789585114
test_09528,0.006391135975718498
test_09529,0.05584275722503662
test_09530,0.13511008024215698
test_09531,0.3837149441242218
test_09532,0.018572917208075523
test_09533,0.532065749168396
test_09534,0.24258480966091156
test_09535,0.5242506861686707
test_09536,0.0013093369780108333
test_09537,0.35582980513572693
test_09538,0.0870131328701973
test_09539,0.037507809698581696
test_09540,0.14809685945510864
test_09541,0.38039159774780273
test_09542,0.01877668872475624
test_09543,0.3246604800224304
test_09544,0.3737052381038666
test_09545,0.5236135721206665
test_09546,0.18623878061771393
test_09547,0.003884676145389676
test_09548,0.00018566229846328497
test_09549,0.001188355963677168
test_09550,0.05825573205947876
test_09551,0.01688360422849655
test_09552,0.37521693110466003
test_09553,0.02957065775990486
test_09554,4.354907105152961e-06
test_09555,0.00539054162800312
test_09556,0.09588825702667236
test_09557,0.032685261219739914
test_09558,0.45794254541397095
test_09559,0.25832006335258484
test_09560,0.1370364874601364
test_09561,0.015494800172746181
test_09562,0.3951018750667572
test_09563,0.09714682400226593
test_09564,0.36281612515449524
test_09565,0.45087671279907227
test_09566,0.24609564244747162
test_09567,0.0723329707980156
test_09568,0.193435400724411
test_09569,0.009221203625202179
test_09570,0.5560121536254883
test_09571,0.012442280538380146
test_09572,0.06019323319196701
test_09573,0.2040766030550003
test_09574,0.011905964463949203
test_09575,0.046331726014614105
test_09576,0.12008935958147049
test_09577,1.4559575902239885e-05
test_09578,0.0007699496927671134
test_09579,0.0037784704472869635
test_09580,0.053752221167087555
test_09581,0.1340671181678772
test_09582,0.4998018443584442
test_09583,0.0277557373046875
test_09584,0.5659103393554688
test_09585,0.4492729902267456
test_09586,0.6482108235359192
test_09587,0.007779594045132399
test_09588,0.37779614329338074
test_09589,0.05441774055361748
test_09590,0.06432987004518509
test_09591,0.25193360447883606
test_09592,0.13483406603336334
test_09593,0.22110281884670258
test_09594,0.2256961613893509
test_09595,0.21014979481697083
test_09596,0.6170927286148071
test_09597,0.38299402594566345
test_09598,0.2674836814403534
test_09599,0.17008475959300995
test_09600,0.00013315235264599323
test_09601,0.08769145607948303
test_09602,0.2822204530239105
test_09603,0.25889235734939575
test_09604,0.0007241650018841028
test_09605,0.13547958433628082
test_09606,0.07096721231937408
test_09607,0.09585267305374146
test_09608,0.3363986611366272
test_09609,0.32397815585136414
test_09610,0.33046919107437134
test_09611,0.19546295702457428
test_09612,0.7659837007522583
test_09613,0.5761461853981018
test_09614,0.27733972668647766
test_09615,0.00015061536396387964
test_09616,0.34294867515563965
test_09617,0.050241485238075256
test_09618,0.4192522168159485
test_09619,0.07553014159202576
test_09620,0.0023930170573294163
test_09621,0.13659483194351196
test_09622,1.923527270264458e-05
test_09623,0.028143523260951042
test_09624,0.5268192887306213
test_09625,0.0013521917862817645
test_09626,0.7195739150047302
test_09627,0.39612194895744324
test_09628,0.12017451226711273
test_09629,0.1537231206893921
test_09630,0.20056898891925812
test_09631,8.790615879661345e-08
test_09632,0.00415043393149972
test_09633,0.025672193616628647
test_09634,0.10386718809604645
test_09635,0.21019840240478516
test_09636,0.31617915630340576
test_09637,0.03901534527540207
test_09638,0.006579354405403137
test_09639,0.2515515089035034
test_09640,0.06751459091901779
test_09641,0.00035783505882136524
test_09642,0.21349212527275085
test_09643,0.024940364062786102
test_09644,0.000418750976677984
test_09645,0.1698915958404541
test_09646,0.23066510260105133
test_09647,0.26587602496147156
test_09648,0.4657936990261078
test_09649,0.29323455691337585
test_09650,0.00025163646205328405
test_09651,0.2084880769252777
test_09652,0.15004996955394745
test_09653,0.36817246675491333
test_09654,0.3738389313220978
test_09655,0.004253573250025511
test_09656,0.4434475302696228
test_09657,0.005183751229196787
test_09658,0.0339614674448967
test_09659,0.009271849878132343
test_09660,0.06147884204983711
test_09661,0.020635133609175682
test_09662,0.13295869529247284
test_09663,0.6798768639564514
test_09664,0.21872346103191376
test_09665,0.04365753009915352
test_09666,0.26765674352645874
test_09667,0.0010883994400501251
test_09668,0.007817856036126614
test_09669,0.48676007986068726
test_09670,0.000683674355968833
test_09671,0.5091819763183594
test_09672,0.1409395933151245
test_09673,0.1623537242412567
test_09674,0.14448057115077972
test_09675,0.0013085060054436326
test_09676,0.18905729055404663
test_09677,0.2543402314186096
test_09678,0.4194604754447937
test_09679,0.19864009320735931
test_09680,0.4460996985435486
test_09681,0.5182576179504395
test_09682,0.00391815509647131
test_09683,0.017705164849758148
test_09684,0.13987697660923004
test_09685,0.20766206085681915
test_09686,0.05131939798593521
test_09687,0.002027117181569338
test_09688,0.15113434195518494
test_09689,0.02430739253759384
test_09690,0.438060998916626
test_09691,0.03418884053826332
test_09692,0.37476521730422974
test_09693,0.15747763216495514
test_09694,0.45189177989959717
test_09695,0.015510870143771172
test_09696,0.010425133630633354
test_09697,0.2937356233596802
test_09698,0.009874539449810982
test_09699,0.291776567697525
test_09700,0.0325598269701004
test_09701,0.44629210233688354
test_09702,0.20591871440410614
test_09703,0.03665049746632576
test_09704,0.3282993733882904
test_09705,0.059644345194101334
test_09706,0.08629288524389267
test_09707,0.33977216482162476
test_09708,0.35243722796440125
test_09709,0.2553659975528717
test_09710,0.0004002913774456829
test_09711,0.17024573683738708
test_09712,0.004091210197657347
test_09713,0.023250851780176163
test_09714,0.07771459966897964
test_09715,0.00016152129683177918
test_09716,0.1323782205581665
test_09717,0.10969611257314682
test_09718,0.1338406205177307
test_09719,0.25908905267715454
test_09720,0.19870483875274658
test_09721,0.4157792627811432
test_09722,0.0002906256995629519
test_09723,0.0063638328574597836
test_09724,0.27801305055618286
test_09725,0.04325900599360466
test_09726,0.20116515457630157
test_09727,0.07126504927873611
test_09728,4.779539722221671e-06
test_09729,0.3701915740966797
test_09730,0.09763317555189133
test_09731,0.12093093991279602
test_09732,0.1455640345811844
test_09733,0.13151608407497406
test_09734,0.011435559950768948
test_09735,0.08204756677150726
test_09736,0.1574728935956955
test_09737,0.5343364477157593
test_09738,7.002963684499264e-07
test_09739,0.0016071100253611803
test_09740,0.002696681534871459
test_09741,0.2663053274154663
test_09742,0.0013604648411273956
test_09743,0.06163643300533295
test_09744,0.0007996350759640336
test_09745,0.11316706985235214
test_09746,0.4894852340221405
test_09747,0.16197605431079865
test_09748,0.05841365084052086
test_09749,0.4431678354740143
test_09750,0.42409998178482056
test_09751,0.18544434010982513
test_09752,0.3218042850494385
test_09753,0.13186299800872803
test_09754,9.86280724646349e-07
test_09755,0.1881069540977478
test_09756,0.09939798712730408
test_09757,0.24381819367408752
test_09758,0.10697724670171738
test_09759,0.0008398036006838083
test_09760,0.3632251024246216
test_09761,0.04703362286090851
test_09762,0.9431445598602295
test_09763,0.448934942483902
test_09764,0.0005329831619746983
test_09765,0.006728876382112503
test_09766,0.27513930201530457
test_09767,0.0016153082251548767
test_09768,0.5130442976951599
test_09769,8.136943506542593e-05
test_09770,0.3344537317752838
test_09771,0.04897336661815643
test_09772,0.26413804292678833
test_09773,0.4738714396953583
test_09774,0.005590091925114393
test_09775,0.014809376560151577
test_09776,0.011232702061533928
test_09777,0.1634540855884552
test_09778,0.038556989282369614
test_09779,0.31519782543182373
test_09780,0.008847329765558243
test_09781,0.14742858707904816
test_09782,0.04181436449289322
test_09783,0.09586379677057266
test_09784,0.044102732092142105
test_09785,0.28100505471229553
test_09786,0.03130664676427841
test_09787,0.28674688935279846
test_09788,0.44318675994873047
test_09789,0.05048200115561485
test_09790,0.32221224904060364
test_09791,0.24653702974319458
test_09792,0.01951022818684578
test_09793,0.619563102722168
test_09794,0.04649396613240242
test_09795,0.04077911376953125
test_09796,0.18293291330337524
test_09797,0.06450334191322327
test_09798,0.8974025845527649
test_09799,0.546316921710968
test_09800,0.3823535442352295
test_09801,0.423542320728302
test_09802,0.005004846025258303
test_09803,0.06513360142707825
test_09804,0.19741767644882202
test_09805,0.4881211519241333
test_09806,0.12303394824266434
test_09807,0.0785408616065979
test_09808,0.2580116391181946
test_09809,0.1490679383277893
test_09810,0.38789090514183044
test_09811,0.23072808980941772
test_09812,0.0987735465168953
test_09813,0.14369286596775055
test_09814,0.09131453931331635
test_09815,0.4586682915687561
test_09816,0.04162408784031868
test_09817,0.14360754191875458
test_09818,0.10685219615697861
test_09819,0.004726390819996595
test_09820,0.49371153116226196
test_09821,0.03181950002908707
test_09822,0.6042540073394775
test_09823,0.0033612714614719152
test_09824,0.20851345360279083
test_09825,0.5219435095787048
test_09826,0.8878861665725708
test_09827,0.06188459321856499
test_09828,0.26308971643447876
test_09829,0.43334707617759705
test_09830,0.00975342933088541
test_09831,0.5790683031082153
test_09832,0.28676801919937134
test_09833,0.014585031196475029
test_09834,0.22734713554382324
test_09835,2.489390863047447e-05
test_09836,0.22638458013534546
test_09837,0.7945576906204224
test_09838,0.8414652943611145
test_09839,0.4653979539871216
test_09840,0.5440928339958191
test_09841,0.7100812792778015
test_09842,0.5193412899971008
test_09843,1.5543966114250907e-08
test_09844,0.17652364075183868
test_09845,0.040873996913433075
test_09846,0.46284088492393494
test_09847,0.005037504248321056
test_09848,0.04591476172208786
test_09849,0.09514316916465759
test_09850,0.0019187771249562502
test_09851,0.18881478905677795
test_09852,0.1226108968257904
test_09853,0.29551711678504944
test_09854,0.08934946358203888
test_09855,0.3052276074886322
test_09856,0.014870394952595234
test_09857,0.06713879853487015
test_09858,0.01794940046966076
test_09859,0.19967344403266907
test_09860,0.09092465043067932
test_09861,0.004865994676947594
test_09862,0.24158376455307007
test_09863,0.37837696075439453
test_09864,0.6576095223426819
test_09865,0.006904132664203644
test_09866,0.1268712282180786
test_09867,0.355779767036438
test_09868,0.027642937377095222
test_09869,0.18996745347976685
test_09870,0.06216486170887947
test_09871,0.09662000089883804
test_09872,0.3060902953147888
test_09873,0.0943060964345932
test_09874,0.054706837981939316
test_09875,0.20771364867687225
test_09876,0.669848620891571
test_09877,0.3471560478210449
test_09878,0.24543756246566772
test_09879,0.06906401365995407
test_09880,0.0005913695204071701
test_09881,0.11673210561275482
test_09882,0.3582538366317749
test_09883,0.11740388721227646
test_09884,0.11885803192853928
test_09885,0.4404219090938568
test_09886,0.7641087770462036
test_09887,0.4017327129840851
test_09888,0.015747416764497757
test_09889,0.4798716902732849
test_09890,0.0033130571246147156
test_09891,0.2636469304561615
test_09892,0.2425694614648819
test_09893,0.049334101378917694
test_09894,0.20987819135189056
test_09895,0.06016462296247482
test_09896,6.960562313906848e-05
test_09897,0.4073168635368347
test_09898,0.38613954186439514
test_09899,0.39789700508117676
test_09900,0.0009198327315971255
test_09901,0.3986470103263855
test_09902,0.1462469846010208
test_09903,0.00037495786091312766
test_09904,0.0040906332433223724
test_09905,0.3219718337059021
test_09906,0.010817637667059898
test_09907,0.336336612701416
test_09908,0.06944745779037476
test_09909,0.011547999456524849
test_09910,0.01369585283100605
test_09911,0.3425419330596924
test_09912,0.18023023009300232
test_09913,0.16664259135723114
test_09914,0.38761982321739197
test_09915,0.0011338632320985198
test_09916,0.5015811324119568
test_09917,0.20065279304981232
test_09918,0.5549832582473755
test_09919,0.5199613571166992
test_09920,0.34905898571014404
test_09921,0.21175479888916016
test_09922,0.00023796017921995372
test_09923,0.5521822571754456
test_09924,0.7400543093681335
test_09925,0.7046483755111694
test_09926,0.5776335000991821
test_09927,0.01264430582523346
test_09928,0.37838035821914673
test_09929,0.459571897983551
test_09930,0.021883681416511536
test_09931,0.028718555346131325
test_09932,0.07963436841964722
test_09933,0.1503007560968399
test_09934,0.01350552961230278
test_09935,0.1503952592611313
test_09936,0.07185975462198257
test_09937,0.15508627891540527
test_09938,0.2721743583679199
test_09939,0.31638264656066895
test_09940,0.5343254208564758
test_09941,0.1210947036743164
test_09942,0.20703479647636414
test_09943,0.09421541541814804
test_09944,0.47682538628578186
test_09945,0.08410422503948212
test_09946,0.0012736850185319781
test_09947,0.49617108702659607
test_09948,0.005025091581046581
test_09949,0.2291625738143921
test_09950,0.28236791491508484
test_09951,0.010177336633205414
test_09952,0.3168044090270996
test_09953,0.24236103892326355
test_09954,0.4014045298099518
test_09955,0.0003354909713380039
test_09956,0.09010084718465805
test_09957,0.23712152242660522
test_09958,0.40401458740234375
test_09959,0.18670111894607544
test_09960,0.09851989150047302
test_09961,0.02321591228246689
test_09962,0.2096581757068634
test_09963,0.25061479210853577
test_09964,0.04729553312063217
test_09965,0.0229023490101099
test_09966,0.7994363307952881
test_09967,0.013653951697051525
test_09968,0.05491897463798523
test_09969,0.14403238892555237
test_09970,0.4261453449726105
test_09971,0.0010638457024469972
test_09972,0.23447902500629425
test_09973,0.2138683944940567
test_09974,0.44136473536491394
test_09975,0.3791043162345886
test_09976,0.36146119236946106
test_09977,0.001230994239449501
test_09978,0.26410678029060364
test_09979,0.46280044317245483
test_09980,0.22910790145397186
test_09981,0.2250337451696396
test_09982,0.20684675872325897
test_09983,0.29172980785369873
test_09984,0.0032386912498623133
test_09985,0.009462926536798477
test_09986,0.07010737806558609
test_09987,0.007720126770436764
test_09988,0.41349196434020996
test_09989,0.09262263029813766
test_09990,3.819081393885426e-05
test_09991,0.051635004580020905
test_09992,0.010296903550624847
test_09993,0.0008346475660800934
test_09994,0.00630539795383811
test_09995,0.6431485414505005
test_09996,0.5576905012130737
test_09997,0.17769567668437958
test_09998,0.4426514506340027
test_09999,0.1646655946969986
test_10000,0.8153605461120605
test_10001,0.7462936639785767
test_10002,0.39792704582214355
test_10003,0.4761769771575928
test_10004,0.6885561943054199
test_10005,0.0002452819899190217
test_10006,0.5932480692863464
test_10007,0.19336436688899994
test_10008,0.472158819437027
test_10009,2.4989312805701047e-05
test_10010,0.7667719721794128
test_10011,0.21016903221607208
test_10012,0.017147278413176537
test_10013,0.035380180925130844
test_10014,0.1095619946718216
test_10015,0.07559496909379959
test_10016,0.21080268919467926
test_10017,0.3692741096019745
test_10018,0.26441818475723267
test_10019,0.0041647846810519695
test_10020,0.40798255801200867
test_10021,0.1548466682434082
test_10022,0.00174711795989424
test_10023,0.0023149752523750067
test_10024,0.009976494126021862
test_10025,0.2164793610572815
test_10026,0.48978862166404724
test_10027,0.3793226480484009
test_10028,0.0012878463603556156
test_10029,0.5521795749664307
test_10030,0.26869308948516846
test_10031,0.13900375366210938
test_10032,0.0021891959477216005
test_10033,0.02380204387009144
test_10034,0.24339552223682404
test_10035,0.38286516070365906
test_10036,0.5090782642364502
test_10037,0.7718883752822876
test_10038,0.39071178436279297
test_10039,0.4622053802013397
test_10040,0.3201175034046173
test_10041,0.008275498636066914
test_10042,0.43715405464172363
test_10043,0.042260345071554184
test_10044,0.11139106750488281
test_10045,0.41388219594955444
test_10046,0.8104178309440613
test_10047,0.29733917117118835
test_10048,0.42461520433425903
test_10049,0.04680624604225159
test_10050,0.06887885183095932
test_10051,0.23642335832118988
test_10052,0.5144423842430115
test_10053,0.5981230735778809
test_10054,0.04502565786242485
test_10055,0.44888755679130554
test_10056,0.42667773365974426
test_10057,0.38878434896469116
test_10058,0.030304284766316414
test_10059,0.513443112373352
test_10060,0.22117012739181519
test_10061,0.03132837265729904
test_10062,0.08126269280910492
test_10063,0.7937406897544861
test_10064,0.0019229146419093013
test_10065,0.24454888701438904
test_10066,0.2980673313140869
test_10067,0.09747999161481857
test_10068,0.2037760615348816
test_10069,0.275146484375
test_10070,0.3757757842540741
test_10071,0.30939051508903503
test_10072,0.07217276841402054
test_10073,0.36564114689826965
test_10074,0.019002702087163925
test_10075,0.4504507780075073
test_10076,0.0683327242732048
test_10077,0.047018613666296005
test_10078,0.007413557730615139
test_10079,0.04914176091551781
test_10080,0.49085086584091187
test_10081,0.5285813808441162
test_10082,0.13035932183265686
test_10083,0.011898545548319817
test_10084,0.1979953646659851
test_10085,0.23957863450050354
test_10086,0.4449009895324707
test_10087,0.2582245469093323
test_10088,0.40554314851760864
test_10089,0.5024113059043884
test_10090,0.6202110648155212
test_10091,0.11727426946163177
test_10092,0.10366321355104446
test_10093,0.037048663944005966
test_10094,0.03542372211813927
test_10095,0.19031210243701935
test_10096,0.10385934263467789
test_10097,0.2769131362438202
test_10098,0.5819268822669983
test_10099,0.0574776865541935
test_10100,0.21715384721755981
test_10101,0.21457993984222412
test_10102,0.033165112137794495
test_10103,0.045463718473911285
test_10104,0.44978341460227966
test_10105,0.3510202169418335
test_10106,1.2901527043140959e-05
test_10107,0.11835918575525284
test_10108,0.3768969178199768
test_10109,0.20823171734809875
test_10110,0.15808002650737762
test_10111,0.5946992039680481
test_10112,0.021667838096618652
test_10113,0.2618490159511566
test_10114,0.2165173590183258
test_10115,0.06963329762220383
test_10116,0.2696569263935089
test_10117,0.2829310894012451
test_10118,0.4135501980781555
test_10119,0.8417853116989136
test_10120,0.006008996162563562
test_10121,0.16342796385288239
test_10122,0.20237305760383606
test_10123,0.29202166199684143
test_10124,0.3587356507778168
test_10125,0.0815710574388504
test_10126,0.02577037364244461
test_10127,8.127159389914596e-07
test_10128,0.5769756436347961
test_10129,0.07434359937906265
test_10130,0.36683040857315063
test_10131,0.0018887491896748543
test_10132,0.009341913275420666
test_10133,0.49096354842185974
test_10134,0.0942494198679924
test_10135,0.217506542801857
test_10136,0.1037372574210167
test_10137,0.14896780252456665
test_10138,0.4170764088630676
test_10139,0.30847543478012085
test_10140,0.032202593982219696
test_10141,0.024076325818896294
test_10142,0.005512057337909937
test_10143,0.22979405522346497
test_10144,0.20597712695598602
test_10145,4.8913119826465845e-05
test_10146,0.12950345873832703
test_10147,0.3932258188724518
test_10148,0.22265227138996124
test_10149,0.022574182599782944
test_10150,0.0015914153773337603
test_10151,0.00664827274158597
test_10152,0.052536532282829285
test_10153,0.08878329396247864
test_10154,0.38963013887405396
test_10155,0.07110004127025604
test_10156,0.3567366600036621
test_10157,0.5128744840621948
test_10158,0.008122945204377174
test_10159,0.06273578852415085
test_10160,0.3829495310783386
test_10161,0.35944831371307373
test_10162,0.006710775662213564
test_10163,0.21173198521137238
test_10164,0.36874914169311523
test_10165,0.0015364227583631873
test_10166,0.17114882171154022
test_10167,0.25694698095321655
test_10168,0.10058759897947311
test_10169,0.9046106934547424
test_10170,0.007514989469200373
test_10171,0.002545161871239543
test_10172,0.0004037993785459548
test_10173,0.06691133975982666
test_10174,0.7408080697059631
test_10175,0.23979370296001434
test_10176,0.11443628370761871
test_10177,0.005866294726729393
test_10178,0.0012066431809216738
test_10179,0.03921329230070114
test_10180,0.38846197724342346
test_10181,0.4855928122997284
test_10182,0.36198148131370544
test_10183,0.004838036838918924
test_10184,0.004377547651529312
test_10185,0.26477697491645813
test_10186,0.10822813957929611
test_10187,0.9593337178230286
test_10188,0.25333014130592346
test_10189,0.3351888060569763
test_10190,0.3500400185585022
test_10191,0.42924249172210693
test_10192,0.04946782812476158
test_10193,0.022290397435426712
test_10194,0.42022252082824707
test_10195,0.47789645195007324
test_10196,3.064136762986891e-06
test_10197,0.8227279186248779
test_10198,3.1509068776358617e-06
test_10199,0.0019418870797380805
test_10200,0.2019711434841156
test_10201,0.005478089675307274
test_10202,0.4401061534881592
test_10203,0.21277976036071777
test_10204,0.017234278842806816
test_10205,0.15223027765750885
test_10206,0.2988740801811218
test_10207,0.33637917041778564
test_10208,0.9087243676185608
test_10209,0.01754576899111271
test_10210,0.1950075924396515
test_10211,0.29086604714393616
test_10212,0.030544092878699303
test_10213,0.009465564042329788
test_10214,0.3935987055301666
test_10215,0.04323754832148552
test_10216,0.691335916519165
test_10217,0.4175223112106323
test_10218,0.27791735529899597
test_10219,0.033104538917541504
test_10220,0.1406419277191162
test_10221,0.18492470681667328
test_10222,0.34191009402275085
test_10223,0.27075138688087463
test_10224,0.21530525386333466
test_10225,0.22232146561145782
test_10226,0.0002370828588027507
test_10227,0.004614226054400206
test_10228,0.1063702180981636
test_10229,0.2236706167459488
test_10230,0.641177773475647
test_10231,0.5593882203102112
test_10232,0.5230330228805542
test_10233,0.5259784460067749
test_10234,0.2656167149543762
test_10235,0.43694576621055603
test_10236,0.2455064058303833
test_10237,0.2438298761844635
test_10238,0.18861524760723114
test_10239,0.2879154682159424
test_10240,0.5427002906799316
test_10241,0.00018483107851352543
test_10242,0.38995590806007385
test_10243,0.13110731542110443
test_10244,0.013496859930455685
test_10245,0.2878636419773102
test_10246,0.3457748293876648
test_10247,0.2320806235074997
test_10248,0.3272742033004761
test_10249,0.05915084481239319
test_10250,0.5815815925598145
test_10251,0.0033266383688896894
test_10252,0.11947941780090332
test_10253,0.38522058725357056
test_10254,1.481870299357979e-06
test_10255,0.0010734433308243752
test_10256,0.298892080783844
test_10257,0.360694020986557
test_10258,0.35695305466651917
test_10259,0.22602200508117676
test_10260,0.014549178071320057
test_10261,0.11045337468385696
test_10262,0.22892792522907257
test_10263,0.765835702419281
test_10264,0.020656246691942215
test_10265,0.1715308576822281
test_10266,0.04570546746253967
test_10267,0.42634060978889465
test_10268,0.5385773777961731
test_10269,0.24910512566566467
test_10270,7.308382919291034e-05
test_10271,0.4073341190814972
test_10272,0.3349973261356354
test_10273,0.22127898037433624
test_10274,0.3653782606124878
test_10275,0.2943669259548187
test_10276,0.6308753490447998
test_10277,0.2651401162147522
test_10278,0.573932945728302
test_10279,0.3703884780406952
test_10280,0.2901478409767151
test_10281,0.19278191030025482
test_10282,0.04241381213068962
test_10283,0.0011719346512109041
test_10284,0.007559315301477909
test_10285,0.0010538287460803986
test_10286,0.1527259200811386
test_10287,0.5388349890708923
test_10288,0.7831697463989258
test_10289,0.43682998418807983
test_10290,0.3402595818042755
test_10291,0.038308292627334595
test_10292,0.2756567895412445
test_10293,0.2717500925064087
test_10294,0.17430910468101501
test_10295,0.3610527813434601
test_10296,0.12898491322994232
test_10297,0.365186482667923
test_10298,0.002003747969865799
test_10299,0.20092985033988953
test_10300,0.003803746309131384
test_10301,0.2629454433917999
test_10302,0.30525314807891846
test_10303,0.49323567748069763
test_10304,0.4251205623149872
test_10305,0.11036115884780884
test_10306,0.013466451317071915
test_10307,0.01670055277645588
test_10308,0.0034696534276008606
test_10309,0.1476411521434784
test_10310,0.5354554653167725
test_10311,0.3020012080669403
test_10312,0.0675576701760292
test_10313,0.0016262386925518513
test_10314,0.7091532349586487
test_10315,0.0644049197435379
test_10316,0.41674792766571045
test_10317,0.024434329941868782
test_10318,0.3126738667488098
test_10319,0.46010124683380127
test_10320,0.3038122355937958
test_10321,0.2518002390861511
test_10322,0.00458159064874053
test_10323,0.024632040411233902
test_10324,0.00011479482054710388
test_10325,0.001959920162335038
test_10326,0.39301374554634094
test_10327,0.4573446214199066
test_10328,0.18758712708950043
test_10329,0.613343358039856
test_10330,0.0019324145978316665
test_10331,0.27176353335380554
test_10332,0.00024092663079500198
test_10333,0.5458369851112366
test_10334,0.04076895862817764
test_10335,0.11208837479352951
test_10336,0.01968422904610634
test_10337,0.10370072722434998
test_10338,0.012633761391043663
test_10339,0.02895209565758705
test_10340,0.33724862337112427
test_10341,0.023523973301053047
test_10342,0.17821913957595825
test_10343,0.04528094455599785
test_10344,0.5398373603820801
test_10345,0.12821726500988007
test_10346,0.5876371264457703
test_10347,0.6186231374740601
test_10348,0.4120902419090271
test_10349,0.17032390832901
test_10350,0.0809129998087883
test_10351,1.6399069863837212e-05
test_10352,0.002028942108154297
test_10353,0.3037569522857666
test_10354,0.12191592901945114
test_10355,0.3295365273952484
test_10356,0.0009481139131821692
test_10357,0.0013585465494543314
test_10358,0.43753737211227417
test_10359,0.011889634653925896
test_10360,0.03177931159734726
test_10361,0.3462735712528229
test_10362,0.08636383712291718
test_10363,0.2797028720378876
test_10364,0.11648654192686081
test_10365,0.20696602761745453
test_10366,0.09033133089542389
test_10367,0.1373451054096222
test_10368,0.45633742213249207
test_10369,0.15151584148406982
test_10370,0.31387630105018616
test_10371,0.5425570011138916
test_10372,0.5688352584838867
test_10373,0.0630439892411232
test_10374,0.08476712554693222
test_10375,0.015072139911353588
test_10376,0.4636397361755371
test_10377,0.02145404741168022
test_10378,0.3816295266151428
test_10379,0.32858404517173767
test_10380,0.23734484612941742
test_10381,0.2279641330242157
test_10382,0.2050861418247223
test_10383,0.420051246881485
test_10384,0.12905994057655334
test_10385,0.0013639390235766768
test_10386,0.9997885823249817
test_10387,0.6936878561973572
test_10388,0.15300410985946655
test_10389,0.00998980738222599
test_10390,0.04334471747279167
test_10391,0.02528424561023712
test_10392,0.1465853452682495
test_10393,0.00020020865486003458
test_10394,0.07100152969360352
test_10395,0.2618475556373596
test_10396,0.19487595558166504
test_10397,0.005263989791274071
test_10398,0.09041265398263931
test_10399,4.015425361103553e-07
test_10400,0.1317339986562729
test_10401,0.25155386328697205
test_10402,0.007951365783810616
test_10403,3.708849908434786e-05
test_10404,0.18645216524600983
test_10405,0.17962126433849335
test_10406,0.17368322610855103
test_10407,0.37364041805267334
test_10408,0.07936747372150421
test_10409,0.10500655323266983
test_10410,0.023381307721138
test_10411,0.5782787203788757
test_10412,0.11959391087293625
test_10413,0.32414138317108154
test_10414,0.0003678174107335508
test_10415,0.1606009155511856
test_10416,0.0966862216591835
test_10417,0.40448811650276184
test_10418,0.3734815716743469
test_10419,0.2328912615776062
test_10420,0.11336122453212738
test_10421,0.2685575485229492
test_10422,0.028430789709091187
test_10423,0.5702373385429382
test_10424,0.4339985251426697
test_10425,0.2275034636259079
test_10426,0.4648919105529785
test_10427,0.14851248264312744
test_10428,0.41085073351860046
test_10429,0.3068593144416809
test_10430,0.11928188055753708
test_10431,0.1987525224685669
test_10432,0.06956027448177338
test_10433,0.5485912561416626
test_10434,0.34511619806289673
test_10435,0.22917479276657104
test_10436,0.0008946178131736815
test_10437,0.27538275718688965
test_10438,0.004766326863318682
test_10439,0.037804726511240005
test_10440,0.00023012417659629136
test_10441,0.665969729423523
test_10442,0.07209692150354385
test_10443,0.034919802099466324
test_10444,0.06591187417507172
test_10445,0.27950796484947205
test_10446,0.016715703532099724
test_10447,0.14032766222953796
test_10448,0.01978750340640545
test_10449,0.17038260400295258
test_10450,0.16244664788246155
test_10451,0.47079023718833923
test_10452,0.1296692192554474
test_10453,0.5054975152015686
test_10454,0.32019340991973877
test_10455,0.3874033987522125
test_10456,0.18745018541812897
test_10457,0.39118096232414246
test_10458,0.050008926540613174
test_10459,0.03685582056641579
test_10460,0.1183021143078804
test_10461,0.34832754731178284
test_10462,0.2960054278373718
test_10463,6.562489579664543e-05
test_10464,0.2763054370880127
test_10465,0.5852397084236145
test_10466,0.05509817600250244
test_10467,0.029466811567544937
test_10468,0.16267842054367065
test_10469,0.27631470561027527
test_10470,0.25942766666412354
test_10471,0.572474479675293
test_10472,0.5440553426742554
test_10473,0.9513849020004272
test_10474,0.463089257478714
test_10475,0.3537886142730713
test_10476,6.592161298613064e-06
test_10477,0.10644153505563736
test_10478,0.11457940191030502
test_10479,0.4134398102760315
test_10480,0.7426255345344543
test_10481,0.19246846437454224
test_10482,0.017690401524305344
test_10483,0.32169845700263977
test_10484,0.02169402875006199
test_10485,0.022069642320275307
test_10486,0.011523548513650894
test_10487,0.8801652789115906
test_10488,0.007722402457147837
test_10489,0.3652714490890503
test_10490,0.03542854264378548
test_10491,0.1521977335214615
test_10492,0.33617913722991943
test_10493,0.32394999265670776
test_10494,0.2987063229084015
test_10495,0.1958971619606018
test_10496,0.10163336247205734
test_10497,1.8747723515843973e-05
test_10498,0.0018196728779003024
test_10499,0.4752922058105469
test_10500,0.22719553112983704
test_10501,0.1292792409658432
test_10502,0.0076294695027172565
test_10503,0.00805618241429329
test_10504,0.1979389786720276
test_10505,0.3364432454109192
test_10506,0.09289398044347763
test_10507,0.26922744512557983
test_10508,0.027219140902161598
test_10509,0.4881446659564972
test_10510,0.04161075875163078
test_10511,0.15534523129463196
test_10512,0.03688085451722145
test_10513,0.5389637351036072
test_10514,0.14124011993408203
test_10515,0.04546530172228813
test_10516,0.22672013938426971
test_10517,0.4732942283153534
test_10518,0.2815805971622467
test_10519,0.16185204684734344
test_10520,0.0017038787482306361
test_10521,0.3191300332546234
test_10522,0.3048648536205292
test_10523,0.007529054302722216
test_10524,0.14583531022071838
test_10525,0.6853264570236206
test_10526,0.14108417928218842
test_10527,0.7345749735832214
test_10528,0.17491815984249115
test_10529,0.07435479015111923
test_10530,0.1748909205198288
test_10531,0.0017450839513912797
test_10532,0.2032337486743927
test_10533,0.06051355600357056
test_10534,0.3844451308250427
test_10535,0.3160346448421478
test_10536,0.41574007272720337
test_10537,0.5221410989761353
test_10538,0.10261943191289902
test_10539,0.03976292908191681
test_10540,0.05245804414153099
test_10541,0.01633664034307003
test_10542,0.293661504983902
test_10543,0.027455898001790047
test_10544,0.08149212598800659
test_10545,0.11455511301755905
test_10546,0.2248987853527069
test_10547,0.05484836921095848
test_10548,0.34807097911834717
test_10549,0.00010258265683660284
test_10550,0.02680927701294422
test_10551,0.00011283621279289946
test_10552,0.060460131615400314
test_10553,0.002978578908368945
test_10554,0.5319231152534485
test_10555,0.406128853559494
test_10556,0.34928396344184875
test_10557,0.03328432887792587
test_10558,0.11285993456840515
test_10559,0.254107803106308
test_10560,0.5513086318969727
test_10561,0.402146577835083
test_10562,0.4628593325614929
test_10563,0.43616190552711487
test_10564,0.2689431607723236
test_10565,0.2901466190814972
test_10566,0.6104010343551636
test_10567,0.41010814905166626
test_10568,0.011843434534966946
test_10569,0.01148148626089096
test_10570,0.19578096270561218
test_10571,0.3427487313747406
test_10572,0.0985848605632782
test_10573,0.48001155257225037
test_10574,0.13685373961925507
test_10575,0.01398332230746746
test_10576,0.039831679314374924
test_10577,0.32628926634788513
test_10578,0.05607873573899269
test_10579,0.022647986188530922
test_10580,0.005084743723273277
test_10581,0.18777374923229218
test_10582,0.3803313374519348
test_10583,0.0016534429742023349
test_10584,0.3375733196735382
test_10585,0.025005029514431953
test_10586,0.10793080180883408
test_10587,0.340572714805603
test_10588,0.08278325200080872
test_10589,0.05180649086833
test_10590,0.25240668654441833
test_10591,0.18200142681598663
test_10592,0.09262458235025406
test_10593,0.44336390495300293
test_10594,0.14629381895065308
test_10595,0.15770414471626282
test_10596,0.280732125043869
test_10597,0.005159040447324514
test_10598,0.42802903056144714
test_10599,0.3216911852359772
test_10600,0.0570904016494751
test_10601,0.010964669287204742
test_10602,0.5346802473068237
test_10603,0.08342928439378738
test_10604,0.12705035507678986
test_10605,0.5189632177352905
test_10606,0.2769703269004822
test_10607,0.03573053702712059
test_10608,0.0007262964500114322
test_10609,0.12498901784420013
test_10610,0.19484901428222656
test_10611,0.053237419575452805
test_10612,0.1946878731250763
test_10613,0.007476266007870436
test_10614,0.03364831954240799
test_10615,0.24579690396785736
test_10616,0.07552322745323181
test_10617,0.498334676027298
test_10618,0.01116193551570177
test_10619,0.10652534663677216
test_10620,0.1772264838218689
test_10621,0.18107031285762787
test_10622,0.36955371499061584
test_10623,0.031137537211179733
test_10624,0.1390133500099182
test_10625,0.13183282315731049
test_10626,0.028024107217788696
test_10627,0.3195018768310547
test_10628,0.5935938954353333
test_10629,0.19907246530056
test_10630,0.36473363637924194
test_10631,0.0359920971095562
test_10632,0.09008245915174484
test_10633,0.04664110392332077
test_10634,0.44128838181495667
test_10635,0.37727978825569153
test_10636,0.037410806864500046
test_10637,0.3243710398674011
test_10638,0.0003063061449211091
test_10639,0.01637006178498268
test_10640,0.08261566609144211
test_10641,0.4761023223400116
test_10642,0.29744482040405273
test_10643,0.0732259750366211
test_10644,0.29336017370224
test_10645,0.0189193207770586
test_10646,0.09642846882343292
test_10647,0.3063884973526001
test_10648,0.2743660509586334
test_10649,0.1147809624671936
test_10650,0.529178261756897
test_10651,0.35877904295921326
test_10652,0.11196916550397873
test_10653,0.029593121260404587
test_10654,0.16482697427272797
test_10655,0.014141067862510681
test_10656,0.2389962524175644
test_10657,0.06451889872550964
test_10658,0.0564461350440979
test_10659,0.0009902309393510222
test_10660,0.3117400109767914
test_10661,0.2843879759311676
test_10662,0.0004975147894583642
test_10663,0.09365901350975037
test_10664,0.5430271029472351
test_10665,0.13351252675056458
test_10666,0.1902303546667099
test_10667,0.03969421237707138
test_10668,0.15380015969276428
test_10669,0.32020193338394165
test_10670,0.028502391651272774
test_10671,0.17431128025054932
test_10672,0.00608515739440918
test_10673,0.11121603101491928
test_10674,0.26918748021125793
test_10675,0.0015430343337357044
test_10676,0.1259288340806961
test_10677,0.10415253788232803
test_10678,0.340319961309433
test_10679,0.17664137482643127
test_10680,0.12200446426868439
test_10681,0.4974088966846466
test_10682,0.011358078569173813
test_10683,0.020855121314525604
test_10684,0.04987567290663719
test_10685,0.00465086754411459
test_10686,0.1821649968624115
test_10687,0.0021968965884298086
test_10688,0.008346336893737316
test_10689,0.004671197850257158
test_10690,0.4123883843421936
test_10691,0.17662698030471802
test_10692,0.376511812210083
test_10693,0.005883960518985987
test_10694,0.48551681637763977
test_10695,0.49968013167381287
test_10696,0.008699167519807816
test_10697,0.09943557530641556
test_10698,0.15714570879936218
test_10699,0.013874232769012451
test_10700,0.01443587988615036
test_10701,0.07783880084753036
test_10702,0.3359961211681366
test_10703,0.07327175885438919
test_10704,0.30989277362823486
test_10705,0.11333035677671432
test_10706,0.035368699580430984
test_10707,0.5731462240219116
test_10708,0.41723498702049255
test_10709,0.25586286187171936
test_10710,0.14476385712623596
test_10711,0.2621936798095703
test_10712,0.4853813052177429
test_10713,0.008628635667264462
test_10714,0.8267883062362671
test_10715,0.032527465373277664
test_10716,0.2741207480430603
test_10717,0.042534444481134415
test_10718,0.3986406624317169
test_10719,0.014758856035768986
test_10720,0.47736233472824097
test_10721,0.04519045352935791
test_10722,0.18532639741897583
test_10723,0.0006300515960901976
test_10724,0.06448788195848465
test_10725,0.005207426380366087
test_10726,0.5144315958023071
test_10727,0.020593753084540367
test_10728,0.0014775728341192007
test_10729,4.695350435213186e-05
test_10730,0.5343961119651794
test_10731,0.002594288904219866
test_10732,0.6064478158950806
test_10733,0.0019658661913126707
test_10734,0.17695096135139465
test_10735,0.04181665927171707
test_10736,0.04956988990306854
test_10737,0.22794221341609955
test_10738,0.5590780377388
test_10739,0.2829021215438843
test_10740,0.43216732144355774
test_10741,0.33369410037994385
test_10742,0.035794030874967575
test_10743,0.004171868786215782
test_10744,8.878258086042479e-05
test_10745,5.247207445790991e-05
test_10746,0.3242160677909851
test_10747,0.07252278923988342
test_10748,0.11228565871715546
test_10749,0.002976976567879319
test_10750,0.625531792640686
test_10751,0.002600080566480756
test_10752,0.581544041633606
test_10753,0.10742117464542389
test_10754,0.2139683961868286
test_10755,0.0065446291118860245
test_10756,0.025128843262791634
test_10757,0.27100178599357605
test_10758,0.08355593681335449
test_10759,0.22665582597255707
test_10760,0.006975098047405481
test_10761,0.0034143768716603518
test_10762,0.33502280712127686
test_10763,0.6581726670265198
test_10764,0.19576478004455566
test_10765,0.03252910077571869
test_10766,0.009908256120979786
test_10767,0.1419573873281479
test_10768,0.324468731880188
test_10769,0.06639909744262695
test_10770,2.883954039134551e-05
test_10771,0.2253807932138443
test_10772,0.006326047237962484
test_10773,0.44109639525413513
test_10774,0.0005048575694672763
test_10775,0.5560735464096069
test_10776,0.6118430495262146
test_10777,0.053336214274168015
test_10778,0.5186289548873901
test_10779,0.19533021748065948
test_10780,0.9296420216560364
test_10781,0.15550357103347778
test_10782,0.6719114184379578
test_10783,0.1256372332572937
test_10784,0.27600765228271484
test_10785,0.33586767315864563
test_10786,0.9239928722381592
test_10787,0.22155602276325226
test_10788,0.205868199467659
test_10789,0.24473638832569122
test_10790,0.3806144893169403
test_10791,0.08609452098608017
test_10792,0.27066901326179504
test_10793,0.02326958253979683
test_10794,0.39592331647872925
test_10795,6.086556254558673e-07
test_10796,0.04812479019165039
test_10797,0.22925792634487152
test_10798,0.47265806794166565
test_10799,0.00019990536384284496
test_10800,0.1783437430858612
test_10801,0.00032202943111769855
test_10802,0.014220600947737694
test_10803,0.3249722123146057
test_10804,0.5532001852989197
test_10805,0.21928288042545319
test_10806,0.009867222048342228
test_10807,0.2813582122325897
test_10808,0.2510645091533661
test_10809,0.06660913676023483
test_10810,0.18345247209072113
test_10811,0.4242571294307709
test_10812,0.08286093920469284
test_10813,0.00015874032396823168
test_10814,9.710004889029733e-08
test_10815,0.3575055003166199
test_10816,0.36906030774116516
test_10817,0.025744078680872917
test_10818,0.4108233153820038
test_10819,0.9118984937667847
test_10820,0.23596912622451782
test_10821,0.010797093622386456
test_10822,0.020230939611792564
test_10823,0.30964237451553345
test_10824,0.003796112257987261
test_10825,0.279715895652771
test_10826,0.27427181601524353
test_10827,0.1568894237279892
test_10828,0.5237212181091309
test_10829,0.3279552757740021
test_10830,0.07497226446866989
test_10831,0.3805089592933655
test_10832,0.45033228397369385
test_10833,0.13905148208141327
test_10834,0.5653502941131592
test_10835,0.1099691390991211
test_10836,0.00414902251213789
test_10837,0.14025191962718964
test_10838,0.127346932888031
test_10839,0.4326170086860657
test_10840,0.08722756803035736
test_10841,0.07886521518230438
test_10842,0.2174038141965866
test_10843,8.447760046692565e-05
test_10844,0.0007516146870329976
test_10845,0.015834128484129906
test_10846,0.35756024718284607
test_10847,0.01217007264494896
test_10848,0.004146775230765343
test_10849,0.16408513486385345
test_10850,0.017845679074525833
test_10851,0.00010527556150918826
test_10852,0.041533276438713074
test_10853,0.18309998512268066
test_10854,0.735302209854126
test_10855,0.0004584660637192428
test_10856,0.0469861775636673
test_10857,0.09952746331691742
test_10858,0.018429704010486603
test_10859,0.3695303797721863
test_10860,0.1632629930973053
test_10861,0.008778465911746025
test_10862,0.021156733855605125
test_10863,0.6811352372169495
test_10864,0.034925468266010284
test_10865,0.21194340288639069
test_10866,0.5575047135353088
test_10867,0.22628696262836456
test_10868,0.002216432010754943
test_10869,0.25125381350517273
test_10870,0.12045760452747345
test_10871,0.10844101011753082
test_10872,0.02989913709461689
test_10873,0.25878122448921204
test_10874,0.09639095515012741
test_10875,0.035148460417985916
test_10876,0.056139808148145676
test_10877,0.6720350384712219
test_10878,0.00998301338404417
test_10879,0.00038351622060872614
test_10880,0.09247660636901855
test_10881,1.7912760085891932e-05
test_10882,0.040500324219465256
test_10883,0.14539530873298645
test_10884,0.4155108332633972
test_10885,0.3463748097419739
test_10886,0.22084727883338928
test_10887,0.07540853321552277
test_10888,0.3713986277580261
test_10889,0.3965498208999634
test_10890,0.23365065455436707
test_10891,0.00012191796849947423
test_10892,0.5719117522239685
test_10893,0.04576105996966362
test_10894,0.016387222334742546
test_10895,0.4788118898868561
test_10896,0.00016356667038053274
test_10897,0.011246766895055771
test_10898,0.30405664443969727
test_10899,0.533295750617981
test_10900,0.4314141273498535
test_10901,0.040812451392412186
test_10902,0.040471483021974564
test_10903,0.14986903965473175
test_10904,0.01962115243077278
test_10905,0.6480212807655334
test_10906,0.20258228480815887
test_10907,0.01902480237185955
test_10908,0.39671677350997925
test_10909,0.5374444127082825
test_10910,0.020807968452572823
test_10911,0.0002796659537125379
test_10912,0.8182944655418396
test_10913,0.012415818870067596
test_10914,0.051365021616220474
test_10915,0.4579479396343231
test_10916,0.4268013536930084
test_10917,0.4523160457611084
test_10918,0.26228660345077515
test_10919,0.1933811455965042
test_10920,0.0017485622083768249
test_10921,0.6718752980232239
test_10922,0.4943506121635437
test_10923,0.3944869041442871
test_10924,0.004246560391038656
test_10925,0.2180856317281723
test_10926,0.04082147404551506
test_10927,0.01685757003724575
test_10928,0.0002502774295862764
test_10929,0.0039349268190562725
test_10930,0.2132939249277115
test_10931,0.08900902420282364
test_10932,0.17919200658798218
test_10933,0.029185842722654343
test_10934,0.00030935893300920725
test_10935,0.1509043574333191
test_10936,0.10307561606168747
test_10937,0.4793885350227356
test_10938,0.01791093498468399
test_10939,0.7484917640686035
test_10940,0.0001621490519028157
test_10941,0.058455850929021835
test_10942,0.273621529340744
test_10943,0.0033966058399528265
test_10944,0.006489738821983337
test_10945,0.0036091958172619343
test_10946,0.013776019215583801
test_10947,0.08663999289274216
test_10948,0.12589165568351746
test_10949,0.02548099122941494
test_10950,0.41821232438087463
test_10951,0.18941986560821533
test_10952,0.02036510966718197
test_10953,0.3383868634700775
test_10954,0.6579633355140686
test_10955,0.3771848678588867
test_10956,0.0007003225618973374
test_10957,8.862136019160971e-05
test_10958,0.053805891424417496
test_10959,0.18869240581989288
test_10960,0.5430892705917358
test_10961,0.26864680647850037
test_10962,0.1938059777021408
test_10963,0.04533796384930611
test_10964,0.0005241120234131813
test_10965,0.32691243290901184
test_10966,0.03897853568196297
test_10967,0.10627558082342148
test_10968,3.0375611459021457e-05
test_10969,0.1824006736278534
test_10970,0.12951534986495972
test_10971,0.27734288573265076
test_10972,0.3473826050758362
test_10973,0.004873816855251789
test_10974,0.1768471896648407
test_10975,0.38485977053642273
test_10976,0.9743871092796326
test_10977,0.08808067440986633
test_10978,0.2832256555557251
test_10979,0.03490515053272247
test_10980,0.48683658242225647
test_10981,0.14954806864261627
test_10982,0.4450682997703552
test_10983,7.614022615598515e-05
test_10984,0.2635536789894104
test_10985,0.13756577670574188
test_10986,0.03338799253106117
test_10987,0.08755273371934891
test_10988,0.10060975700616837
test_10989,0.07284228503704071
test_10990,0.5759921669960022
test_10991,0.007405046373605728
test_10992,0.34567394852638245
test_10993,0.2597692906856537
test_10994,0.0589124895632267
test_10995,0.00015181500930339098
test_10996,0.48085224628448486
test_10997,0.2077753245830536
test_10998,0.11091097444295883
test_10999,0.26360055804252625
test_11000,0.009061504155397415
test_11001,0.14066919684410095
test_11002,0.24250806868076324
test_11003,0.004546450451016426
test_11004,0.0016383989714086056
test_11005,0.033643994480371475
test_11006,0.021939221769571304
test_11007,0.2488706111907959
test_11008,0.0017302451888099313
test_11009,0.00014432329044211656
test_11010,0.5766725540161133
test_11011,0.27780669927597046
test_11012,0.13660047948360443
test_11013,0.13528303802013397
test_11014,0.6359400749206543
test_11015,0.49385493993759155
test_11016,0.21325935423374176
test_11017,0.29523202776908875
test_11018,0.019801903516054153
test_11019,0.0060440064407885075
test_11020,0.10695546865463257
test_11021,0.1617223173379898
test_11022,0.2035881131887436
test_11023,0.005433180369436741
test_11024,0.6874340772628784
test_11025,0.1470957249403
test_11026,0.31666916608810425
test_11027,0.1951918751001358
test_11028,0.39816412329673767
test_11029,0.1350385546684265
test_11030,0.15199199318885803
test_11031,0.1770940124988556
test_11032,0.07024161517620087
test_11033,0.14006653428077698
test_11034,0.21360185742378235
test_11035,0.7422909140586853
test_11036,0.13081742823123932
test_11037,0.07060952484607697
test_11038,0.40484619140625
test_11039,0.17202001810073853
test_11040,0.3981667757034302
test_11041,0.2754131257534027
test_11042,0.18701736629009247
test_11043,0.34523269534111023
test_11044,0.0003703300899360329
test_11045,0.20207864046096802
test_11046,0.17521440982818604
test_11047,0.753546953201294
test_11048,0.4565967321395874
test_11049,0.5213608741760254
test_11050,0.010336197912693024
test_11051,0.09618650376796722
test_11052,0.8309524655342102
test_11053,0.06763716042041779
test_11054,0.10482808202505112
test_11055,0.05503496527671814
test_11056,0.7473200559616089
test_11057,0.05408225208520889
test_11058,0.088718481361866
test_11059,0.00902171153575182
test_11060,0.007976602762937546
test_11061,0.024127211421728134
test_11062,0.5773467421531677
test_11063,0.008871980011463165
test_11064,0.7503849864006042
test_11065,0.21364866197109222
test_11066,0.3383166790008545
test_11067,0.1800481677055359
test_11068,0.0001572072069393471
test_11069,0.3824974000453949
test_11070,0.48668965697288513
test_11071,0.04580608755350113
test_11072,0.026620011776685715
test_11073,0.0087177325040102
test_11074,0.10887056589126587
test_11075,0.5331719517707825
test_11076,0.055001258850097656
test_11077,0.031377263367176056
test_11078,0.0007747949566692114
test_11079,0.1421603113412857
test_11080,0.052740585058927536
test_11081,0.16196666657924652
test_11082,0.005433252546936274
test_11083,0.15892627835273743
test_11084,0.026357626542448997
test_11085,0.0049827522598207
test_11086,0.15350444614887238
test_11087,0.9139239192008972
test_11088,0.11125116050243378
test_11089,0.4015951156616211
test_11090,0.4922628700733185
test_11091,0.5939512252807617
test_11092,0.0033464482985436916
test_11093,0.4877642095088959
test_11094,0.4756929874420166
test_11095,0.004503685049712658
test_11096,0.24708066880702972
test_11097,0.42830976843833923
test_11098,0.014444214291870594
test_11099,0.43203893303871155
test_11100,0.35679954290390015
test_11101,0.0003072391264140606
test_11102,0.3278219997882843
test_11103,0.5288887619972229
test_11104,0.2530151605606079
test_11105,0.0014229652006179094
test_11106,0.3696275055408478
test_11107,0.20445825159549713
test_11108,0.3476831316947937
test_11109,0.29722583293914795
test_11110,0.3029671907424927
test_11111,0.0020163897424936295
test_11112,0.20313787460327148
test_11113,0.0021077371202409267
test_11114,0.22987177968025208
test_11115,0.53350830078125
test_11116,0.30613625049591064
test_11117,0.4999368190765381
test_11118,0.18080610036849976
test_11119,0.4817613661289215
test_11120,0.12937313318252563
test_11121,0.6407994627952576
test_11122,0.13124316930770874
test_11123,0.354184091091156
test_11124,0.13667893409729004
test_11125,0.07911673188209534
test_11126,0.5083775520324707
test_11127,0.1678682416677475
test_11128,0.3818976581096649
test_11129,0.2342126965522766
test_11130,0.5405610799789429
test_11131,0.12019944936037064
test_11132,0.5479297041893005
test_11133,0.05762864276766777
test_11134,0.04612967371940613
test_11135,0.2515066862106323
test_11136,0.12205494940280914
test_11137,0.13322752714157104
test_11138,0.3949853181838989
test_11139,0.4833689033985138
test_11140,0.002776015317067504
test_11141,0.2562870383262634
test_11142,0.00016551635053474456
test_11143,0.01168077252805233
test_11144,0.005413969047367573
test_11145,0.0028714328072965145
test_11146,3.2829848350957036e-05
test_11147,0.4048236012458801
test_11148,0.001699836109764874
test_11149,3.22403539030347e-05
test_11150,0.46567490696907043
test_11151,0.25024670362472534
test_11152,0.4246402382850647
test_11153,0.34389862418174744
test_11154,0.3298482596874237
test_11155,0.01333133690059185
test_11156,0.26408764719963074
test_11157,0.2459518164396286
test_11158,0.0004653596843127161
test_11159,0.295596182346344
test_11160,0.0931202620267868
test_11161,0.3561771512031555
test_11162,0.0008003413677215576
test_11163,0.0028238047380000353
test_11164,0.026765014976263046
test_11165,0.33688902854919434
test_11166,0.05020666494965553
test_11167,0.0005009700544178486
test_11168,0.1676943451166153
test_11169,0.04515022784471512
test_11170,0.1429886668920517
test_11171,0.12600736320018768
test_11172,0.15593767166137695
test_11173,0.533147394657135
test_11174,0.004843892529606819
test_11175,0.4826091527938843
test_11176,0.3556908071041107
test_11177,0.061177778989076614
test_11178,2.9113049095030874e-05
test_11179,0.010999488644301891
test_11180,0.06730096787214279
test_11181,0.6551236510276794
test_11182,0.3310491442680359
test_11183,0.42729222774505615
test_11184,0.035026878118515015
test_11185,0.3723600208759308
test_11186,0.00046701208339072764
test_11187,0.03181230276823044
test_11188,0.03566024824976921
test_11189,0.01898849755525589
test_11190,0.015281851403415203
test_11191,0.12002232670783997
test_11192,0.3952547311782837
test_11193,0.005435095634311438
test_11194,0.3851592242717743
test_11195,0.004284512251615524
test_11196,0.13616010546684265
test_11197,0.3629165291786194
test_11198,0.24878594279289246
test_11199,0.28857025504112244
test_11200,0.10892388969659805
test_11201,0.1369766741991043
test_11202,0.04559750854969025
test_11203,0.42362523078918457
test_11204,0.42491698265075684
test_11205,4.956732482241932e-06
test_11206,0.460452139377594
test_11207,3.719787855516188e-05
test_11208,0.01364856492727995
test_11209,0.00920603796839714
test_11210,0.4098827540874481
test_11211,0.14364340901374817
test_11212,0.4106591045856476
test_11213,0.008764966391026974
test_11214,0.07111183553934097
test_11215,0.00657649664208293
test_11216,0.2958197593688965
test_11217,0.10204627364873886
test_11218,0.776089608669281
test_11219,0.5688064098358154
test_11220,0.08206435292959213
test_11221,0.34717482328414917
test_11222,0.009783811867237091
test_11223,0.10107117891311646
test_11224,0.2574489712715149
test_11225,0.12928323447704315
test_11226,0.006398222874850035
test_11227,0.31481242179870605
test_11228,0.04868407920002937
test_11229,0.5458171963691711
test_11230,0.2526068091392517
test_11231,0.38280633091926575
test_11232,0.01364703755825758
test_11233,0.04664038494229317
test_11234,0.026228049769997597
test_11235,0.2625240981578827
test_11236,0.2076537311077118
test_11237,0.02541266195476055
test_11238,0.08536713570356369
test_11239,0.3922971189022064
test_11240,0.24608083069324493
test_11241,0.2511989176273346
test_11242,0.8355103135108948
test_11243,0.016249394044280052
test_11244,0.002714548958465457
test_11245,0.0006806263700127602
test_11246,0.6026596426963806
test_11247,0.12145758420228958
test_11248,0.3866958022117615
test_11249,0.18611760437488556
test_11250,0.19864852726459503
test_11251,0.15436257421970367
test_11252,1.7506648646303802e-06
test_11253,0.3388844430446625
test_11254,0.3875681757926941
test_11255,0.04186222329735756
test_11256,0.510319173336029
test_11257,0.6426953077316284
test_11258,0.14758774638175964
test_11259,0.0010348028736189008
test_11260,0.23889482021331787
test_11261,0.0026826730463653803
test_11262,0.9794363379478455
test_11263,0.6045171618461609
test_11264,0.37335020303726196
test_11265,0.18297335505485535
test_11266,0.10446565598249435
test_11267,0.03118513524532318
test_11268,0.28827717900276184
test_11269,0.2856186330318451
test_11270,0.5057823657989502
test_11271,0.17132310569286346
test_11272,0.2271576076745987
test_11273,0.0035362187772989273
test_11274,0.045610927045345306
test_11275,0.0015618911711499095
test_11276,0.058403924107551575
test_11277,0.25116056203842163
test_11278,1.7908597556015593e-06
test_11279,0.3792926073074341
test_11280,0.5582887530326843
test_11281,0.09832940250635147
test_11282,0.2614738941192627
test_11283,0.08009079098701477
test_11284,0.11721169203519821
test_11285,0.059261616319417953
test_11286,0.0001017298927763477
test_11287,0.40580034255981445
test_11288,0.3232382535934448
test_11289,0.2485456019639969
test_11290,0.10118833184242249
test_11291,0.33941030502319336
test_11292,0.4475563168525696
test_11293,0.30369508266448975
test_11294,0.5139707326889038
test_11295,0.01737779751420021
test_11296,0.00044112399336881936
test_11297,0.3136899173259735
test_11298,0.0075758215971291065
test_11299,0.2577939033508301
test_11300,0.30070850253105164
test_11301,0.23762020468711853
test_11302,0.0037624153774231672
test_11303,0.1277937889099121
test_11304,0.24953891336917877
test_11305,0.006681226659566164
test_11306,0.0177517831325531
test_11307,0.3351159393787384
test_11308,0.5568728446960449
test_11309,0.2495090514421463
test_11310,0.3455856740474701
test_11311,0.04847356677055359
test_11312,0.0009115691063925624
test_11313,0.1779915988445282
test_11314,0.02601596526801586
test_11315,0.44728249311447144
test_11316,0.08877526968717575
test_11317,0.08048313111066818
test_11318,0.3202936351299286
test_11319,0.005157758481800556
test_11320,0.011572344228625298
test_11321,0.001063398434780538
test_11322,0.023968292400240898
test_11323,0.030141808092594147
test_11324,0.1292910873889923
test_11325,0.5134782791137695
test_11326,0.007743301801383495
test_11327,0.02353084087371826
test_11328,0.9546656608581543
test_11329,0.23210790753364563
test_11330,0.3243698477745056
test_11331,0.0013799170264974236
test_11332,0.39106616377830505
test_11333,0.2506836950778961
test_11334,0.3253914415836334
test_11335,0.39071476459503174
test_11336,0.3823733627796173
test_11337,0.046096816658973694
test_11338,0.3696061074733734
test_11339,0.2484123259782791
test_11340,0.07906956970691681
test_11341,0.2463449090719223
test_11342,0.02163633704185486
test_11343,0.09640995413064957
test_11344,0.11212499439716339
test_11345,0.2030150145292282
test_11346,0.2507890462875366
test_11347,0.08780642598867416
test_11348,0.09973189979791641
test_11349,0.01052933931350708
test_11350,0.25988510251045227
test_11351,0.016482392325997353
test_11352,0.317031592130661
test_11353,0.6028831005096436
test_11354,0.0005785227986052632
test_11355,0.04869534447789192
test_11356,0.024136841297149658
test_11357,0.025955287739634514
test_11358,0.1734999716281891
test_11359,0.611047625541687
test_11360,0.09853217750787735
test_11361,0.0003871121152769774
test_11362,0.04727133736014366
test_11363,0.00023792705906089395
test_11364,0.020861245691776276
test_11365,0.11456087231636047
test_11366,0.5436708331108093
test_11367,0.0004001963825430721
test_11368,0.238345667719841
test_11369,0.4876454770565033
test_11370,0.46834155917167664
test_11371,0.2737647593021393
test_11372,0.13450512290000916
test_11373,0.10260453075170517
test_11374,0.2827688455581665
test_11375,0.10821012407541275
test_11376,0.027991779148578644
test_11377,0.12654811143875122
test_11378,0.5413838624954224
test_11379,0.2780984044075012
test_11380,0.0009198055486194789
test_11381,2.8403728720149957e-05
test_11382,0.10265037417411804
test_11383,0.19511206448078156
test_11384,0.19084256887435913
test_11385,0.33981388807296753
test_11386,0.15957708656787872
test_11387,0.6176970601081848
test_11388,0.025939056649804115
test_11389,5.195488847675733e-05
test_11390,0.2185335010290146
test_11391,0.38761135935783386
test_11392,0.01345638744533062
test_11393,0.24502038955688477
test_11394,0.15172961354255676
test_11395,0.06930883228778839
test_11396,0.1821969598531723
test_11397,0.22164106369018555
test_11398,0.22105659544467926
test_11399,0.24729189276695251
test_11400,0.00955924205482006
test_11401,0.2910914421081543
test_11402,0.31092140078544617
test_11403,0.16960515081882477
test_11404,0.11935506016016006
test_11405,0.16834817826747894
test_11406,0.04479624703526497
test_11407,0.25202476978302
test_11408,0.41144439578056335
test_11409,0.2409774661064148
test_11410,0.007332101464271545
test_11411,0.05111250653862953
test_11412,0.3748238980770111
test_11413,0.012145493179559708
test_11414,0.021121110767126083
test_11415,0.46815502643585205
test_11416,0.23549222946166992
test_11417,0.4611683487892151
test_11418,0.2588082551956177
test_11419,0.5134153366088867
test_11420,0.5421843528747559
test_11421,0.0015842558350414038
test_11422,0.2724931836128235
test_11423,0.06134869158267975
test_11424,0.4381144046783447
test_11425,0.0031525357626378536
test_11426,0.36309587955474854
test_11427,0.3053131401538849
test_11428,0.0010704165324568748
test_11429,0.00026728829834610224
test_11430,0.23194196820259094
test_11431,0.9043126106262207
test_11432,0.10198087990283966
test_11433,0.013112246990203857
test_11434,0.5399007201194763
test_11435,0.1663576364517212
test_11436,0.40260833501815796
test_11437,0.026282139122486115
test_11438,0.28269079327583313
test_11439,7.78281973907724e-05
test_11440,0.23204433917999268
test_11441,0.02264988049864769
test_11442,0.03885508328676224
test_11443,0.2404617965221405
test_11444,0.35624873638153076
test_11445,0.127528116106987
test_11446,0.0001717707491479814
test_11447,0.30941182374954224
test_11448,0.0027357148937880993
test_11449,0.5409867167472839
test_11450,0.7038295269012451
test_11451,0.008371858857572079
test_11452,0.5240690112113953
test_11453,9.580713594914414e-06
test_11454,0.10708548128604889
test_11455,0.017600663006305695
test_11456,0.12502919137477875
test_11457,0.0045271096751093864
test_11458,0.07899241894483566
test_11459,0.00815716665238142
test_11460,0.741395890712738
test_11461,0.8544523119926453
test_11462,0.16576750576496124
test_11463,0.06163989007472992
test_11464,0.2167099416255951
test_11465,0.27467724680900574
test_11466,0.25445476174354553
test_11467,0.2625190019607544
test_11468,0.008855374529957771
test_11469,9.19679496291792e-06
test_11470,0.2275986522436142
test_11471,0.2939801514148712
test_11472,0.1498158574104309
test_11473,0.026230985298752785
test_11474,0.958953857421875
test_11475,0.33737891912460327
test_11476,0.3382304608821869
test_11477,0.2795039713382721
test_11478,0.18268609046936035
test_11479,0.018556026741862297
test_11480,0.2321367859840393
test_11481,0.31805625557899475
test_11482,0.15285368263721466
test_11483,0.14143577218055725
test_11484,0.003984854556620121
test_11485,0.3608136475086212
test_11486,0.6570670008659363
test_11487,0.013617178425192833
test_11488,0.0014864999102428555
test_11489,0.46774688363075256
test_11490,0.6307728886604309
test_11491,0.0006022918387316167
test_11492,0.18384572863578796
test_11493,0.023297060281038284
test_11494,0.6276221871376038
test_11495,0.0019368863431736827
test_11496,0.5341972708702087
test_11497,0.5091702938079834
test_11498,0.4375974237918854
test_11499,0.46742045879364014
test_11500,0.004353301599621773
test_11501,0.34221941232681274
test_11502,0.024815399199724197
test_11503,0.40035301446914673
test_11504,0.37177738547325134
test_11505,0.6406363844871521
test_11506,0.12175525724887848
test_11507,0.044571489095687866
test_11508,0.38235315680503845
test_11509,0.008583744056522846
test_11510,0.022637443616986275
test_11511,0.03473568707704544
test_11512,0.06509901583194733
test_11513,0.2842235267162323
test_11514,8.688458365213592e-06
test_11515,0.29766854643821716
test_11516,0.1316722333431244
test_11517,0.01119623426347971
test_11518,0.35100600123405457
test_11519,0.03912949934601784
test_11520,0.21100622415542603
test_11521,3.926754288841039e-05
test_11522,0.017832845449447632
test_11523,0.185116246342659
test_11524,0.00016242620768025517
test_11525,0.22748717665672302
test_11526,0.3909699022769928
test_11527,0.015924083068966866
test_11528,0.24755555391311646
test_11529,0.038542501628398895
test_11530,0.011516924016177654
test_11531,0.2144976407289505
test_11532,0.7865793704986572
test_11533,0.22574865818023682
test_11534,0.39553770422935486
test_11535,0.3157497048377991
test_11536,0.8901243805885315
test_11537,0.28278452157974243
test_11538,0.31903040409088135
test_11539,0.031136730685830116
test_11540,0.6564787030220032
test_11541,0.0894666239619255
test_11542,0.09500166773796082
test_11543,0.18124650418758392
test_11544,0.014245642349123955
test_11545,0.31062501668930054
test_11546,0.152666375041008
test_11547,0.010631831362843513
test_11548,0.44556984305381775
test_11549,0.0004103070532437414
test_11550,0.3296751081943512
test_11551,0.0401877835392952
test_11552,0.49022388458251953
test_11553,0.6078526377677917
test_11554,0.16988885402679443
test_11555,0.18666371703147888
test_11556,0.5266475081443787
test_11557,0.46402931213378906
test_11558,0.7179339528083801
test_11559,0.12939512729644775
test_11560,0.0618322491645813
test_11561,0.0003369760815985501
test_11562,0.0015471905935555696
test_11563,0.30611923336982727
test_11564,0.3439657688140869
test_11565,0.0019196622306481004
test_11566,0.04698286950588226
test_11567,0.005085892044007778
test_11568,0.23159924149513245
test_11569,0.17868110537528992
test_11570,0.12316548079252243
test_11571,0.007970263250172138
test_11572,0.08522452414035797
test_11573,0.1585865169763565
test_11574,0.010258405469357967
test_11575,0.7651176452636719
test_11576,0.19627118110656738
test_11577,0.29531601071357727
test_11578,0.2702930271625519
test_11579,0.6782801747322083
test_11580,0.12195469439029694
test_11581,0.28661155700683594
test_11582,0.02398146502673626
test_11583,0.10667423158884048
test_11584,0.006945613771677017
test_11585,0.053072161972522736
test_11586,0.7486950159072876
test_11587,0.21247617900371552
test_11588,0.21805612742900848
test_11589,0.01768345944583416
test_11590,0.11721371859312057
test_11591,0.22560492157936096
test_11592,0.26692813634872437
test_11593,0.4241059422492981
test_11594,0.0015429476043209434
test_11595,0.001960903638973832
test_11596,0.030397070571780205
test_11597,0.011718539521098137
test_11598,1.4957710845919792e-05
test_11599,0.00828481838107109
test_11600,0.06077628955245018
test_11601,0.1902620792388916
test_11602,0.15697549283504486
test_11603,0.6100192070007324
test_11604,0.055961981415748596
test_11605,0.6606605648994446
test_11606,0.01733683981001377
test_11607,0.0892990380525589
test_11608,0.120343416929245
test_11609,0.4881729185581207
test_11610,0.0775461345911026
test_11611,0.06652255356311798
test_11612,0.2647256553173065
test_11613,0.43967142701148987
test_11614,0.31952857971191406
test_11615,0.2189353108406067
test_11616,0.44112473726272583
test_11617,0.566684901714325
test_11618,0.30301806330680847
test_11619,0.3414117395877838
test_11620,0.16561560332775116
test_11621,0.156708762049675
test_11622,0.12541745603084564
test_11623,0.03371362388134003
test_11624,0.3476172685623169
test_11625,0.31266582012176514
test_11626,0.02104252763092518
test_11627,0.44465887546539307
test_11628,0.0081709586083889
test_11629,0.16825231909751892
test_11630,0.26624220609664917
test_11631,0.00560319097712636
test_11632,0.010199383832514286
test_11633,0.12196407467126846
test_11634,0.3363667130470276
test_11635,0.32265883684158325
test_11636,0.4808047413825989
test_11637,0.5407305955886841
test_11638,0.26533669233322144
test_11639,0.0005171560915187001
test_11640,0.7931355834007263
test_11641,0.13932840526103973
test_11642,0.13487914204597473
test_11643,0.23745518922805786
test_11644,0.03332637622952461
test_11645,0.08939645439386368
test_11646,1.0201129953202326e-05
test_11647,0.0006154765724204481
test_11648,0.011000354774296284
test_11649,0.026909364387392998
test_11650,0.28688082098960876
test_11651,0.5127164721488953
test_11652,0.0003580850316211581
test_11653,0.3560101091861725
test_11654,0.1509263515472412
test_11655,5.231489194557071e-05
test_11656,0.293704628944397
test_11657,0.0004161359101999551
test_11658,0.01722513884305954
test_11659,1.6545540347578935e-05
test_11660,0.538632869720459
test_11661,0.012978942133486271
test_11662,0.11132439225912094
test_11663,0.053543999791145325
test_11664,0.31365707516670227
test_11665,0.12299729138612747
test_11666,0.03356010839343071
test_11667,0.055621206760406494
test_11668,0.18538624048233032
test_11669,0.1871664673089981
test_11670,0.2662859857082367
test_11671,0.12817421555519104
test_11672,0.38629552721977234
test_11673,0.16540716588497162
test_11674,0.014412635937333107
test_11675,0.001062164199538529
test_11676,0.06447398662567139
test_11677,0.34897634387016296
test_11678,2.3379143385682255e-05
test_11679,0.010918906889855862
test_11680,0.0016511940630152822
test_11681,0.06781916320323944
test_11682,0.0020941034890711308
test_11683,0.4397047460079193
test_11684,0.21318747103214264
test_11685,0.24653640389442444
test_11686,0.49394774436950684
test_11687,0.15556718409061432
test_11688,0.18831728398799896
test_11689,0.036670174449682236
test_11690,0.11320973932743073
test_11691,0.42314624786376953
test_11692,0.41083717346191406
test_11693,0.4253988265991211
test_11694,0.002409802284091711
test_11695,0.08839872479438782
test_11696,0.20026397705078125
test_11697,0.16441130638122559
test_11698,0.023866573348641396
test_11699,0.22125905752182007
test_11700,0.29325318336486816
test_11701,0.3359886407852173
test_11702,0.00010708700574468821
test_11703,0.10760433226823807
test_11704,0.05305958166718483
test_11705,0.19009575247764587
test_11706,0.15816788375377655
test_11707,3.858022319036536e-05
test_11708,0.16901522874832153
test_11709,0.027025865390896797
test_11710,0.379860520362854
test_11711,0.12039946019649506
test_11712,0.11081821471452713
test_11713,0.556082546710968
test_11714,0.37146177887916565
test_11715,0.3326694667339325
test_11716,0.048525430262088776
test_11717,1.764462922437815e-07
test_11718,0.004118551500141621
test_11719,0.24585430324077606
test_11720,0.3535372316837311
test_11721,0.49244174361228943
test_11722,0.5558021664619446
test_11723,0.20207542181015015
test_11724,0.035969968885183334
test_11725,0.17314797639846802
test_11726,0.4180927574634552
test_11727,0.41374942660331726
test_11728,0.4388493597507477
test_11729,0.5532480478286743
test_11730,0.5038455128669739
test_11731,0.011212964542210102
test_11732,0.6790583729743958
test_11733,0.6365172266960144
test_11734,0.0006944566848687828
test_11735,0.20838738977909088
test_11736,0.10052593052387238
test_11737,0.09858867526054382
test_11738,0.15698282420635223
test_11739,0.4131685793399811
test_11740,0.207114115357399
test_11741,0.3744083046913147
test_11742,0.23544585704803467
test_11743,0.7350800633430481
test_11744,0.11570000648498535
test_11745,0.04688718542456627
test_11746,0.5763152837753296
test_11747,0.03038761578500271
test_11748,0.004686390981078148
test_11749,0.21689347922801971
test_11750,0.1791612207889557
test_11751,0.002586550544947386
test_11752,0.3349069058895111
test_11753,0.4613288938999176
test_11754,0.03787513077259064
test_11755,0.07903551310300827
test_11756,0.4313324987888336
test_11757,0.01272300723940134
test_11758,0.328073650598526
test_11759,0.3527466654777527
test_11760,0.12205514311790466
test_11761,0.6914107799530029
test_11762,0.16076971590518951
test_11763,0.3371444344520569
test_11764,0.4032474458217621
test_11765,0.09842657297849655
test_11766,0.5480685234069824
test_11767,0.010411296039819717
test_11768,0.08824936300516129
test_11769,0.32805052399635315
test_11770,0.1608905792236328
test_11771,0.07209049165248871
test_11772,0.4714345932006836
test_11773,0.15620961785316467
test_11774,0.0030093160457909107
test_11775,0.06801845878362656
test_11776,0.10526122152805328
test_11777,0.020122794434428215
test_11778,0.21491451561450958
test_11779,0.66144859790802
test_11780,0.07193376868963242
test_11781,0.15724943578243256
test_11782,0.09608562290668488
test_11783,0.0152809489518404
test_11784,0.24917949736118317
test_11785,0.06446506083011627
test_11786,0.31182926893234253
test_11787,0.016742834821343422
test_11788,0.21363109350204468
test_11789,0.13761886954307556
test_11790,4.698172415373847e-05
test_11791,0.4426431953907013
test_11792,0.6159060001373291
test_11793,0.06139490753412247
test_11794,0.36755597591400146
test_11795,0.042082179337739944
test_11796,9.256832527171355e-06
test_11797,0.3743576407432556
test_11798,0.14203830063343048
test_11799,0.2536543309688568
test_11800,2.031107032962609e-05
test_11801,0.036963991820812225
test_11802,0.003612678265199065
test_11803,0.00012090300879208371
test_11804,0.2847222685813904
test_11805,0.014378415420651436
test_11806,0.3245026767253876
test_11807,0.02304927632212639
test_11808,0.10153970867395401
test_11809,0.18881425261497498
test_11810,0.6395639777183533
test_11811,0.12024282664060593
test_11812,0.5089658498764038
test_11813,0.10984379798173904
test_11814,0.1805700808763504
test_11815,0.05784664675593376
test_11816,0.18439750373363495
test_11817,0.08117523044347763
test_11818,0.10607437044382095
test_11819,0.16698265075683594
test_11820,0.39948317408561707
test_11821,0.44995561242103577
test_11822,0.263969749212265
test_11823,0.5573866963386536
test_11824,0.16964833438396454
test_11825,0.4113750159740448
test_11826,0.04200633242726326
test_11827,0.6006923317909241
test_11828,0.3404396176338196
test_11829,0.5027561187744141
test_11830,0.6564121842384338
test_11831,0.001140687265433371
test_11832,0.44876691699028015
test_11833,0.08147064596414566
test_11834,0.0798652172088623
test_11835,0.07247363775968552
test_11836,0.04147231951355934
test_11837,0.36478620767593384
test_11838,0.1344289481639862
test_11839,0.03445698320865631
test_11840,2.1560172172030434e-05
test_11841,0.02213866263628006
test_11842,0.45056623220443726
test_11843,0.17979811131954193
test_11844,0.004326454363763332
test_11845,0.588385283946991
test_11846,0.2673381567001343
test_11847,0.17901411652565002
test_11848,0.47338300943374634
test_11849,0.0008473662892356515
test_11850,0.3045414090156555
test_11851,0.027906594797968864
test_11852,0.006786861922591925
test_11853,0.539336621761322
test_11854,0.0007706793840043247
test_11855,0.5588380694389343
test_11856,0.2624093294143677
test_11857,0.002459526527673006
test_11858,0.7098210453987122
test_11859,0.2938624918460846
test_11860,0.5607221126556396
test_11861,0.08303680270910263
test_11862,0.23686553537845612
test_11863,0.26313942670822144
test_11864,0.165334552526474
test_11865,0.3914981186389923
test_11866,0.32223519682884216
test_11867,0.22206217050552368
test_11868,0.05584890767931938
test_11869,0.0003050317754969001
test_11870,0.31621336936950684
test_11871,0.22249802947044373
test_11872,0.14745935797691345
test_11873,0.28412094712257385
test_11874,0.3994467854499817
test_11875,0.1672327071428299
test_11876,0.5630388855934143
test_11877,0.4712868332862854
test_11878,0.09924435615539551
test_11879,0.008270475082099438
test_11880,0.001411484437994659
test_11881,0.8798384666442871
test_11882,0.040208764374256134
test_11883,0.22633932530879974
test_11884,0.03777604177594185
test_11885,0.14309115707874298
test_11886,0.04100722819566727
test_11887,0.31001827120780945
test_11888,0.05879742652177811
test_11889,0.41452789306640625
test_11890,1.4968950381444301e-06
test_11891,0.14237076044082642
test_11892,0.3887443244457245
test_11893,0.38895031809806824
test_11894,0.0062826042994856834
test_11895,0.07927428930997849
test_11896,0.07748828828334808
test_11897,0.32837653160095215
test_11898,0.00672100530937314
test_11899,0.25593534111976624
test_11900,0.34801650047302246
test_11901,0.023009413853287697
test_11902,0.008523105643689632
test_11903,0.007143746130168438
test_11904,0.04442274570465088
test_11905,0.3569563329219818
test_11906,5.761158899986185e-05
test_11907,0.431262344121933
test_11908,0.0008399583748541772
test_11909,0.152898371219635
test_11910,0.21315765380859375
test_11911,0.2615761160850525
test_11912,0.025932369753718376
test_11913,0.0006784885190427303
test_11914,0.2110988199710846
test_11915,0.00184245768468827
test_11916,0.010586274787783623
test_11917,0.35017088055610657
test_11918,0.03764605149626732
test_11919,0.4218902587890625
test_11920,0.4170331358909607
test_11921,0.2509622573852539
test_11922,0.0018584118224680424
test_11923,0.35986146330833435
test_11924,0.4233688712120056
test_11925,0.7462086081504822
test_11926,0.5063335299491882
test_11927,0.0008761256467550993
test_11928,0.02214156463742256
test_11929,0.057723816484212875
test_11930,0.13257165253162384
test_11931,0.4144088327884674
test_11932,0.08504083007574081
test_11933,0.32393115758895874
test_11934,0.4912688434123993
test_11935,0.1291206181049347
test_11936,0.6766284704208374
test_11937,0.0003451442753430456
test_11938,0.003554148366674781
test_11939,0.024607010185718536
test_11940,0.09579706192016602
test_11941,0.00036911340430378914
test_11942,0.46824222803115845
test_11943,4.588398041960318e-06
test_11944,0.012578504160046577
test_11945,0.44419965147972107
test_11946,0.06633266061544418
test_11947,0.33401116728782654
test_11948,0.09471817314624786
test_11949,0.7729817032814026
test_11950,0.0011577890254557133
test_11951,0.06223689392209053
test_11952,0.0015719846123829484
test_11953,0.02363317459821701
test_11954,0.10232102125883102
test_11955,0.7625125646591187
test_11956,0.29400894045829773
test_11957,0.273368239402771
test_11958,0.2720567584037781
test_11959,0.35601118206977844
test_11960,0.00024042316363193095
test_11961,0.09161348640918732
test_11962,0.0001183971471618861
test_11963,0.008842677809298038
test_11964,0.0028145231772214174
test_11965,0.42906004190444946
test_11966,0.6779661178588867
test_11967,0.2747081518173218
test_11968,0.524138867855072
test_11969,0.10658562928438187
test_11970,0.04647792503237724
test_11971,0.309498131275177
test_11972,0.5724737048149109
test_11973,0.33206406235694885
test_11974,0.14969515800476074
test_11975,0.9958797693252563
test_11976,0.2704317569732666
test_11977,0.17041349411010742
test_11978,0.035722676664590836
test_11979,0.09822194278240204
test_11980,0.31833577156066895
test_11981,3.9469869079766795e-05
test_11982,0.30992791056632996
test_11983,0.290687620639801
test_11984,0.007392873987555504
test_11985,0.25382107496261597
test_11986,0.10987529903650284
test_11987,0.4590630531311035
test_11988,0.02060084603726864
test_11989,0.03564582020044327
test_11990,0.9304510354995728
test_11991,0.3741587996482849
test_11992,0.0030937485862523317
test_11993,0.0071692680940032005
test_11994,0.1058490052819252
test_11995,0.18424451351165771
test_11996,0.5162526965141296
test_11997,0.005123548675328493
test_11998,0.0045657954178750515
test_11999,0.2933785915374756
test_12000,0.746039092540741
test_12001,0.0011319208424538374
test_12002,0.28995147347450256
test_12003,0.4396287798881531
test_12004,0.0801382064819336
test_12005,0.059931881725788116
test_12006,0.0008756837924011052
test_12007,0.38530978560447693
test_12008,0.09157230705022812
test_12009,0.2165101170539856
test_12010,0.12645499408245087
test_12011,0.4370875656604767
test_12012,0.24049094319343567
test_12013,0.0019366588676348329
test_12014,0.41163086891174316
test_12015,0.2546519339084625
test_12016,0.27418282628059387
test_12017,0.002504392061382532
test_12018,0.4442448914051056
test_12019,0.20577679574489594
test_12020,0.011913001537322998
test_12021,0.01248563639819622
test_12022,0.34568068385124207
test_12023,0.007961057126522064
test_12024,0.29816314578056335
test_12025,0.22431181371212006
test_12026,0.2826763987541199
test_12027,0.08262408524751663
test_12028,0.26283395290374756
test_12029,0.10535261034965515
test_12030,0.06988635659217834
test_12031,0.4006515443325043
test_12032,0.020127585157752037
test_12033,0.3909786343574524
test_12034,0.058168888092041016
test_12035,0.41872701048851013
test_12036,0.16925431787967682
test_12037,0.07808870077133179
test_12038,0.23316793143749237
test_12039,0.14020398259162903
test_12040,0.5433661937713623
test_12041,0.32922637462615967
test_12042,0.007692035753279924
test_12043,0.44132497906684875
test_12044,0.03767696022987366
test_12045,0.011940665543079376
test_12046,0.531589150428772
test_12047,0.0710529237985611
test_12048,0.1956297606229782
test_12049,7.265023214131361e-06
test_12050,0.20551492273807526
test_12051,0.0007247249595820904
test_12052,0.0020770153496414423
test_12053,0.2265024483203888
test_12054,0.19538523256778717
test_12055,0.0021135180722922087
test_12056,0.5768489241600037
test_12057,0.18863394856452942
test_12058,0.05864950641989708
test_12059,0.6604514718055725
test_12060,0.23738151788711548
test_12061,0.00788716971874237
test_12062,0.16795167326927185
test_12063,0.6306763887405396
test_12064,0.1447259783744812
test_12065,0.3168375790119171
test_12066,0.15893656015396118
test_12067,0.46356400847435
test_12068,0.15846921503543854
test_12069,0.13309796154499054
test_12070,0.2061220407485962
test_12071,0.5213757753372192
test_12072,0.04000132903456688
test_12073,0.08878166973590851
test_12074,0.1198742464184761
test_12075,0.3114498257637024
test_12076,0.1359417587518692
test_12077,0.018963593989610672
test_12078,0.750555694103241
test_12079,0.0011898193042725325
test_12080,0.03088519163429737
test_12081,0.3285418450832367
test_12082,0.23398864269256592
test_12083,0.05102183297276497
test_12084,0.7956718802452087
test_12085,0.14045904576778412
test_12086,0.07986880838871002
test_12087,0.3090948462486267
test_12088,0.005062723532319069
test_12089,0.5225675702095032
test_12090,0.43381232023239136
test_12091,0.07845240831375122
test_12092,0.5970958471298218
test_12093,0.2605491876602173
test_12094,0.4174165725708008
test_12095,0.19713912904262543
test_12096,0.7033090591430664
test_12097,0.1069774255156517
test_12098,0.4249492883682251
test_12099,0.26561832427978516
test_12100,0.3556888997554779
test_12101,0.9714169502258301
test_12102,0.009426894597709179
test_12103,0.00043297617230564356
test_12104,0.05028824508190155
test_12105,0.10793066769838333
test_12106,0.29969868063926697
test_12107,0.07143495231866837
test_12108,0.11132410913705826
test_12109,0.03311610221862793
test_12110,0.0013573199976235628
test_12111,0.7383698225021362
test_12112,0.15055608749389648
test_12113,0.2816542983055115
test_12114,0.3074262738227844
test_12115,0.15511170029640198
test_12116,0.024348629638552666
test_12117,0.11068501323461533
test_12118,0.05402961000800133
test_12119,0.10221643000841141
test_12120,0.09488266706466675
test_12121,0.0027040743734687567
test_12122,0.07234897464513779
test_12123,0.0019476439338177443
test_12124,0.14791569113731384
test_12125,0.0017886925488710403
test_12126,0.9045536518096924
test_12127,0.27062979340553284
test_12128,0.15322041511535645
test_12129,0.0054027424193918705
test_12130,0.32601112127304077
test_12131,0.20628643035888672
test_12132,0.011750689707696438
test_12133,0.5159650444984436
test_12134,0.19178618490695953
test_12135,0.6186076402664185
test_12136,0.18664692342281342
test_12137,0.050246428698301315
test_12138,0.05146567523479462
test_12139,0.13804449141025543
test_12140,0.04892253130674362
test_12141,0.0005704459035769105
test_12142,0.5307146906852722
test_12143,0.42229142785072327
test_12144,0.3307216763496399
test_12145,0.21425575017929077
test_12146,0.5580461025238037
test_12147,0.4582243263721466
test_12148,0.24266497790813446
test_12149,0.10045704990625381
test_12150,2.8526670575956814e-05
test_12151,0.45166271924972534
test_12152,0.6683159470558167
test_12153,0.3482208251953125
test_12154,0.5320760011672974
test_12155,0.12425337731838226
test_12156,0.0007294094539247453
test_12157,0.24464206397533417
test_12158,3.5048546124016866e-05
test_12159,0.390351802110672
test_12160,0.5075871348381042
test_12161,0.11606380343437195
test_12162,0.05487620830535889
test_12163,0.5182791352272034
test_12164,0.0029890493024140596
test_12165,0.0485423319041729
test_12166,0.02086372673511505
test_12167,0.04521448165178299
test_12168,0.07294769585132599
test_12169,0.20750445127487183
test_12170,0.007840287871658802
test_12171,0.20876577496528625
test_12172,0.49480772018432617
test_12173,0.201852485537529
test_12174,0.1753355711698532
test_12175,0.11619342863559723
test_12176,0.00514637166634202
test_12177,0.16994348168373108
test_12178,0.00020128494361415505
test_12179,0.002356452401727438
test_12180,0.023287944495677948
test_12181,0.6287553906440735
test_12182,0.47655239701271057
test_12183,0.28570106625556946
test_12184,0.08413855731487274
test_12185,0.6482792496681213
test_12186,0.2856490910053253
test_12187,3.089551682933234e-05
test_12188,0.10508804768323898
test_12189,0.34698235988616943
test_12190,0.04859638214111328
test_12191,0.6117162704467773
test_12192,0.10467204451560974
test_12193,0.21871720254421234
test_12194,0.42106524109840393
test_12195,0.0002099295234074816
test_12196,0.009813032113015652
test_12197,0.37435370683670044
test_12198,0.08328677713871002
test_12199,0.03028274141252041
test_12200,0.17823979258537292
test_12201,0.00012556959700305015
test_12202,0.05711254104971886
test_12203,0.01798168756067753
test_12204,0.21887421607971191
test_12205,0.0004037285689264536
test_12206,0.16318157315254211
test_12207,0.0002277801395393908
test_12208,0.5635231733322144
test_12209,0.24432604014873505
test_12210,0.1396896243095398
test_12211,0.226413756608963
test_12212,0.451062947511673
test_12213,0.001387665281072259
test_12214,0.11936498433351517
test_12215,0.7203347086906433
test_12216,0.3694608211517334
test_12217,0.015067681670188904
test_12218,0.03067750483751297
test_12219,0.0003304254205431789
test_12220,0.01995043456554413
test_12221,0.041251517832279205
test_12222,0.028015244752168655
test_12223,0.0006503753247670829
test_12224,0.37049543857574463
test_12225,0.2650863826274872
test_12226,0.01861613430082798
test_12227,0.002637416124343872
test_12228,0.12713690102100372
test_12229,0.061901163309812546
test_12230,0.4962386190891266
test_12231,0.035012274980545044
test_12232,0.20695267617702484
test_12233,0.16868354380130768
test_12234,0.03516894578933716
test_12235,0.18227632343769073
test_12236,0.050172340124845505
test_12237,0.22713544964790344
test_12238,0.6234920620918274
test_12239,0.4351804554462433
test_12240,0.03887197747826576
test_12241,0.031304702162742615
test_12242,0.0051307533867657185
test_12243,0.6301131248474121
test_12244,0.049462348222732544
test_12245,0.17274373769760132
test_12246,0.07025425136089325
test_12247,0.0012309092562645674
test_12248,0.09895098954439163
test_12249,0.011473468504846096
test_12250,0.3554977774620056
test_12251,0.0014030467718839645
test_12252,0.14369428157806396
test_12253,0.0813644602894783
test_12254,0.5175856947898865
test_12255,0.18569691479206085
test_12256,0.0027752364985644817
test_12257,0.11213420331478119
test_12258,0.002503753872588277
test_12259,0.19468240439891815
test_12260,0.5087248086929321
test_12261,0.09189952909946442
test_12262,0.08555237948894501
test_12263,0.005677408073097467
test_12264,0.017136434093117714
test_12265,0.0011097561800852418
test_12266,0.3756570518016815
test_12267,0.5252129435539246
test_12268,0.017009323462843895
test_12269,0.028650756925344467
test_12270,0.36513859033584595
test_12271,0.15373334288597107
test_12272,0.4226211905479431
test_12273,0.6580066084861755
test_12274,0.22209309041500092
test_12275,0.021138759329915047
test_12276,0.22842471301555634
test_12277,0.2685539722442627
test_12278,0.20146353542804718
test_12279,0.24980255961418152
test_12280,0.18413984775543213
test_12281,0.017771948128938675
test_12282,0.1354379504919052
test_12283,0.2295066863298416
test_12284,0.1612350195646286
test_12285,0.3533637821674347
test_12286,0.061499033123254776
test_12287,0.3637719452381134
test_12288,0.11944553256034851
test_12289,0.001665615476667881
test_12290,0.06713955104351044
test_12291,0.08097586035728455
test_12292,0.4261944591999054
test_12293,0.21035104990005493
test_12294,0.6366801857948303
test_12295,0.3261650800704956
test_12296,0.0011085986625403166
test_12297,0.26141002774238586
test_12298,0.15246325731277466
test_12299,0.12497133761644363
test_12300,0.007308542262762785
test_12301,0.1352856457233429
test_12302,0.453110009431839
test_12303,0.006987054366618395
test_12304,0.006043960340321064
test_12305,0.0015410748310387135
test_12306,0.21474489569664001
test_12307,0.023817162960767746
test_12308,0.010086014866828918
test_12309,0.0006151135894469917
test_12310,0.2347979098558426
test_12311,0.2930857539176941
test_12312,0.18908782303333282
test_12313,0.0004476383328437805
test_12314,0.080529123544693
test_12315,0.20420747995376587
test_12316,0.21833829581737518
test_12317,0.005109010264277458
test_12318,1.079650337487692e-05
test_12319,0.09922588616609573
test_12320,0.26715484261512756
test_12321,0.38678276538848877
test_12322,6.594112346647307e-05
test_12323,0.022053144872188568
test_12324,0.004092348739504814
test_12325,0.43102914094924927
test_12326,0.33420780301094055
test_12327,0.5011816024780273
test_12328,0.0380425788462162
test_12329,0.259750097990036
test_12330,0.308819442987442
test_12331,0.0019859049934893847
test_12332,0.2545812129974365
test_12333,0.29679206013679504
test_12334,9.791649972612504e-06
test_12335,0.1846924126148224
test_12336,0.02544473297894001
test_12337,0.422014981508255
test_12338,0.2708165943622589
test_12339,0.46307891607284546
test_12340,0.17263343930244446
test_12341,0.2560120224952698
test_12342,0.04067625105381012
test_12343,0.0076112342067062855
test_12344,0.5499950647354126
test_12345,0.011281232349574566
test_12346,0.32555750012397766
test_12347,0.15458916127681732
test_12348,0.20836356282234192
test_12349,0.43800267577171326
test_12350,0.3467710316181183
test_12351,0.24040688574314117
test_12352,0.01450385246425867
test_12353,0.45072418451309204
test_12354,0.12660163640975952
test_12355,0.07721642404794693
test_12356,0.10672799497842789
test_12357,0.4272257685661316
test_12358,0.02852673828601837
test_12359,0.26680988073349
test_12360,0.1719239056110382
test_12361,0.652755081653595
test_12362,0.19252361357212067
test_12363,0.40491852164268494
test_12364,0.35243871808052063
test_12365,0.038561783730983734
test_12366,0.027223611250519753
test_12367,0.5542075037956238
test_12368,0.17989495396614075
test_12369,0.4472426176071167
test_12370,0.0012239423813298345
test_12371,0.07784196734428406
test_12372,0.8013431429862976
test_12373,0.2723499536514282
test_12374,0.06759066879749298
test_12375,0.08245421200990677
test_12376,0.011918799951672554
test_12377,0.15929651260375977
test_12378,0.08305477350950241
test_12379,0.05221529304981232
test_12380,0.005604410544037819
test_12381,0.23393960297107697
test_12382,0.47289249300956726
test_12383,0.24072390794754028
test_12384,0.4670940935611725
test_12385,0.010839012451469898
test_12386,0.40060529112815857
test_12387,0.2357824593782425
test_12388,0.22576740384101868
test_12389,0.18997253477573395
test_12390,0.02682204730808735
test_12391,0.06603579223155975
test_12392,0.05413876846432686
test_12393,0.0024225322995334864
test_12394,0.002675761003047228
test_12395,0.04860617220401764
test_12396,0.20082376897335052
test_12397,0.0008469251333735883
test_12398,0.27204903960227966
test_12399,0.000748705817386508
test_12400,0.1494341790676117
test_12401,0.0003097328299190849
test_12402,0.16312193870544434
test_12403,0.3152904510498047
test_12404,0.011955436319112778
test_12405,0.34172990918159485
test_12406,0.2922106087207794
test_12407,0.012668503448367119
test_12408,0.30035513639450073
test_12409,0.23565751314163208
test_12410,0.11291337013244629
test_12411,0.19105011224746704
test_12412,0.2143210917711258
test_12413,0.25283733010292053
test_12414,0.2782159149646759
test_12415,0.2848591208457947
test_12416,0.45057258009910583
test_12417,0.3368765711784363
test_12418,0.2461153119802475
test_12419,0.052217885851860046
test_12420,0.05679365247488022
test_12421,0.09295429289340973
test_12422,0.5878174901008606
test_12423,0.23253533244132996
test_12424,0.2749640941619873
test_12425,0.06869251281023026
test_12426,0.02804124541580677
test_12427,0.307350218296051
test_12428,0.11011205613613129
test_12429,0.42795661091804504
test_12430,0.11520810425281525
test_12431,0.10991379618644714
test_12432,0.007781641092151403
test_12433,0.534442126750946
test_12434,0.25554385781288147
test_12435,0.0860583633184433
test_12436,0.0910339504480362
test_12437,0.2947010099887848
test_12438,0.09639085084199905
test_12439,0.0007199671235866845
test_12440,0.3164193630218506
test_12441,0.28383371233940125
test_12442,0.5533287525177002
test_12443,0.042691562324762344
test_12444,0.058585554361343384
test_12445,0.6219052672386169
test_12446,0.2337075173854828
test_12447,0.20949460566043854
test_12448,0.00044966890709474683
test_12449,0.26626020669937134
test_12450,0.29061710834503174
test_12451,0.1469782441854477
test_12452,0.8849889039993286
test_12453,0.4283960461616516
test_12454,0.007674727123230696
test_12455,0.01431168895214796
test_12456,0.44880422949790955
test_12457,0.2657231390476227
test_12458,0.3791942596435547
test_12459,0.1551518589258194
test_12460,0.0010358503786846995
test_12461,0.3106864094734192
test_12462,0.19807370007038116
test_12463,0.1100950539112091
test_12464,0.11730360984802246
test_12465,0.0012868756894022226
test_12466,0.01841861382126808
test_12467,0.4555628299713135
test_12468,0.07153106480836868
test_12469,0.06729434430599213
test_12470,0.49230706691741943
test_12471,0.04849835857748985
test_12472,0.0061551970429718494
test_12473,0.36577680706977844
test_12474,0.01674901321530342
test_12475,0.47083616256713867
test_12476,0.12364112585783005
test_12477,0.48553547263145447
test_12478,0.0027162586338818073
test_12479,0.007300672587007284
test_12480,0.259496808052063
test_12481,0.07759448140859604
test_12482,0.2506333291530609
test_12483,0.02483140490949154
test_12484,0.2678389847278595
test_12485,0.016522511839866638
test_12486,0.296599805355072
test_12487,0.09040197730064392
test_12488,0.1375194936990738
test_12489,0.4235091805458069
test_12490,0.11834187805652618
test_12491,0.00033126346534118056
test_12492,0.17646414041519165
test_12493,0.7509735822677612
test_12494,0.5557291507720947
test_12495,0.054332125931978226
test_12496,0.1541782021522522
test_12497,0.2990289628505707
test_12498,0.1594448685646057
test_12499,0.16422735154628754
test_12500,0.011509011499583721
test_12501,0.008296049199998379
test_12502,7.32030239305459e-05
test_12503,0.3299959599971771
test_12504,0.036739230155944824
test_12505,0.17998278141021729
test_12506,0.7021358609199524
test_12507,0.2380562424659729
test_12508,0.11686993390321732
test_12509,0.5039446949958801
test_12510,0.06168234720826149
test_12511,0.054248079657554626
test_12512,0.14412929117679596
test_12513,0.0208579208701849
test_12514,0.1752951443195343
test_12515,0.16097164154052734
test_12516,0.15647761523723602
test_12517,0.25383827090263367
test_12518,3.801697675953619e-05
test_12519,0.06765418499708176
test_12520,0.00013271390344016254
test_12521,0.10357319563627243
test_12522,0.19305968284606934
test_12523,0.14557456970214844
test_12524,0.2980194687843323
test_12525,0.017033329233527184
test_12526,0.15908755362033844
test_12527,0.11189484596252441
test_12528,0.00046715413918718696
test_12529,0.00025838526198640466
test_12530,0.10527995973825455
test_12531,0.005376266315579414
test_12532,0.17843492329120636
test_12533,0.003259955905377865
test_12534,0.10036198794841766
test_12535,0.24474267661571503
test_12536,0.4272598922252655
test_12537,0.14134690165519714
test_12538,0.8655568957328796
test_12539,0.00030712460284121335
test_12540,0.18024012446403503
test_12541,0.09710142761468887
test_12542,0.011822046712040901
test_12543,0.07994963228702545
test_12544,0.015554998070001602
test_12545,0.13314437866210938
test_12546,0.17574696242809296
test_12547,0.013742838054895401
test_12548,0.6153573393821716
test_12549,0.5466560125350952
test_12550,0.6489679217338562
test_12551,0.434239000082016
test_12552,0.19801345467567444
test_12553,0.16639205813407898
test_12554,6.749697786290199e-05
test_12555,0.2743084728717804
test_12556,0.4682084023952484
test_12557,0.10863933712244034
test_12558,0.0022607925347983837
test_12559,0.16756176948547363
test_12560,0.13325287401676178
test_12561,0.1583702564239502
test_12562,0.09106536954641342
test_12563,0.012928047217428684
test_12564,0.33051609992980957
test_12565,0.45444294810295105
test_12566,0.609768271446228
test_12567,7.766138151055202e-05
test_12568,0.0028147855773568153
test_12569,0.09748074412345886
test_12570,0.014606298878788948
test_12571,8.207241626223549e-05
test_12572,0.2892070412635803
test_12573,0.0568743497133255
test_12574,0.0003563122299965471
test_12575,0.004177482333034277
test_12576,0.1915661096572876
test_12577,0.09230145812034607
test_12578,0.31363898515701294
test_12579,0.058320552110672
test_12580,0.0002348855196032673
test_12581,0.31279709935188293
test_12582,0.020304301753640175
test_12583,0.6738237142562866
test_12584,0.18604882061481476
test_12585,0.4163738787174225
test_12586,0.2670385539531708
test_12587,0.01747923158109188
test_12588,0.10878974944353104
test_12589,0.00027521979063749313
test_12590,0.20786254107952118
test_12591,0.05532046779990196
test_12592,0.0006536261644214392
test_12593,4.793458720087074e-05
test_12594,0.25848740339279175
test_12595,0.0037674391642212868
test_12596,0.07044108957052231
test_12597,0.35104888677597046
test_12598,0.21205821633338928
test_12599,0.0031182917300611734
test_12600,0.14636635780334473
test_12601,0.3844892382621765
test_12602,0.24927683174610138
test_12603,0.3541061580181122
test_12604,0.031805578619241714
test_12605,0.1855342984199524
test_12606,0.13823331892490387
test_12607,0.00044804965727962554
test_12608,0.014313673600554466
test_12609,0.013048610650002956
test_12610,0.4096866548061371
test_12611,0.053351037204265594
test_12612,0.0008026008727028966
test_12613,0.3238479495048523
test_12614,0.2989017069339752
test_12615,0.1382831633090973
test_12616,0.12473040819168091
test_12617,0.00016233918722718954
test_12618,0.06570357084274292
test_12619,0.3185163140296936
test_12620,0.39379119873046875
test_12621,0.06327502429485321
test_12622,0.0038858144544065
test_12623,0.12256357818841934
test_12624,0.3559670150279999
test_12625,0.00048230349784716964
test_12626,3.7867907849431504e-06
test_12627,0.009589464403688908
test_12628,0.14388105273246765
test_12629,0.5621722340583801
test_12630,0.25326886773109436
test_12631,0.7471978664398193
test_12632,0.142208069562912
test_12633,0.45575952529907227
test_12634,0.08044927567243576
test_12635,0.4524882435798645
test_12636,0.27515408396720886
test_12637,0.5917685627937317
test_12638,0.0003176804748363793
test_12639,0.3399305045604706
test_12640,0.5462639331817627
test_12641,0.007554012816399336
test_12642,0.3439743220806122
test_12643,0.3894541263580322
test_12644,0.05459718033671379
test_12645,0.25022953748703003
test_12646,0.27676165103912354
test_12647,0.02901524119079113
test_12648,0.19894340634346008
test_12649,0.29548051953315735
test_12650,0.9781730771064758
test_12651,0.2793425917625427
test_12652,0.05699137598276138
test_12653,0.40440770983695984
test_12654,0.006416546646505594
test_12655,0.0032440866343677044
test_12656,0.31573739647865295
test_12657,0.2263660728931427
test_12658,0.1263713240623474
test_12659,5.654880624206271e-06
test_12660,0.6021400690078735
test_12661,0.0028811697848141193
test_12662,0.22780902683734894
test_12663,0.2894188463687897
test_12664,0.00014187555643729866
test_12665,0.15365366637706757
test_12666,0.09893785417079926
test_12667,0.0661580041050911
test_12668,0.08646272867918015
test_12669,0.003895305562764406
test_12670,0.4727465808391571
test_12671,0.1266794353723526
test_12672,0.00022668538440484554
test_12673,0.049937356263399124
test_12674,0.2970843017101288
test_12675,0.003716106293722987
test_12676,0.2327592819929123
test_12677,0.3103785812854767
test_12678,0.218578040599823
test_12679,0.3780735433101654
test_12680,0.24537494778633118
test_12681,0.5958772301673889
test_12682,0.3806568384170532
test_12683,0.2037784457206726
test_12684,0.7190125584602356
test_12685,0.35399356484413147
test_12686,0.6363909840583801
test_12687,0.47679418325424194
test_12688,0.04889597371220589
test_12689,0.2773092985153198
test_12690,0.40240928530693054
test_12691,0.016911717131733894
test_12692,0.1642329841852188
test_12693,0.06036361679434776
test_12694,0.16384778916835785
test_12695,0.014608968049287796
test_12696,0.3064866065979004
test_12697,0.006819473579525948
test_12698,0.2486840933561325
test_12699,0.057345837354660034
test_12700,0.45574048161506653
test_12701,0.3480408787727356
test_12702,0.0005917585222050548
test_12703,0.24920496344566345
test_12704,0.18515415489673615
test_12705,0.013275479897856712
test_12706,0.015111036598682404
test_12707,0.6835875511169434
test_12708,0.3702068328857422
test_12709,0.20948585867881775
test_12710,0.018931763246655464
test_12711,0.26867547631263733
test_12712,0.0011677253060042858
test_12713,0.025864433497190475
test_12714,0.0008355180616490543
test_12715,0.26814714074134827
test_12716,0.00014209773507900536
test_12717,0.003951115068048239
test_12718,0.0496123805642128
test_12719,0.13910886645317078
test_12720,0.6427437663078308
test_12721,0.029943671077489853
test_12722,0.3148958384990692
test_12723,0.0023814099840819836
test_12724,0.0002443015109747648
test_12725,0.3607565760612488
test_12726,0.08141738176345825
test_12727,0.23564115166664124
test_12728,0.09683864563703537
test_12729,0.37782880663871765
test_12730,0.00020463271357584745
test_12731,0.4733932614326477
test_12732,0.1355924904346466
test_12733,0.2549780011177063
test_12734,0.11377222090959549
test_12735,0.23157919943332672
test_12736,0.22150364518165588
test_12737,0.40210220217704773
test_12738,0.17618843913078308
test_12739,0.0033715711906552315
test_12740,0.2584582269191742
test_12741,0.0012229455169290304
test_12742,0.4081289768218994
test_12743,0.22782976925373077
test_12744,0.012371712364256382
test_12745,0.4798493981361389
test_12746,0.09374698996543884
test_12747,0.5668677687644958
test_12748,0.18879751861095428
test_12749,0.007976723834872246
test_12750,0.00011644236656138673
test_12751,0.20944538712501526
test_12752,0.0692155584692955
test_12753,0.0014055087231099606
test_12754,0.004021083936095238
test_12755,0.2419547438621521
test_12756,0.3427869379520416
test_12757,0.4384192228317261
test_12758,0.04554525762796402
test_12759,0.0004934302414767444
test_12760,0.06622204929590225
test_12761,0.3971005976200104
test_12762,0.004772522021085024
test_12763,0.36355486512184143
test_12764,9.593760296411347e-06
test_12765,0.4604702591896057
test_12766,0.0011788186384364963
test_12767,0.0029180492274463177
test_12768,0.5028173327445984
test_12769,0.08154460787773132
test_12770,0.004486927296966314
test_12771,8.347111725015566e-05
test_12772,0.03247407451272011
test_12773,0.004211732652038336
test_12774,0.001888308790512383
test_12775,0.30009207129478455
test_12776,0.03415626287460327
test_12777,0.0038682075683027506
test_12778,0.28637534379959106
test_12779,0.09543470293283463
test_12780,0.5546819567680359
test_12781,0.0032076993957161903
test_12782,7.085387187544256e-05
test_12783,0.002621773863211274
test_12784,0.10119639337062836
test_12785,0.4810274541378021
test_12786,0.46123477816581726
test_12787,0.29999634623527527
test_12788,0.0056977542117238045
test_12789,0.5566571354866028
test_12790,0.23238274455070496
test_12791,0.3900904357433319
test_12792,0.07754983752965927
test_12793,0.6642795205116272
test_12794,0.18189063668251038
test_12795,0.15068870782852173
test_12796,0.009800275787711143
test_12797,0.3248515725135803
test_12798,0.5217993259429932
test_12799,0.0006814649095758796
test_12800,0.25303915143013
test_12801,0.2758007347583771
test_12802,0.0854463204741478
test_12803,0.3418582081794739
test_12804,0.10308053344488144
test_12805,0.1902700811624527
test_12806,0.0924592986702919
test_12807,0.436217337846756
test_12808,0.027742810547351837
test_12809,0.006311831064522266
test_12810,0.10110419988632202
test_12811,0.2807624936103821
test_12812,0.3854929506778717
test_12813,0.25248023867607117
test_12814,0.20690354704856873
test_12815,0.2999820113182068
test_12816,0.4945121705532074
test_12817,0.07109155505895615
test_12818,0.028762880712747574
test_12819,0.000908268557395786
test_12820,0.4696064293384552
test_12821,0.24038851261138916
test_12822,0.013103037141263485
test_12823,0.8224128484725952
test_12824,0.009896007366478443
test_12825,0.29772570729255676
test_12826,0.2431643009185791
test_12827,0.009423906914889812
test_12828,0.4013981819152832
test_12829,0.066783607006073
test_12830,2.3464064724976197e-05
test_12831,0.18527938425540924
test_12832,0.06912495195865631
test_12833,0.21974875032901764
test_12834,0.21137338876724243
test_12835,0.4987417161464691
test_12836,0.1812816858291626
test_12837,0.002560068154707551
test_12838,0.061658382415771484
test_12839,0.3671790659427643
test_12840,0.033048756420612335
test_12841,6.184457106428454e-07
test_12842,0.025515448302030563
test_12843,0.3397131562232971
test_12844,0.46667447686195374
test_12845,0.006571819074451923
test_12846,0.01045975461602211
test_12847,0.22243289649486542
test_12848,0.2513602375984192
test_12849,0.13731169700622559
test_12850,0.4625248610973358
test_12851,0.007830689661204815
test_12852,0.37030118703842163
test_12853,0.13169632852077484
test_12854,0.23542042076587677
test_12855,0.05037045106291771
test_12856,0.43915536999702454
test_12857,0.4738127291202545
test_12858,0.00011789389827754349
test_12859,0.05738561600446701
test_12860,0.20983058214187622
test_12861,0.08597313612699509
test_12862,0.06069282069802284
test_12863,2.7354468329576775e-05
test_12864,0.0291766170412302
test_12865,0.7442545890808105
test_12866,0.1338106244802475
test_12867,0.000471410428872332
test_12868,0.08200554549694061
test_12869,0.024005305022001266
test_12870,0.8233679533004761
test_12871,0.34005454182624817
test_12872,0.49789413809776306
test_12873,0.2802371382713318
test_12874,0.06521756201982498
test_12875,0.009501613676548004
test_12876,0.10534883290529251
test_12877,0.23519420623779297
test_12878,0.11537088453769684
test_12879,0.2806873023509979
test_12880,0.0030587210785597563
test_12881,0.002003238769248128
test_12882,0.4279310703277588
test_12883,0.2732537090778351
test_12884,0.6437693238258362
test_12885,1.2952013150879793e-07
test_12886,0.4696793258190155
test_12887,0.08420554548501968
test_12888,0.06678765267133713
test_12889,0.05544918403029442
test_12890,0.5418608784675598
test_12891,0.0032549845054745674
test_12892,0.09907302260398865
test_12893,0.41666409373283386
test_12894,0.0769764706492424
test_12895,0.24979902803897858
test_12896,0.07397744804620743
test_12897,0.06973321735858917
test_12898,0.1923913061618805
test_12899,0.16255158185958862
test_12900,0.17995034158229828
test_12901,0.0059804292395710945
test_12902,0.2693837583065033
test_12903,0.4047359228134155
test_12904,0.01936904527246952
test_12905,0.9426000714302063
test_12906,0.03883012384176254
test_12907,0.14758768677711487
test_12908,0.030342398211359978
test_12909,0.8681503534317017
test_12910,0.25248974561691284
test_12911,0.30702000856399536
test_12912,0.14915725588798523
test_12913,0.0024442877620458603
test_12914,0.008309552446007729
test_12915,0.02292485348880291
test_12916,0.10745307803153992
test_12917,0.6254280805587769
test_12918,0.00027110782684758306
test_12919,0.011688475497066975
test_12920,0.8365585207939148
test_12921,0.14058610796928406
test_12922,0.6112063527107239
test_12923,0.5037832260131836
test_12924,0.08163882791996002
test_12925,0.11693237721920013
test_12926,0.21518735587596893
test_12927,2.5749258725227264e-07
test_12928,0.00012032863014610484
test_12929,0.056742679327726364
test_12930,0.32892879843711853
test_12931,0.3333115577697754
test_12932,0.0208731722086668
test_12933,0.16440017521381378
test_12934,0.6744804382324219
test_12935,0.1389797031879425
test_12936,0.5274549126625061
test_12937,0.20266510546207428
test_12938,0.30137327313423157
test_12939,0.24039308726787567
test_12940,0.006293918006122112
test_12941,0.2681781053543091
test_12942,0.31633827090263367
test_12943,5.857785799889825e-05
test_12944,0.20064814388751984
test_12945,0.0009667064296081662
test_12946,0.6894057393074036
test_12947,0.7702337503433228
test_12948,0.022311490029096603
test_12949,0.006356308236718178
test_12950,0.08431053161621094
test_12951,0.09385234862565994
test_12952,0.25795695185661316
test_12953,0.38656866550445557
test_12954,0.09274044632911682
test_12955,0.2617589235305786
test_12956,0.31905490159988403
test_12957,0.49993133544921875
test_12958,0.0001409454271197319
test_12959,0.5751638412475586
test_12960,0.48238280415534973
test_12961,0.03995327651500702
test_12962,0.25715574622154236
test_12963,0.11991287767887115
test_12964,0.4921599328517914
test_12965,0.37322911620140076
test_12966,0.40359923243522644
test_12967,0.0001949439465533942
test_12968,0.2840755879878998
test_12969,0.2504284083843231
test_12970,0.3378234803676605
test_12971,0.01597151905298233
test_12972,0.08420620858669281
test_12973,0.029455795884132385
test_12974,0.07666805386543274
test_12975,0.010996365919709206
test_12976,0.08691160380840302
test_12977,0.03377547487616539
test_12978,0.243633434176445
test_12979,0.23540039360523224
test_12980,0.012461806647479534
test_12981,0.1383417546749115
test_12982,0.12347463518381119
test_12983,0.053130269050598145
test_12984,0.28751036524772644
test_12985,0.27598947286605835
test_12986,0.29459062218666077
test_12987,0.29519543051719666
test_12988,0.0006932198302820325
test_12989,0.3273816406726837
test_12990,0.40028172731399536
test_12991,0.15934188663959503
test_12992,0.4123898446559906
test_12993,0.7449361681938171
test_12994,0.10970824211835861
test_12995,0.015527589246630669
test_12996,0.4760722815990448
test_12997,5.672792030964047e-05
test_12998,0.04434657096862793
test_12999,0.29129159450531006
test_13000,0.45566636323928833
test_13001,0.19085155427455902
test_13002,0.00011781804641941562
test_13003,0.3599817752838135
test_13004,0.12843981385231018
test_13005,0.16587582230567932
test_13006,0.012237124145030975
test_13007,0.051149774342775345
test_13008,0.07799810916185379
test_13009,0.5294359922409058
test_13010,0.10283979028463364
test_13011,0.15344536304473877
test_13012,0.41171109676361084
test_13013,0.056252509355545044
test_13014,0.10247397422790527
test_13015,0.5517704486846924
test_13016,0.0639464482665062
test_13017,0.17421592772006989
test_13018,9.526690701022744e-05
test_13019,0.001153071178123355
test_13020,0.22693359851837158
test_13021,0.523189127445221
test_13022,0.23401613533496857
test_13023,0.20377106964588165
test_13024,0.9359249472618103
test_13025,0.22828742861747742
test_13026,0.3187132775783539
test_13027,0.24973426759243011
test_13028,0.06434127688407898
test_13029,0.572282075881958
test_13030,0.013445498421788216
test_13031,0.01300298236310482
test_13032,0.07055110484361649
test_13033,0.04587087407708168
test_13034,0.4835358262062073
test_13035,0.47655603289604187
test_13036,0.3095831871032715
test_13037,0.00854072067886591
test_13038,0.44141408801078796
test_13039,0.24941737949848175
test_13040,0.0361890085041523
test_13041,0.0007126989657990634
test_13042,0.1941065639257431
test_13043,0.5117597579956055
test_13044,0.3529275059700012
test_13045,0.034925591200590134
test_13046,0.008196413516998291
test_13047,0.242564857006073
test_13048,0.29721447825431824
test_13049,0.006349541712552309
test_13050,0.006780770141631365
test_13051,0.26716282963752747
test_13052,0.8460573554039001
test_13053,0.45464929938316345
test_13054,0.101777084171772
test_13055,0.07718698680400848
test_13056,0.42658066749572754
test_13057,0.005448473617434502
test_13058,7.043613004498184e-05
test_13059,0.7352992296218872
test_13060,0.4292147755622864
test_13061,0.41604098677635193
test_13062,0.27968862652778625
test_13063,0.27760761976242065
test_13064,0.08255939930677414
test_13065,0.13393115997314453
test_13066,0.29400062561035156
test_13067,0.06563849002122879
test_13068,0.252753347158432
test_13069,0.0745241791009903
test_13070,0.000172844433109276
test_13071,0.39723750948905945
test_13072,0.0019056359305977821
test_13073,0.4794493019580841
test_13074,0.1640549898147583
test_13075,0.7797644734382629
test_13076,0.03988606110215187
test_13077,0.3007993698120117
test_13078,0.21684981882572174
test_13079,0.01718023605644703
test_13080,0.004333124961704016
test_13081,0.005267891101539135
test_13082,0.4255311191082001
test_13083,0.13440270721912384
test_13084,0.0007037275936454535
test_13085,0.060950636863708496
test_13086,0.06412265449762344
test_13087,0.21023701131343842
test_13088,0.19604289531707764
test_13089,0.012831085361540318
test_13090,0.03948606550693512
test_13091,0.016995614394545555
test_13092,0.22416606545448303
test_13093,0.0885460376739502
test_13094,0.22660526633262634
test_13095,0.10167904198169708
test_13096,0.018034139648079872
test_13097,0.07421355694532394
test_13098,0.1961401104927063
test_13099,0.33386513590812683
test_13100,0.011385020799934864
test_13101,0.3801417052745819
test_13102,0.3000909984111786
test_13103,0.03760456293821335
test_13104,0.41815799474716187
test_13105,0.16558215022087097
test_13106,0.038511551916599274
test_13107,0.23609313368797302
test_13108,0.3447811007499695
test_13109,0.3033965826034546
test_13110,0.17481233179569244
test_13111,0.3105666935443878
test_13112,0.76320481300354
test_13113,0.0005000534001737833
test_13114,0.09304661303758621
test_13115,0.2158329039812088
test_13116,0.291012704372406
test_13117,0.06140144169330597
test_13118,0.2432146966457367
test_13119,0.07943674921989441
test_13120,0.10274256020784378
test_13121,0.32405105233192444
test_13122,0.00641134986653924
test_13123,0.003145103110000491
test_13124,0.3871375620365143
test_13125,0.02397124655544758
test_13126,0.09320804476737976
test_13127,0.007057436741888523
test_13128,0.214536651968956
test_13129,0.6410017609596252
test_13130,0.6908191442489624
test_13131,0.1813042163848877
test_13132,0.16672107577323914
test_13133,0.018885623663663864
test_13134,0.08249789476394653
test_13135,0.016784105449914932
test_13136,0.053746920078992844
test_13137,0.5811930298805237
test_13138,0.6892444491386414
test_13139,0.1839158535003662
test_13140,0.023139722645282745
test_13141,0.6514554619789124
test_13142,2.2638181462752982e-07
test_13143,0.09584810584783554
test_13144,0.03430797904729843
test_13145,0.011818432249128819
test_13146,0.8300129175186157
test_13147,0.45658349990844727
test_13148,0.012000174261629581
test_13149,0.00031082588247954845
test_13150,0.028870217502117157
test_13151,0.5264013409614563
test_13152,0.20000475645065308
test_13153,0.005168132949620485
test_13154,0.19494721293449402
test_13155,0.6438578963279724
test_13156,0.3866705000400543
test_13157,0.11470557749271393
test_13158,0.33274292945861816
test_13159,0.19275376200675964
test_13160,0.3199313282966614
test_13161,0.023682815954089165
test_13162,0.17074187099933624
test_13163,0.3895024359226227
test_13164,0.06199134141206741
test_13165,0.5446261763572693
test_13166,0.013276048935949802
test_13167,0.005521134473383427
test_13168,0.07939526438713074
test_13169,0.36257150769233704
test_13170,0.19267302751541138
test_13171,0.19440783560276031
test_13172,0.04599970951676369
test_13173,0.42150723934173584
test_13174,0.18508808314800262
test_13175,1.0608482625684701e-05
test_13176,0.2567373514175415
test_13177,0.685072124004364
test_13178,0.02065492421388626
test_13179,0.004685054533183575
test_13180,0.03824378177523613
test_13181,0.26589709520339966
test_13182,0.17585353553295135
test_13183,0.03442251682281494
test_13184,0.0003774836950469762
test_13185,0.017087575048208237
test_13186,0.5397679209709167
test_13187,0.3040725588798523
test_13188,0.10826893895864487
test_13189,0.7350496649742126
test_13190,0.1914799064397812
test_13191,0.2759251892566681
test_13192,0.1652275025844574
test_13193,0.13307859003543854
test_13194,0.14109109342098236
test_13195,0.0950852632522583
test_13196,0.10310646146535873
test_13197,0.0010193182388320565
test_13198,0.055131945759058
test_13199,0.037197045981884
test_13200,0.43908098340034485
test_13201,0.34552398324012756
test_13202,0.3852977156639099
test_13203,0.22026142477989197
test_13204,0.2858662009239197
test_13205,0.001353308791294694
test_13206,0.01545905414968729
test_13207,0.1059923768043518
test_13208,6.733728514518589e-05
test_13209,0.3724851906299591
test_13210,0.30091530084609985
test_13211,0.23724067211151123
test_13212,0.23262445628643036
test_13213,0.10790020227432251
test_13214,0.13416290283203125
test_13215,0.07901382446289062
test_13216,0.5360949635505676
test_13217,0.48939111828804016
test_13218,0.0019943357910960913
test_13219,0.03308388963341713
test_13220,0.14106665551662445
test_13221,0.08044914156198502
test_13222,0.32079237699508667
test_13223,0.23482587933540344
test_13224,0.07461386919021606
test_13225,0.3306594491004944
test_13226,0.21412834525108337
test_13227,0.506199061870575
test_13228,0.062436338514089584
test_13229,0.00023205163597594947
test_13230,0.07515186071395874
test_13231,0.21469347178936005
test_13232,0.25486910343170166
test_13233,0.0004887088434770703
test_13234,0.013855651952326298
test_13235,0.03124207817018032
test_13236,0.09065057337284088
test_13237,0.0027239862829446793
test_13238,0.2810172438621521
test_13239,0.16377221047878265
test_13240,1.177478043246083e-05
test_13241,0.0018710597651079297
test_13242,0.06649448722600937
test_13243,0.004196648485958576
test_13244,0.3207114040851593
test_13245,0.5444329977035522
test_13246,0.2922011911869049
test_13247,0.5500015616416931
test_13248,0.6763311624526978
test_13249,0.4698931574821472
test_13250,0.01859881915152073
test_13251,0.10578827559947968
test_13252,0.3225833475589752
test_13253,0.00433310866355896
test_13254,0.016972526907920837
test_13255,0.3892138600349426
test_13256,0.0003017275594174862
test_13257,0.010395871475338936
test_13258,0.08458928018808365
test_13259,0.4016942083835602
test_13260,0.0996345654129982
test_13261,0.011252091266214848
test_13262,6.058030339772813e-05
test_13263,0.008286651223897934
test_13264,0.4115581512451172
test_13265,0.29356077313423157
test_13266,0.46780452132225037
test_13267,0.19781175255775452
test_13268,0.03492940589785576
test_13269,0.003421588335186243
test_13270,0.03686324506998062
test_13271,0.006776243448257446
test_13272,1.581337164680008e-05
test_13273,0.2322695553302765
test_13274,0.2671378254890442
test_13275,0.20277011394500732
test_13276,0.38321277499198914
test_13277,0.09744726866483688
test_13278,0.24678173661231995
test_13279,0.0006375293014571071
test_13280,0.1366947591304779
test_13281,0.2464233636856079
test_13282,4.491466825129464e-05
test_13283,0.5651924014091492
test_13284,0.6109939217567444
test_13285,0.0011191905941814184
test_13286,0.1949027180671692
test_13287,0.0013314532116055489
test_13288,0.43312278389930725
test_13289,0.0004327902861405164
test_13290,0.6864497065544128
test_13291,0.07690362632274628
test_13292,0.1860046088695526
test_13293,0.19394832849502563
test_13294,0.5394230484962463
test_13295,0.01697852835059166
test_13296,0.02701433189213276
test_13297,0.00034117011819034815
test_13298,0.7108590006828308
test_13299,0.0012066529598087072
test_13300,0.36968135833740234
test_13301,0.8382900357246399
test_13302,0.052204497158527374
test_13303,0.002102584345266223
test_13304,0.4245695173740387
test_13305,0.022847561165690422
test_13306,0.19372642040252686
test_13307,5.323368532117456e-05
test_13308,0.05964397266507149
test_13309,0.0566544383764267
test_13310,0.029200533404946327
test_13311,0.07908914238214493
test_13312,0.05165637284517288
test_13313,0.5040322542190552
test_13314,0.01026547234505415
test_13315,0.31089138984680176
test_13316,0.035771120339632034
test_13317,0.5296210050582886
test_13318,0.022984378039836884
test_13319,0.3468440771102905
test_13320,0.037590209394693375
test_13321,0.33924826979637146
test_13322,0.004993818700313568
test_13323,0.0622975192964077
test_13324,0.326175719499588
test_13325,0.038866400718688965
test_13326,0.5884604454040527
test_13327,0.4259798526763916
test_13328,0.12253280729055405
test_13329,0.0006431747460737824
test_13330,0.00015653498121537268
test_13331,0.0100088594481349
test_13332,8.709855137567502e-06
test_13333,0.3431926369667053
test_13334,0.08327785134315491
test_13335,0.001159951090812683
test_13336,0.2645634412765503
test_13337,0.3518986105918884
test_13338,0.10054653882980347
test_13339,0.3586926758289337
test_13340,0.16641774773597717
test_13341,0.21690531075000763
test_13342,0.40820884704589844
test_13343,0.4144480228424072
test_13344,0.015481812879443169
test_13345,0.637872040271759
test_13346,0.09983952343463898
test_13347,0.00496311392635107
test_13348,0.018416497856378555
test_13349,0.5029813647270203
test_13350,0.04837420582771301
test_13351,0.5053284168243408
test_13352,0.0017135482048615813
test_13353,0.0008507063612341881
test_13354,0.06681452691555023
test_13355,0.02275248058140278
test_13356,0.4021855294704437
test_13357,0.1252610832452774
test_13358,0.745534360408783
test_13359,0.39085960388183594
test_13360,0.12306666374206543
test_13361,0.2007846236228943
test_13362,0.7761098146438599
test_13363,0.15859027206897736
test_13364,0.17565034329891205
test_13365,0.001270430046133697
test_13366,0.29222047328948975
test_13367,0.44071730971336365
test_13368,0.009500482119619846
test_13369,0.1396753340959549
test_13370,0.12388098984956741
test_13371,0.3322283625602722
test_13372,0.05675947293639183
test_13373,0.28907477855682373
test_13374,0.39194369316101074
test_13375,0.36838826537132263
test_13376,0.13397976756095886
test_13377,0.20038099586963654
test_13378,0.037551335990428925
test_13379,0.013719267211854458
test_13380,0.31509652733802795
test_13381,0.02693469636142254
test_13382,0.4233633577823639
test_13383,0.16403959691524506
test_13384,0.8434181809425354
test_13385,0.04468967393040657
test_13386,0.024244695901870728
test_13387,0.00314140971750021
test_13388,0.0711502879858017
test_13389,9.112307452596724e-05
test_13390,0.23583757877349854
test_13391,0.008364356122910976
test_13392,0.0899118036031723
test_13393,0.41723909974098206
test_13394,0.10301294922828674
test_13395,0.2366032898426056
test_13396,0.006777983158826828
test_13397,0.1510595828294754
test_13398,0.32587337493896484
test_13399,0.4607509672641754
test_13400,0.24112573266029358
test_13401,0.1597963571548462
test_13402,0.3559001088142395
test_13403,0.42064985632896423
test_13404,0.39366787672042847
test_13405,0.23491187393665314
test_13406,0.23269912600517273
test_13407,0.3164146840572357
test_13408,0.036704324185848236
test_13409,0.09623264521360397
test_13410,0.03479425981640816
test_13411,0.6927480101585388
test_13412,0.3717033267021179
test_13413,0.049996647983789444
test_13414,0.3737827241420746
test_13415,0.2807925045490265
test_13416,0.3668270409107208
test_13417,0.042757198214530945
test_13418,0.10573051124811172
test_13419,0.19100414216518402
test_13420,0.5037767291069031
test_13421,0.00042113589006476104
test_13422,0.012305880896747112
test_13423,0.08142299950122833
test_13424,0.32247984409332275
test_13425,0.2297510802745819
test_13426,0.003332053078338504
test_13427,0.3984110653400421
test_13428,0.5907789468765259
test_13429,0.19858384132385254
test_13430,0.00018249811546411365
test_13431,0.017368590459227562
test_13432,0.015317138284444809
test_13433,0.2168554663658142
test_13434,0.5345957279205322
test_13435,0.31707674264907837
test_13436,0.11787617206573486
test_13437,0.09487006068229675
test_13438,0.31995058059692383
test_13439,0.425821989774704
test_13440,0.4366699159145355
test_13441,0.3276653587818146
test_13442,0.9642244577407837
test_13443,0.48837941884994507
test_13444,0.07459133118391037
test_13445,0.11234482377767563
test_13446,0.06584347039461136
test_13447,0.001309701707214117
test_13448,0.002901128027588129
test_13449,0.0008815884939394891
test_13450,0.463986873626709
test_13451,0.06053690239787102
test_13452,0.13443930447101593
test_13453,0.39085856080055237
test_13454,0.051490020006895065
test_13455,0.2855919897556305
test_13456,0.2900790870189667
test_13457,0.23037254810333252
test_13458,0.4093676805496216
test_13459,0.23280495405197144
test_13460,0.059916410595178604
test_13461,0.023078205063939095
test_13462,0.46868932247161865
test_13463,0.13749438524246216
test_13464,0.11089082807302475
test_13465,0.15511849522590637
test_13466,0.019601060077548027
test_13467,0.07867011427879333
test_13468,0.029940929263830185
test_13469,0.43514540791511536
test_13470,0.105153389275074
test_13471,0.04237600415945053
test_13472,0.30578717589378357
test_13473,0.6796867251396179
test_13474,0.18129129707813263
test_13475,0.22606366872787476
test_13476,0.572608470916748
test_13477,0.13776859641075134
test_13478,0.276898056268692
test_13479,0.022404540330171585
test_13480,0.0023530549369752407
test_13481,0.4659525454044342
test_13482,0.5024232268333435
test_13483,0.3091970682144165
test_13484,0.46486231684684753
test_13485,0.1351567655801773
test_13486,0.4688660502433777
test_13487,0.20883706212043762
test_13488,0.003723579691722989
test_13489,0.5269198417663574
test_13490,0.0011393987806513906
test_13491,0.0029367886018007994
test_13492,0.12295671552419662
test_13493,0.2607068717479706
test_13494,7.640718422408099e-07
test_13495,0.11941051483154297
test_13496,0.0010868882527574897
test_13497,2.009900981647661e-06
test_13498,0.28711074590682983
test_13499,0.0017927736043930054
test_13500,0.07093951851129532
test_13501,0.06449456512928009
test_13502,0.18771319091320038
test_13503,0.25138840079307556
test_13504,8.549630001652986e-05
test_13505,0.180825337767601
test_13506,0.28240811824798584
test_13507,0.010035878047347069
test_13508,0.10593001544475555
test_13509,0.015734635293483734
test_13510,0.29946815967559814
test_13511,0.3400314152240753
test_13512,0.09838469326496124
test_13513,0.09695368260145187
test_13514,0.38939759135246277
test_13515,0.12557557225227356
test_13516,0.005198508966714144
test_13517,0.04029061645269394
test_13518,0.024149563163518906
test_13519,0.7037066221237183
test_13520,0.13389024138450623
test_13521,0.9534478783607483
test_13522,0.15693852305412292
test_13523,0.23232093453407288
test_13524,0.7200937271118164
test_13525,0.46710270643234253
test_13526,0.04826643317937851
test_13527,0.4831843674182892
test_13528,0.20671938359737396
test_13529,0.8123321533203125
test_13530,0.36071258783340454
test_13531,0.08312296122312546
test_13532,0.07883970439434052
test_13533,0.1229206994175911
test_13534,0.04394352436065674
test_13535,0.3034563958644867
test_13536,0.09045716375112534
test_13537,0.0002855827333405614
test_13538,0.1063738614320755
test_13539,0.183892160654068
test_13540,0.47994911670684814
test_13541,0.5503252148628235
test_13542,0.4372851848602295
test_13543,0.07471629232168198
test_13544,0.7581026554107666
test_13545,0.3360677659511566
test_13546,0.2524360716342926
test_13547,0.0038093586917966604
test_13548,0.2904236912727356
test_13549,0.0808689296245575
test_13550,0.0877014696598053
test_13551,0.03941119834780693
test_13552,0.03459341451525688
test_13553,0.38196390867233276
test_13554,0.517094612121582
test_13555,0.08310367912054062
test_13556,0.34284886717796326
test_13557,0.20436781644821167
test_13558,0.07180183380842209
test_13559,0.2010154277086258
test_13560,0.3416924774646759
test_13561,0.17049039900302887
test_13562,0.21067672967910767
test_13563,0.08937513083219528
test_13564,0.2686935365200043
test_13565,0.9988252520561218
test_13566,0.22011402249336243
test_13567,0.22409532964229584
test_13568,0.18095391988754272
test_13569,0.312372624874115
test_13570,0.31081804633140564
test_13571,0.27431729435920715
test_13572,0.28969529271125793
test_13573,0.4400637447834015
test_13574,0.5921022295951843
test_13575,0.2091047167778015
test_13576,0.17637361586093903
test_13577,0.007258100435137749
test_13578,0.2500741481781006
test_13579,0.3886600434780121
test_13580,0.0001293363602599129
test_13581,0.4089733064174652
test_13582,0.11313137412071228
test_13583,0.002486215205863118
test_13584,0.3197443187236786
test_13585,0.4701685905456543
test_13586,0.5321314334869385
test_13587,0.00022401830938179046
test_13588,0.31719309091567993
test_13589,0.4517098069190979
test_13590,0.19266626238822937
test_13591,0.011214043945074081
test_13592,0.021261340007185936
test_13593,0.3424823582172394
test_13594,0.028278708457946777
test_13595,0.002453037304803729
test_13596,0.04751618206501007
test_13597,0.01057165116071701
test_13598,0.009693121537566185
test_13599,0.5615488290786743
test_13600,0.1381203979253769
test_13601,0.3659164607524872
test_13602,0.19228580594062805
test_13603,0.011358088813722134
test_13604,0.1625218689441681
test_13605,0.016548993065953255
test_13606,0.5508066415786743
test_13607,0.27050191164016724
test_13608,0.15762001276016235
test_13609,0.3337298333644867
test_13610,0.028391631320118904
test_13611,0.4752042591571808
test_13612,0.4739544987678528
test_13613,0.09974562376737595
test_13614,0.3354893922805786
test_13615,0.02600840851664543
test_13616,0.05813761055469513
test_13617,0.8956625461578369
test_13618,0.1345842331647873
test_13619,0.2863696813583374
test_13620,0.0724460780620575
test_13621,0.39166122674942017
test_13622,0.18081605434417725
test_13623,0.0006232347222976387
test_13624,0.000585566449444741
test_13625,0.21945078670978546
test_13626,0.25396618247032166
test_13627,0.11374016106128693
test_13628,0.13442593812942505
test_13629,0.3496772050857544
test_13630,0.1835649609565735
test_13631,0.22522403299808502
test_13632,0.41258153319358826
test_13633,0.2996763586997986
test_13634,0.12453426420688629
test_13635,0.8280145525932312
test_13636,0.17040866613388062
test_13637,0.17819899320602417
test_13638,0.3658325672149658
test_13639,0.11267978698015213
test_13640,0.3202628493309021
test_13641,0.10981312394142151
test_13642,0.17220516502857208
test_13643,2.047833550022915e-05
test_13644,0.07371646910905838
test_13645,0.0696435198187828
test_13646,0.5330881476402283
test_13647,0.44122010469436646
test_13648,0.33801570534706116
test_13649,0.07333167642354965
test_13650,0.05241323262453079
test_13651,0.6140149235725403
test_13652,0.1854633390903473
test_13653,0.53524249792099
test_13654,0.20426397025585175
test_13655,0.19268378615379333
test_13656,0.1365085393190384
test_13657,0.08495783060789108
test_13658,0.4703599810600281
test_13659,0.19049327075481415
test_13660,0.02707059681415558
test_13661,0.1555866301059723
test_13662,0.33331581950187683
test_13663,1.4728781025041826e-05
test_13664,0.10522530972957611
test_13665,0.07449430972337723
test_13666,0.3131590485572815
test_13667,0.1412527710199356
test_13668,0.007425022777169943
test_13669,0.3240582048892975
test_13670,0.005112455692142248
test_13671,0.013657484203577042
test_13672,0.037544216960668564
test_13673,0.012763134203851223
test_13674,0.003278787015005946
test_13675,0.17043732106685638
test_13676,0.004695975687354803
test_13677,0.592011034488678
test_13678,0.12406902015209198
test_13679,0.02519957721233368
test_13680,0.17280793190002441
test_13681,0.07423872500658035
test_13682,0.4355276823043823
test_13683,0.29151660203933716
test_13684,0.2201644480228424
test_13685,0.3745080828666687
test_13686,0.09375952929258347
test_13687,0.540822446346283
test_13688,0.3091484010219574
test_13689,0.12046126276254654
test_13690,0.005947143770754337
test_13691,0.4309554398059845
test_13692,0.7428865432739258
test_13693,0.037891730666160583
test_13694,0.0019962014630436897
test_13695,0.5246372222900391
test_13696,0.6559751629829407
test_13697,0.2750268280506134
test_13698,0.011132684536278248
test_13699,0.2585439085960388
test_13700,0.25876957178115845
test_13701,0.08563920110464096
test_13702,0.04052121192216873
test_13703,0.1375042349100113
test_13704,0.0008521004347130656
test_13705,0.004746762569993734
test_13706,0.2502826452255249
test_13707,0.09425068646669388
test_13708,0.0002574935497250408
test_13709,0.3550512492656708
test_13710,0.27778899669647217
test_13711,0.1849093735218048
test_13712,0.28662118315696716
test_13713,0.5521587133407593
test_13714,0.3431418538093567
test_13715,0.2913074195384979
test_13716,0.0027313604950904846
test_13717,0.4105653762817383
test_13718,0.5995868444442749
test_13719,0.868672251701355
test_13720,0.11568663269281387
test_13721,0.25187525153160095
test_13722,0.4784672260284424
test_13723,0.4765283763408661
test_13724,0.29136326909065247
test_13725,0.034947965294122696
test_13726,0.028181271627545357
test_13727,0.16468004882335663
test_13728,0.0050256140530109406
test_13729,0.48980727791786194
test_13730,0.30253866314888
test_13731,6.061126782697102e-07
test_13732,0.2260221540927887
test_13733,0.18458828330039978
test_13734,0.12365014851093292
test_13735,0.16014765202999115
test_13736,0.5258104205131531
test_13737,0.007959151640534401
test_13738,0.3154805898666382
test_13739,0.4083019196987152
test_13740,0.10757743567228317
test_13741,0.15378674864768982
test_13742,0.01098991185426712
test_13743,6.642982771154493e-05
test_13744,0.351493775844574
test_13745,0.026415841653943062
test_13746,0.09023994207382202
test_13747,0.0009813662618398666
test_13748,0.24843505024909973
test_13749,0.011528747156262398
test_13750,3.1689840398030356e-05
test_13751,0.18643778562545776
test_13752,0.0022163307294249535
test_13753,0.014053381979465485
test_13754,0.4706728458404541
test_13755,0.016817107796669006
test_13756,0.721853494644165
test_13757,0.366688072681427
test_13758,0.01264768186956644
test_13759,0.09383609145879745
test_13760,0.18638581037521362
test_13761,0.0005096374661661685
test_13762,0.00022500900377053767
test_13763,0.13307613134384155
test_13764,0.5413222908973694
test_13765,0.004130279179662466
test_13766,0.17020362615585327
test_13767,0.03897303715348244
test_13768,0.41692596673965454
test_13769,0.48974478244781494
test_13770,0.04269807040691376
test_13771,0.17639367282390594
test_13772,0.0004853073041886091
test_13773,0.0013902129139751196
test_13774,0.13524913787841797
test_13775,0.0014931777259334922
test_13776,0.7341068983078003
test_13777,0.02807651273906231
test_13778,0.06586456298828125
test_13779,0.5967803597450256
test_13780,0.12737150490283966
test_13781,0.022162331268191338
test_13782,0.20770566165447235
test_13783,0.4309372007846832
test_13784,0.0034078052267432213
test_13785,0.49999988079071045
test_13786,0.1907212883234024
test_13787,0.1577606499195099
test_13788,0.21149614453315735
test_13789,0.025844918563961983
test_13790,0.05997683107852936
test_13791,0.018109358847141266
test_13792,0.03679230436682701
test_13793,6.729536835337058e-05
test_13794,0.31331926584243774
test_13795,0.05061112716794014
test_13796,0.1943526715040207
test_13797,0.504555344581604
test_13798,2.583624109320226e-06
test_13799,0.217356339097023
test_13800,0.009921405464410782
test_13801,0.0038596712984144688
test_13802,0.10188565403223038
test_13803,2.7000490376849484e-07
test_13804,0.34317532181739807
test_13805,0.022116011008620262
test_13806,0.6077598929405212
test_13807,0.00034116944880224764
test_13808,0.5176142454147339
test_13809,0.12797409296035767
test_13810,0.805173933506012
test_13811,0.033978477120399475
test_13812,0.31790482997894287
test_13813,0.42826762795448303
test_13814,0.0006737107178196311
test_13815,0.021266335621476173
test_13816,0.21167351305484772
test_13817,0.06529081612825394
test_13818,0.11402853578329086
test_13819,0.26496461033821106
test_13820,0.13470971584320068
test_13821,0.08503957092761993
test_13822,0.19311149418354034
test_13823,0.2427966296672821
test_13824,0.11596280336380005
test_13825,0.06336203217506409
test_13826,0.4995975196361542
test_13827,0.5870084762573242
test_13828,0.4780644178390503
test_13829,0.03372520953416824
test_13830,0.005471827462315559
test_13831,0.22492006421089172
test_13832,0.4193057715892792
test_13833,0.16373445093631744
test_13834,0.0018679776694625616
test_13835,0.02940109372138977
test_13836,0.33690977096557617
test_13837,0.004210896790027618
test_13838,0.3706914484500885
test_13839,0.02589702419936657
test_13840,0.3305915892124176
test_13841,0.00019595662888605148
test_13842,0.015157647430896759
test_13843,0.0018682247027754784
test_13844,0.003024392295628786
test_13845,0.5787708759307861
test_13846,0.5098662376403809
test_13847,2.3714577764621936e-05
test_13848,0.15003591775894165
test_13849,0.21321621537208557
test_13850,0.2430163025856018
test_13851,0.012357015162706375
test_13852,0.19246752560138702
test_13853,0.05863245204091072
test_13854,0.43920668959617615
test_13855,0.38711386919021606
test_13856,0.1385289579629898
test_13857,0.29148560762405396
test_13858,0.4455006420612335
test_13859,0.14065925776958466
test_13860,0.30504629015922546
test_13861,0.1610558032989502
test_13862,0.09376068413257599
test_13863,0.39799168705940247
test_13864,0.4212782382965088
test_13865,0.0999676063656807
test_13866,0.0006206754478625953
test_13867,0.07717852294445038
test_13868,0.18571573495864868
test_13869,0.2285916805267334
test_13870,0.16088637709617615
test_13871,0.015337101183831692
test_13872,0.1877644807100296
test_13873,0.19242903590202332
test_13874,0.4579761028289795
test_13875,1.5350051398854703e-05
test_13876,0.007567018270492554
test_13877,0.1367228776216507
test_13878,0.5062731504440308
test_13879,0.0013053698930889368
test_13880,0.016626184806227684
test_13881,0.08654136955738068
test_13882,0.23449017107486725
test_13883,0.9716784358024597
test_13884,0.16468317806720734
test_13885,0.003404090413823724
test_13886,0.018474940210580826
test_13887,0.15190459787845612
test_13888,0.5936811566352844
test_13889,0.1134067103266716
test_13890,0.34015414118766785
test_13891,0.3602715730667114
test_13892,0.3972136974334717
test_13893,0.0025285074952989817
test_13894,7.944048411445692e-05
test_13895,0.00010692629439290613
test_13896,0.3957606256008148
test_13897,0.0001859645708464086
test_13898,0.207301527261734
test_13899,0.28258392214775085
test_13900,0.22368688881397247
test_13901,0.0026878882199525833
test_13902,6.595930608455092e-05
test_13903,0.08591874688863754
test_13904,0.12274085730314255
test_13905,0.17918811738491058
test_13906,0.23559319972991943
test_13907,0.36303916573524475
test_13908,0.010193348862230778
test_13909,0.4779393672943115
test_13910,0.8062157034873962
test_13911,0.07900521159172058
test_13912,0.029578499495983124
test_13913,0.00031438402947969735
test_13914,0.3543456196784973
test_13915,5.628082362818532e-06
test_13916,0.43631839752197266
test_13917,9.64242426562123e-05
test_13918,0.10464369505643845
test_13919,0.7215353846549988
test_13920,0.17199735343456268
test_13921,0.6784184575080872
test_13922,0.4237372577190399
test_13923,0.37811338901519775
test_13924,0.17426380515098572
test_13925,0.15216770768165588
test_13926,0.07269486039876938
test_13927,7.78150642872788e-05
test_13928,0.17099612951278687
test_13929,0.5211673974990845
test_13930,0.2838602662086487
test_13931,0.5499666333198547
test_13932,0.14940987527370453
test_13933,0.016572291031479836
test_13934,0.0004965402185916901
test_13935,0.33469778299331665
test_13936,0.14077508449554443
test_13937,0.17405876517295837
test_13938,0.18074901401996613
test_13939,0.009742308408021927
test_13940,0.07682496309280396
test_13941,0.050086844712495804
test_13942,0.31476080417633057
test_13943,0.37207508087158203
test_13944,0.06975455582141876
test_13945,0.4304737448692322
test_13946,0.04394187033176422
test_13947,0.10422684252262115
test_13948,0.00015757429355289787
test_13949,0.0006713021430186927
test_13950,0.09184829890727997
test_13951,0.0034881813917309046
test_13952,0.4117160737514496
test_13953,0.15979625284671783
test_13954,0.623837947845459
test_13955,0.6816350221633911
test_13956,0.05577593669295311
test_13957,0.23877552151679993
test_13958,0.3993743062019348
test_13959,0.0037904258351773024
test_13960,0.29528671503067017
test_13961,0.20191669464111328
test_13962,0.41192618012428284
test_13963,0.1621253341436386
test_13964,0.29154032468795776
test_13965,0.3260018229484558
test_13966,0.37159669399261475
test_13967,0.10296986252069473
test_13968,0.5248417854309082
test_13969,0.16127020120620728
test_13970,0.7518118619918823
test_13971,0.3626236617565155
test_13972,0.005146523006260395
test_13973,0.06289619952440262
test_13974,0.6169922947883606
test_13975,0.49027734994888306
test_13976,0.08767431229352951
test_13977,0.7621446847915649
test_13978,0.49522194266319275
test_13979,0.0011723003117367625
test_13980,0.12180999666452408
test_13981,0.177882581949234
test_13982,0.3563508093357086
test_13983,0.28155842423439026
test_13984,0.3724944293498993
test_13985,0.12420273572206497
test_13986,0.19692397117614746
test_13987,0.008319750428199768
test_13988,0.28918832540512085
test_13989,0.2774267792701721
test_13990,0.036047231405973434
test_13991,0.00013766171468887478
test_13992,0.08970344811677933
test_13993,0.09232664853334427
test_13994,0.15399500727653503
test_13995,0.738595724105835
test_13996,0.061131931841373444
test_13997,0.0025661976542323828
test_13998,0.0014363081427291036
test_13999,0.48869022727012634
test_14000,0.0008232825202867389
test_14001,0.052315402776002884
test_14002,1.0078803825308569e-05
test_14003,0.023583389818668365
test_14004,0.5472919940948486
test_14005,0.003800899488851428
test_14006,0.6847180724143982
test_14007,0.005336253438144922
test_14008,0.3232550621032715
test_14009,0.1856815069913864
test_14010,0.0017024906119331717
test_14011,0.016438713297247887
test_14012,0.147220179438591
test_14013,0.30262434482574463
test_14014,0.05205024406313896
test_14015,0.1189097911119461
test_14016,0.13892458379268646
test_14017,0.0002280402695760131
test_14018,0.0008476473158225417
test_14019,0.05768285319209099
test_14020,0.41741374135017395
test_14021,0.0006646927213296294
test_14022,0.03335322439670563
test_14023,0.2056468427181244
test_14024,0.16572308540344238
test_14025,0.10856993496417999
test_14026,0.49619433283805847
test_14027,0.00093958800425753
test_14028,0.5666028261184692
test_14029,0.0010417168959975243
test_14030,0.010822807438671589
test_14031,0.1505686640739441
test_14032,0.00018862777506001294
test_14033,0.05835164338350296
test_14034,3.280668897787109e-05
test_14035,0.2383739948272705
test_14036,0.2193370759487152
test_14037,0.07078474014997482
test_14038,0.006120968144387007
test_14039,0.1362902671098709
test_14040,0.2774795591831207
test_14041,0.034818362444639206
test_14042,0.46867114305496216
test_14043,0.24485443532466888
test_14044,0.1635018289089203
test_14045,0.1506182849407196
test_14046,0.4151442050933838
test_14047,0.2936552166938782
test_14048,0.068175308406353
test_14049,0.20604370534420013
test_14050,0.2488371878862381
test_14051,0.3836013376712799
test_14052,0.4362484812736511
test_14053,0.09459654241800308
test_14054,0.052751511335372925
test_14055,0.4379807114601135
test_14056,0.020892998203635216
test_14057,0.24746932089328766
test_14058,0.29222437739372253
test_14059,0.31963834166526794
test_14060,0.11969660222530365
test_14061,0.5900792479515076
test_14062,0.13031797111034393
test_14063,0.001149337855167687
test_14064,0.21638858318328857
test_14065,0.030410876497626305
test_14066,0.015109247528016567
test_14067,0.37951982021331787
test_14068,0.8142469525337219
test_14069,0.033553704619407654
test_14070,0.05394741892814636
test_14071,0.1649506539106369
test_14072,0.0693754255771637
test_14073,0.1698896586894989
test_14074,0.07566096633672714
test_14075,0.45352327823638916
test_14076,3.978727363573853e-06
test_14077,0.07961219549179077
test_14078,0.3759958744049072
test_14079,0.6675886511802673
test_14080,0.35350075364112854
test_14081,0.3183140456676483
test_14082,0.07248251885175705
test_14083,0.5474448204040527
test_14084,0.494972288608551
test_14085,0.16546398401260376
test_14086,0.31957748532295227
test_14087,0.3033744990825653
test_14088,0.17756810784339905
test_14089,0.0517285093665123
test_14090,0.13832542300224304
test_14091,0.012384491041302681
test_14092,0.4156019687652588
test_14093,0.1297345608472824
test_14094,0.15138013660907745
test_14095,0.25776100158691406
test_14096,0.4016123116016388
test_14097,0.3968640863895416
test_14098,0.46099793910980225
test_14099,0.3645142912864685
test_14100,0.2557426393032074
test_14101,0.3669945299625397
test_14102,0.37104272842407227
test_14103,0.010023034177720547
test_14104,0.38964542746543884
test_14105,3.996051236754283e-05
test_14106,0.007927910424768925
test_14107,0.32840442657470703
test_14108,0.07980097085237503
test_14109,0.004300273954868317
test_14110,0.021751027554273605
test_14111,0.4157974123954773
test_14112,0.013586487621068954
test_14113,0.021732447668910027
test_14114,0.157945454120636
test_14115,0.0031655621714890003
test_14116,0.5175297856330872
test_14117,0.3806602656841278
test_14118,0.1789347380399704
test_14119,0.1297561377286911
test_14120,2.9738665034528822e-05
test_14121,0.0008670188835822046
test_14122,0.20862936973571777
test_14123,0.5334256291389465
test_14124,0.01967424713075161
test_14125,0.28650814294815063
test_14126,0.5029670000076294
test_14127,0.27640074491500854
test_14128,0.08974535018205643
test_14129,0.06179879605770111
test_14130,0.0011787230614572763
test_14131,0.09381884336471558
test_14132,0.0882476195693016
test_14133,0.2689187228679657
test_14134,0.0877121314406395
test_14135,0.12202900648117065
test_14136,0.46529802680015564
test_14137,0.0002785980177577585
test_14138,0.23567728698253632
test_14139,0.28850722312927246
test_14140,0.1015099436044693
test_14141,0.2049129158258438
test_14142,0.3449566066265106
test_14143,0.11688905954360962
test_14144,0.0053054289892315865
test_14145,0.011908584274351597
test_14146,0.0005515807424671948
test_14147,0.19095611572265625
test_14148,0.13358952105045319
test_14149,0.24990394711494446
test_14150,0.3371884822845459
test_14151,0.5086244940757751
test_14152,0.07791422307491302
test_14153,0.03722257539629936
test_14154,0.05059580132365227
test_14155,0.5295335650444031
test_14156,1.691499346634373e-05
test_14157,0.004845313262194395
test_14158,0.477419912815094
test_14159,0.35731348395347595
test_14160,0.21149083971977234
test_14161,0.04179467260837555
test_14162,0.6491184234619141
test_14163,0.9344061613082886
test_14164,0.21386972069740295
test_14165,0.5257018208503723
test_14166,0.41578516364097595
test_14167,0.2483614832162857
test_14168,0.33331766724586487
test_14169,0.00019643815176095814
test_14170,0.9733408689498901
test_14171,0.2245842069387436
test_14172,0.061006780713796616
test_14173,0.009197995066642761
test_14174,0.4244392216205597
test_14175,0.3248770833015442
test_14176,0.3981257677078247
test_14177,0.002225741744041443
test_14178,0.05300765484571457
test_14179,0.391102135181427
test_14180,0.014757857657968998
test_14181,0.31359973549842834
test_14182,0.09101320058107376
test_14183,0.13945160806179047
test_14184,0.3404819667339325
test_14185,0.14952141046524048
test_14186,7.018978067208081e-05
test_14187,2.647120936671854e-06
test_14188,0.30193889141082764
test_14189,0.1942659318447113
test_14190,0.6992461681365967
test_14191,0.7264740467071533
test_14192,0.0007491493597626686
test_14193,0.005852628964930773
test_14194,0.097637839615345
test_14195,0.4826083183288574
test_14196,0.00034575830795802176
test_14197,0.32867878675460815
test_14198,0.0523686558008194
test_14199,0.07094061374664307
test_14200,0.3051084876060486
test_14201,0.016661077737808228
test_14202,0.20326697826385498
test_14203,0.2200983464717865
test_14204,0.32833823561668396
test_14205,0.016914358362555504
test_14206,0.13142167031764984
test_14207,0.14233990013599396
test_14208,0.027997585013508797
test_14209,0.009060057811439037
test_14210,0.13428761065006256
test_14211,0.0048806071281433105
test_14212,0.48379987478256226
test_14213,0.0016655274666845798
test_14214,0.4726896584033966
test_14215,0.12527693808078766
test_14216,0.15630722045898438
test_14217,0.21888653934001923
test_14218,0.13253071904182434
test_14219,0.15076561272144318
test_14220,2.724715341173578e-05
test_14221,0.0394275039434433
test_14222,0.1752890944480896
test_14223,0.12679769098758698
test_14224,0.19975997507572174
test_14225,0.018910834565758705
test_14226,0.5524871349334717
test_14227,0.00041349304956384003
test_14228,0.007681702729314566
test_14229,0.606417179107666
test_14230,0.2973806858062744
test_14231,0.09442653506994247
test_14232,0.024795392528176308
test_14233,0.3571760356426239
test_14234,0.0014890911988914013
test_14235,0.006509697996079922
test_14236,0.005373488180339336
test_14237,0.10368083417415619
test_14238,0.13942725956439972
test_14239,0.16176806390285492
test_14240,2.0038542061229236e-05
test_14241,0.35296496748924255
test_14242,0.12053204327821732
test_14243,0.3144742548465729
test_14244,0.11998987197875977
test_14245,0.35155221819877625
test_14246,0.10307198017835617
test_14247,0.16614492237567902
test_14248,0.16977062821388245
test_14249,0.014092158526182175
test_14250,0.017810042947530746
test_14251,0.4661140441894531
test_14252,0.1485091596841812
test_14253,0.03445227071642876
test_14254,0.5167352557182312
test_14255,0.04666479304432869
test_14256,0.0017480113310739398
test_14257,0.3467354476451874
test_14258,0.1152140274643898
test_14259,0.12555482983589172
test_14260,0.14150305092334747
test_14261,0.0027623483911156654
test_14262,0.0014266626676544547
test_14263,0.2471492737531662
test_14264,0.012965180911123753
test_14265,0.006923003122210503
test_14266,1.2570617400342599e-05
test_14267,0.36104631423950195
test_14268,0.0377575159072876
test_14269,0.32538872957229614
test_14270,0.0021784179843962193
test_14271,2.0072443476237822e-06
test_14272,0.17308464646339417
test_14273,0.008022377267479897
test_14274,0.032413218170404434
test_14275,0.48090121150016785
test_14276,4.7314482799265534e-05
test_14277,0.0014216257259249687
test_14278,0.07749244570732117
test_14279,0.10659360140562057
test_14280,0.37693485617637634
test_14281,0.5632179975509644
test_14282,0.2667098939418793
test_14283,0.03617924451828003
test_14284,0.2349134236574173
test_14285,0.21515046060085297
test_14286,0.5619520545005798
test_14287,0.1725534200668335
test_14288,0.5186256170272827
test_14289,0.7787147164344788
test_14290,0.2290383130311966
test_14291,0.48218560218811035
test_14292,0.2897528409957886
test_14293,0.46390995383262634
test_14294,0.005782773718237877
test_14295,0.2871859073638916
test_14296,0.001530288252979517
test_14297,0.42942148447036743
test_14298,0.018889958038926125
test_14299,0.20278339087963104
test_14300,0.015631046146154404
test_14301,0.2101951241493225
test_14302,0.0020185403991490602
test_14303,0.004726621322333813
test_14304,0.19129681587219238
test_14305,0.3541147708892822
test_14306,0.12785404920578003
test_14307,0.23384010791778564
test_14308,0.30012771487236023
test_14309,0.09112519770860672
test_14310,0.04185330495238304
test_14311,0.28112754225730896
test_14312,0.31714802980422974
test_14313,0.40840914845466614
test_14314,0.442097544670105
test_14315,0.01704656332731247
test_14316,0.24291029572486877
test_14317,0.03671928867697716
test_14318,0.477922260761261
test_14319,0.2596019506454468
test_14320,0.03074808232486248
test_14321,0.32090672850608826
test_14322,0.33398404717445374
test_14323,0.36125171184539795
test_14324,0.1472809761762619
test_14325,0.347258597612381
test_14326,0.0021558827720582485
test_14327,0.0011697887675836682
test_14328,0.4470365643501282
test_14329,0.265261709690094
test_14330,0.12441308796405792
test_14331,0.008284387178719044
test_14332,0.4320676028728485
test_14333,0.15810926258563995
test_14334,0.1428929567337036
test_14335,0.08905056118965149
test_14336,0.09784942865371704
test_14337,9.297209180658683e-05
test_14338,0.008851324208080769
test_14339,0.043517887592315674
test_14340,0.36733680963516235
test_14341,0.04257743060588837
test_14342,0.023711740970611572
test_14343,0.343913197517395
test_14344,0.55716472864151
test_14345,0.02842322550714016
test_14346,0.18735414743423462
test_14347,0.0275773536413908
test_14348,0.013878244906663895
test_14349,0.09946788102388382
test_14350,0.010385226458311081
test_14351,0.029290035367012024
test_14352,0.12833000719547272
test_14353,0.04836852476000786
test_14354,0.02373117208480835
test_14355,0.055530428886413574
test_14356,0.3668678104877472
test_14357,0.008428704924881458
test_14358,0.13833293318748474
test_14359,0.27884888648986816
test_14360,0.23345617949962616
test_14361,0.00010754413960967213
test_14362,0.18436135351657867
test_14363,0.14331723749637604
test_14364,0.11525444686412811
test_14365,0.0033169230446219444
test_14366,0.3196561634540558
test_14367,0.09076271206140518
test_14368,0.23668275773525238
test_14369,0.3674856126308441
test_14370,0.9314634203910828
test_14371,0.28967687487602234
test_14372,0.2144324630498886
test_14373,0.25029730796813965
test_14374,0.017962247133255005
test_14375,0.008375640027225018
test_14376,0.016862209886312485
test_14377,0.00035283848410472274
test_14378,0.30738604068756104
test_14379,0.003037908812984824
test_14380,0.3839362859725952
test_14381,0.2732936143875122
test_14382,0.10691040754318237
test_14383,0.5353412628173828
test_14384,0.0016374040860682726
test_14385,0.03426472842693329
test_14386,0.07431814074516296
test_14387,0.35744401812553406
test_14388,0.2433699518442154
test_14389,0.3643854260444641
test_14390,0.15315671265125275
test_14391,0.10329514741897583
test_14392,0.3871774971485138
test_14393,0.2081025242805481
test_14394,0.6097018718719482
test_14395,0.13801321387290955
test_14396,0.011900979094207287
test_14397,0.4875985383987427
test_14398,0.014920170418918133
test_14399,0.10356757044792175
test_14400,0.2667384147644043
test_14401,0.10188648849725723
test_14402,0.24161788821220398
test_14403,0.16377414762973785
test_14404,0.3893122673034668
test_14405,0.3021710515022278
test_14406,0.09405261278152466
test_14407,0.15518641471862793
test_14408,0.17494048178195953
test_14409,0.28422918915748596
test_14410,0.17363899946212769
test_14411,0.012210581451654434
test_14412,0.11009890586137772
test_14413,0.33323630690574646
test_14414,0.010528729297220707
test_14415,0.4412073791027069
test_14416,0.09777896106243134
test_14417,2.7886791940545663e-05
test_14418,0.010409758426249027
test_14419,0.025056807324290276
test_14420,0.19086995720863342
test_14421,0.18062900006771088
test_14422,0.17516015470027924
test_14423,0.09263502061367035
test_14424,0.027329467236995697
test_14425,0.29341834783554077
test_14426,0.04768407344818115
test_14427,0.11240953952074051
test_14428,3.787581226788461e-05
test_14429,0.20264513790607452
test_14430,0.0012993792770430446
test_14431,0.04514782130718231
test_14432,0.2743014097213745
test_14433,0.3340062201023102
test_14434,0.5578599572181702
test_14435,0.16696903109550476
test_14436,0.44266512989997864
test_14437,0.45883625745773315
test_14438,0.5914926528930664
test_14439,0.08195314556360245
test_14440,0.16462185978889465
test_14441,0.9750059247016907
test_14442,0.002670693676918745
test_14443,0.12069583684206009
test_14444,0.26172181963920593
test_14445,0.013949168846011162
test_14446,0.2801700830459595
test_14447,0.26505300402641296
test_14448,0.172928586602211
test_14449,0.10849715024232864
test_14450,0.34509745240211487
test_14451,0.14871788024902344
test_14452,0.06611417979001999
test_14453,0.2338905930519104
test_14454,0.0002129052154486999
test_14455,0.16619771718978882
test_14456,0.566195547580719
test_14457,0.0004898683400824666
test_14458,0.37816905975341797
test_14459,0.01467313151806593
test_14460,0.0507732555270195
test_14461,0.1387244462966919
test_14462,0.5367692112922668
test_14463,0.3387168347835541
test_14464,0.25167933106422424
test_14465,0.015876339748501778
test_14466,0.008757177740335464
test_14467,0.3596845269203186
test_14468,0.4391818642616272
test_14469,0.2985118329524994
test_14470,0.2068527787923813
test_14471,0.18491600453853607
test_14472,0.007302847225219011
test_14473,0.5744766592979431
test_14474,0.14216099679470062
test_14475,0.2404417246580124
test_14476,0.7108547687530518
test_14477,0.3210526406764984
test_14478,0.0035810917615890503
test_14479,0.2863348424434662
test_14480,0.382402241230011
test_14481,0.39933517575263977
test_14482,0.06978794187307358
test_14483,0.4010331928730011
test_14484,0.5833552479743958
test_14485,0.3291676938533783
test_14486,0.0003812326758634299
test_14487,0.4857712686061859
test_14488,0.08157448470592499
test_14489,0.20878726243972778
test_14490,0.14878728985786438
test_14491,0.14343953132629395
test_14492,0.473543643951416
test_14493,0.006120895501226187
test_14494,0.23572444915771484
test_14495,0.00633807759732008
test_14496,0.041764769703149796
test_14497,0.15230123698711395
test_14498,0.38682612776756287
test_14499,0.3536551892757416
test_14500,0.04181067645549774
test_14501,0.0002769885177258402
test_14502,0.35793817043304443
test_14503,0.1272517591714859
test_14504,0.0058042430318892
test_14505,0.000690027663949877
test_14506,0.05044281482696533
test_14507,0.42198553681373596
test_14508,0.007103201933205128
test_14509,0.025716528296470642
test_14510,0.6081141233444214
test_14511,0.0041185044683516026
test_14512,0.239132821559906
test_14513,0.08214640617370605
test_14514,0.18630187213420868
test_14515,0.013035647571086884
test_14516,0.5245633125305176
test_14517,0.1239422932267189
test_14518,0.5072943568229675
test_14519,0.5168066620826721
test_14520,0.19706451892852783
test_14521,0.21814726293087006
test_14522,0.0029130049515515566
test_14523,0.0775076374411583
test_14524,0.4604107439517975
test_14525,0.007634160574525595
test_14526,0.01756722666323185
test_14527,0.3223859369754791
test_14528,0.1273266226053238
test_14529,0.005798618774861097
test_14530,0.6564717888832092
test_14531,0.04771307483315468
test_14532,0.22470331192016602
test_14533,0.08986916393041611
test_14534,0.1657264083623886
test_14535,4.625690507964464e-06
test_14536,0.1972426176071167
test_14537,0.5952582359313965
test_14538,0.22020797431468964
test_14539,0.0001314700930379331
test_14540,0.1357278972864151
test_14541,0.0007905241218395531
test_14542,0.35543447732925415
test_14543,1.0237911283184076e-06
test_14544,0.02643178217113018
test_14545,0.3605755865573883
test_14546,0.5505760312080383
test_14547,0.1620219349861145
test_14548,0.006751372013241053
test_14549,0.442622572183609
test_14550,0.439397394657135
test_14551,0.307280033826828
test_14552,0.18644651770591736
test_14553,0.07764449715614319
test_14554,0.00014305156946647912
test_14555,0.45376890897750854
test_14556,0.50971519947052
test_14557,0.24261736869812012
test_14558,0.199842169880867
test_14559,0.2852175831794739
test_14560,1.7934125935425982e-05
test_14561,0.03348372131586075
test_14562,0.2705029547214508
test_14563,0.49250736832618713
test_14564,0.10520494729280472
test_14565,0.4647524058818817
test_14566,0.08196118474006653
test_14567,0.10871118307113647
test_14568,0.5995046496391296
test_14569,0.13791459798812866
test_14570,0.5988559722900391
test_14571,0.31918612122535706
test_14572,0.3563232719898224
test_14573,0.11088591068983078
test_14574,0.2893436551094055
test_14575,0.0002025378489634022
test_14576,0.08389132469892502
test_14577,0.6498389840126038
test_14578,0.0003863940655719489
test_14579,0.009099592454731464
test_14580,0.0019007192458957434
test_14581,0.05211808159947395
test_14582,0.7091165781021118
test_14583,0.1810043305158615
test_14584,0.43438461422920227
test_14585,0.17505352199077606
test_14586,0.014122972264885902
test_14587,0.14013025164604187
test_14588,0.4754253327846527
test_14589,0.0010537885827943683
test_14590,0.37909096479415894
test_14591,0.28276526927948
test_14592,0.17241834104061127
test_14593,0.2446298450231552
test_14594,0.5709449052810669
test_14595,0.40496864914894104
test_14596,0.012535827234387398
test_14597,0.5552579760551453
test_14598,0.007817257195711136
test_14599,0.4054890275001526
test_14600,0.056621111929416656
test_14601,0.014235461130738258
test_14602,0.2598652243614197
test_14603,0.2580276131629944
test_14604,0.45279133319854736
test_14605,0.3031911253929138
test_14606,0.04369379207491875
test_14607,0.03076145052909851
test_14608,0.5312523245811462
test_14609,0.29521480202674866
test_14610,0.038054000586271286
test_14611,0.11036614328622818
test_14612,7.503016240661964e-05
test_14613,0.24097594618797302
test_14614,0.5676572918891907
test_14615,0.5210452675819397
test_14616,0.2991819679737091
test_14617,0.9103788137435913
test_14618,0.017339300364255905
test_14619,0.06815562397241592
test_14620,0.012645848095417023
test_14621,0.017882632091641426
test_14622,0.2225339561700821
test_14623,0.6631943583488464
test_14624,0.09899096190929413
test_14625,0.2669767439365387
test_14626,0.19373856484889984
test_14627,0.26187407970428467
test_14628,0.30400994420051575
test_14629,0.17653241753578186
test_14630,0.1945391297340393
test_14631,0.0026961660478264093
test_14632,0.23740868270397186
test_14633,0.08652770519256592
test_14634,0.01416708342730999
test_14635,0.44122418761253357
test_14636,0.12117481976747513
test_14637,0.10424141585826874
test_14638,0.6435640454292297
test_14639,0.43017327785491943
test_14640,0.0021102752070873976
test_14641,0.08515679836273193
test_14642,0.012462804093956947
test_14643,0.162837952375412
test_14644,0.07628397643566132
test_14645,0.2735401690006256
test_14646,0.10588590055704117
test_14647,0.23355622589588165
test_14648,0.0011321126949042082
test_14649,0.6182899475097656
test_14650,0.02251802571117878
test_14651,0.003196868347004056
test_14652,0.13197918236255646
test_14653,0.4779292643070221
test_14654,1.323257583862869e-05
test_14655,0.34075310826301575
test_14656,0.237336203455925
test_14657,0.115204356610775
test_14658,0.08546233177185059
test_14659,0.20539109408855438
test_14660,0.010974043048918247
test_14661,0.40574952960014343
test_14662,0.7952152490615845
test_14663,0.4615432322025299
test_14664,0.0018429110059514642
test_14665,0.17282037436962128
test_14666,0.188838392496109
test_14667,0.7183986306190491
test_14668,0.5705484747886658
test_14669,0.0277058407664299
test_14670,0.36892521381378174
test_14671,0.0006155847804620862
test_14672,0.00031931925332173705
test_14673,0.0350172184407711
test_14674,0.41589558124542236
test_14675,0.77761310338974
test_14676,0.2708692252635956
test_14677,0.004987276624888182
test_14678,0.1037895604968071
test_14679,0.7166747450828552
test_14680,0.22599643468856812
test_14681,0.03217514976859093
test_14682,0.0550360232591629
test_14683,0.22547206282615662
test_14684,0.3461805284023285
test_14685,0.35028162598609924
test_14686,0.48344486951828003
test_14687,0.3484991192817688
test_14688,0.4030466675758362
test_14689,0.31100374460220337
test_14690,0.045813895761966705
test_14691,0.14153341948986053
test_14692,0.07982540130615234
test_14693,0.15653273463249207
test_14694,0.09053642302751541
test_14695,0.019933730363845825
test_14696,0.23644137382507324
test_14697,0.10920950025320053
test_14698,0.49313414096832275
test_14699,0.5077778697013855
test_14700,0.3764013946056366
test_14701,0.3983605206012726
test_14702,0.9166172742843628
test_14703,0.21227699518203735
test_14704,0.6207253932952881
test_14705,0.3426383137702942
test_14706,0.32333195209503174
test_14707,0.0601939782500267
test_14708,0.07661934196949005
test_14709,0.0004709125787485391
test_14710,0.6135554909706116
test_14711,0.061752304434776306
test_14712,0.09144719690084457
test_14713,0.08583145588636398
test_14714,0.4459495544433594
test_14715,0.4326689541339874
test_14716,0.38709038496017456
test_14717,0.3209412395954132
test_14718,0.0004755944828502834
test_14719,0.40237733721733093
test_14720,0.21817438304424286
test_14721,0.23089627921581268
test_14722,0.2892521619796753
test_14723,0.23485633730888367
test_14724,0.03553790971636772
test_14725,0.09244593977928162
test_14726,0.15571895241737366
test_14727,0.1758793592453003
test_14728,0.11043547838926315
test_14729,0.18509268760681152
test_14730,0.25966957211494446
test_14731,0.09446797519922256
test_14732,0.13807982206344604
test_14733,0.41231152415275574
test_14734,0.0012944369809702039
test_14735,0.06864342838525772
test_14736,0.04545159265398979
test_14737,0.07930981367826462
test_14738,0.31307142972946167
test_14739,0.513792097568512
test_14740,0.3544144332408905
test_14741,7.574792834930122e-05
test_14742,0.0029754173010587692
test_14743,0.839509129524231
test_14744,0.9837653040885925
test_14745,0.433285653591156
test_14746,0.12084339559078217
test_14747,0.2899918854236603
test_14748,0.00022464564244728535
test_14749,0.11287912726402283
test_14750,0.009885178878903389
test_14751,0.005105386022478342
test_14752,0.0034991030115634203
test_14753,0.002017757622525096
test_14754,0.16874319314956665
test_14755,0.2814091145992279
test_14756,0.38819456100463867
test_14757,0.31785809993743896
test_14758,0.7014935612678528
test_14759,0.22603370249271393
test_14760,0.24613377451896667
test_14761,0.14651773869991302
test_14762,0.08893897384405136
test_14763,0.38757503032684326
test_14764,0.015660487115383148
test_14765,0.1918426752090454
test_14766,0.2314681112766266
test_14767,0.5364169478416443
test_14768,0.5474088191986084
test_14769,0.12219718843698502
test_14770,0.19259612262248993
test_14771,0.018225496634840965
test_14772,0.3380587100982666
test_14773,0.005404067225754261
test_14774,0.17098405957221985
test_14775,0.003447876079007983
test_14776,0.39517998695373535
test_14777,0.5618347525596619
test_14778,0.46208077669143677
test_14779,0.02885741926729679
test_14780,0.4527752101421356
test_14781,0.18508560955524445
test_14782,0.06811753660440445
test_14783,0.0032900224905461073
test_14784,0.26389220356941223
test_14785,0.13372007012367249
test_14786,0.2381049543619156
test_14787,0.39550837874412537
test_14788,0.3133360743522644
test_14789,0.03259031102061272
test_14790,0.17603375017642975
test_14791,0.1139247715473175
test_14792,0.2132522612810135
test_14793,0.2115476429462433
test_14794,0.25628462433815
test_14795,0.4246324896812439
test_14796,0.36676573753356934
test_14797,0.4548566937446594
test_14798,0.20689594745635986
test_14799,0.0069960663095116615
test_14800,0.28880780935287476
test_14801,0.008010436780750751
test_14802,0.002566266106441617
test_14803,0.16911429166793823
test_14804,0.0003301074029877782
test_14805,0.008939627557992935
test_14806,0.05457822233438492
test_14807,0.03396791219711304
test_14808,0.4406014382839203
test_14809,0.10738497227430344
test_14810,0.03072378598153591
test_14811,0.0891055092215538
test_14812,0.4570111632347107
test_14813,0.552032470703125
test_14814,0.20298324525356293
test_14815,0.00851057842373848
test_14816,0.048180606216192245
test_14817,0.25664159655570984
test_14818,0.012758593074977398
test_14819,0.34854286909103394
test_14820,0.25852128863334656
test_14821,0.2602612376213074
test_14822,0.5390009880065918
test_14823,0.13175682723522186
test_14824,0.010587668046355247
test_14825,0.22226470708847046
test_14826,0.05995335429906845
test_14827,0.5406963229179382
test_14828,9.397009125677869e-05
test_14829,0.28560879826545715
test_14830,0.3605806231498718
test_14831,0.3812926411628723
test_14832,0.1261311173439026
test_14833,0.04007723182439804
test_14834,0.6709533929824829
test_14835,0.08628024160861969
test_14836,0.14698664844036102
test_14837,0.30004531145095825
test_14838,0.056291453540325165
test_14839,0.43321675062179565
test_14840,0.1954697072505951
test_14841,0.11755520850419998
test_14842,0.47462695837020874
test_14843,0.02496190555393696
test_14844,0.06640732288360596
test_14845,0.5488571524620056
test_14846,0.8116356730461121
test_14847,0.20182037353515625
test_14848,0.1916201263666153
test_14849,0.11530338227748871
test_14850,0.437223881483078
test_14851,0.7328468561172485
test_14852,0.015878984704613686
test_14853,0.003675932064652443
test_14854,0.23670047521591187
test_14855,0.21834111213684082
test_14856,0.1773272454738617
test_14857,0.05945694446563721
test_14858,0.07875294238328934
test_14859,0.4879114031791687
test_14860,0.0003311062464490533
test_14861,0.08317990601062775
test_14862,0.014949114993214607
test_14863,0.4623034596443176
test_14864,0.34352797269821167
test_14865,0.5932406783103943
test_14866,0.19340042769908905
test_14867,0.04815949872136116
test_14868,0.09974142163991928
test_14869,0.18364566564559937
test_14870,0.048783279955387115
test_14871,0.3249218761920929
test_14872,0.4092938005924225
test_14873,0.19478726387023926
test_14874,0.33849605917930603
test_14875,0.10467603802680969
test_14876,0.258248895406723
test_14877,0.000518905813805759
test_14878,0.10694759339094162
test_14879,0.6516685485839844
test_14880,0.42051950097084045
test_14881,0.05443691834807396
test_14882,5.030081229051575e-05
test_14883,0.17141303420066833
test_14884,0.4700843393802643
test_14885,0.240883007645607
test_14886,0.339804470539093
test_14887,0.0029821156058460474
test_14888,0.6932690739631653
test_14889,0.19561637938022614
test_14890,0.19230182468891144
test_14891,0.14524134993553162
test_14892,0.00786022748798132
test_14893,0.14750301837921143
test_14894,0.10077856481075287
test_14895,0.2042618989944458
test_14896,0.02943974733352661
test_14897,0.3540319502353668
test_14898,0.45802295207977295
test_14899,0.0008816120680421591
test_14900,0.21733172237873077
test_14901,0.018914444372057915
test_14902,3.0833602977509145e-06
test_14903,0.09291407465934753
test_14904,0.054866038262844086
test_14905,0.003433842211961746
test_14906,0.0012835676316171885
test_14907,0.005305348429828882
test_14908,0.0012809851905331016
test_14909,0.6867988109588623
test_14910,0.5446503758430481
test_14911,0.35072046518325806
test_14912,0.7610014081001282
test_14913,0.01625867374241352
test_14914,0.023262009024620056
test_14915,0.2665189504623413
test_14916,0.26288700103759766
test_14917,0.4137526750564575
test_14918,0.6253980994224548
test_14919,0.0008801209041848779
test_14920,0.3314301371574402
test_14921,0.27932456135749817
test_14922,0.1342221051454544
test_14923,9.86145550996298e-06
test_14924,0.014813550747931004
test_14925,0.3267894983291626
test_14926,0.39476120471954346
test_14927,0.034287743270397186
test_14928,0.6200219392776489
test_14929,0.07900499552488327
test_14930,0.06437940895557404
test_14931,0.1810573786497116
test_14932,0.5730411410331726
test_14933,0.09942498803138733
test_14934,0.03863238915801048
test_14935,0.00010760947043308988
test_14936,0.40562015771865845
test_14937,0.036161258816719055
test_14938,0.029219357296824455
test_14939,2.1338315491448157e-05
test_14940,0.06540577113628387
test_14941,0.26545798778533936
test_14942,0.014319292269647121
test_14943,0.07980503886938095
test_14944,0.11214588582515717
test_14945,0.03537428751587868
test_14946,0.0010667319875210524
test_14947,0.19805629551410675
test_14948,0.27936169505119324
test_14949,0.13256998360157013
test_14950,0.2779683470726013
test_14951,0.01609240658581257
test_14952,0.08785087615251541
test_14953,0.7410309314727783
test_14954,0.003868746105581522
test_14955,0.18467555940151215
test_14956,0.012698348611593246
test_14957,0.7351298332214355
test_14958,0.019137799739837646
test_14959,0.007046714890748262
test_14960,0.2885151207447052
test_14961,0.4360150694847107
test_14962,0.21836760640144348
test_14963,0.03862890973687172
test_14964,0.07864298671483994
test_14965,0.5179597735404968
test_14966,0.3874174654483795
test_14967,0.41915854811668396
test_14968,0.004205477423965931
test_14969,9.687335841590539e-05
test_14970,0.007947447709739208
test_14971,0.06221524626016617
test_14972,0.0016056806780397892
test_14973,0.01760161854326725
test_14974,0.20534972846508026
test_14975,0.22441309690475464
test_14976,0.1789408177137375
test_14977,0.03807321563363075
test_14978,0.15045605599880219
test_14979,0.00011598557466641068
test_14980,0.3767679035663605
test_14981,0.004209595266729593
test_14982,0.21652473509311676
test_14983,0.24175605177879333
test_14984,0.1490551233291626
test_14985,0.479308158159256
test_14986,0.3517507314682007
test_14987,0.004445122554898262
test_14988,0.40706169605255127
test_14989,0.13672886788845062
test_14990,0.02369733154773712
test_14991,0.24563562870025635
test_14992,0.01616126298904419
test_14993,0.00898848194628954
test_14994,0.006205390207469463
test_14995,0.10522979497909546
test_14996,0.19908276200294495
test_14997,0.019729066640138626
test_14998,0.2842355966567993
test_14999,0.15881294012069702
test_15000,0.2944160997867584
test_15001,0.4126654863357544
test_15002,0.08514706045389175
test_15003,0.08613467961549759
test_15004,0.29754748940467834
test_15005,0.2142738401889801
test_15006,7.543433639511932e-06
test_15007,0.4964253306388855
test_15008,0.03298746794462204
test_15009,0.015265421941876411
test_15010,0.002389858942478895
test_15011,0.15473619103431702
test_15012,0.1225232183933258
test_15013,0.36444994807243347
test_15014,0.06696312874555588
test_15015,0.08958190679550171
test_15016,0.17246009409427643
test_15017,0.2827175259590149
test_15018,0.47541025280952454
test_15019,0.011306934989988804
test_15020,0.006917785387486219
test_15021,0.006222194526344538
test_15022,0.00020644470350816846
test_15023,0.06412355601787567
test_15024,0.0552726686000824
test_15025,0.04578249156475067
test_15026,0.18862222135066986
test_15027,0.036899711936712265
test_15028,0.028989354148507118
test_15029,0.3816484212875366
test_15030,0.03866768255829811
test_15031,0.011922227218747139
test_15032,0.09115231037139893
test_15033,0.2964826822280884
test_15034,0.41010141372680664
test_15035,0.5393832325935364
test_15036,0.02109053172171116
test_15037,0.1191251203417778
test_15038,0.37286585569381714
test_15039,0.42198440432548523
test_15040,0.28625041246414185
test_15041,0.22298938035964966
test_15042,0.7748122811317444
test_15043,0.0258809644728899
test_15044,0.25317421555519104
test_15045,0.033692240715026855
test_15046,0.023905888199806213
test_15047,0.5871015787124634
test_15048,0.34780752658843994
test_15049,0.22376812994480133
test_15050,0.06332220882177353
test_15051,0.4826565682888031
test_15052,0.14943604171276093
test_15053,0.00030893657822161913
test_15054,0.33924585580825806
test_15055,1.3925578059570398e-05
test_15056,0.15099020302295685
test_15057,0.3420584797859192
test_15058,0.38303571939468384
test_15059,0.2358582764863968
test_15060,0.09407014399766922
test_15061,0.1582515984773636
test_15062,0.30385565757751465
test_15063,0.17930388450622559
test_15064,0.029247062280774117
test_15065,0.2178138643503189
test_15066,0.0005016701179556549
test_15067,0.4112444818019867
test_15068,0.2947208881378174
test_15069,0.024851294234395027
test_15070,0.342267781496048
test_15071,0.3724115788936615
test_15072,0.30728018283843994
test_15073,0.07572941482067108
test_15074,0.00807852391153574
test_15075,0.06797297298908234
test_15076,0.12978185713291168
test_15077,0.3503493070602417
test_15078,0.15308316051959991
test_15079,0.4359465539455414
test_15080,0.42646321654319763
test_15081,0.03431569039821625
test_15082,0.19417798519134521
test_15083,0.30230072140693665
test_15084,0.20498740673065186
test_15085,0.4028782248497009
test_15086,0.07513868808746338
test_15087,0.43391498923301697
test_15088,0.08289020508527756
test_15089,0.14444001019001007
test_15090,0.3405710458755493
test_15091,0.17715682089328766
test_15092,0.4909055531024933
test_15093,0.12117400765419006
test_15094,0.1488935500383377
test_15095,0.3038601875305176
test_15096,0.00014673417899757624
test_15097,0.3935658037662506
test_15098,0.0006405379390344024
test_15099,0.22521324455738068
test_15100,0.12229583412408829
test_15101,0.04167354851961136
test_15102,0.48151567578315735
test_15103,0.39882880449295044
test_15104,0.12048275768756866
test_15105,0.022879065945744514
test_15106,0.13232102990150452
test_15107,0.0803617388010025
test_15108,0.0721382275223732
test_15109,0.33999064564704895
test_15110,0.42445629835128784
test_15111,0.19672653079032898
test_15112,0.3764011263847351
test_15113,0.2950007915496826
test_15114,0.35107967257499695
test_15115,0.03350376710295677
test_15116,0.2810786962509155
test_15117,0.33274608850479126
test_15118,0.1599397510290146
test_15119,0.012466573156416416
test_15120,0.004639478400349617
test_15121,9.453172970097512e-05
test_15122,0.07047372311353683
test_15123,0.31614819169044495
test_15124,0.011293023824691772
test_15125,0.13813920319080353
test_15126,0.06405127793550491
test_15127,0.18958187103271484
test_15128,0.14681164920330048
test_15129,0.0007538109784945846
test_15130,0.0007303404854610562
test_15131,0.32394737005233765
test_15132,0.1917571723461151
test_15133,0.9993284940719604
test_15134,0.23487696051597595
test_15135,0.32350754737854004
test_15136,0.014729325659573078
test_15137,0.15796293318271637
test_15138,0.19639147818088531
test_15139,0.00021797878434881568
test_15140,0.08152995258569717
test_15141,0.011653515510261059
test_15142,0.2733616232872009
test_15143,0.24487099051475525
test_15144,0.01316040102392435
test_15145,0.25524601340293884
test_15146,0.2029818296432495
test_15147,0.04607076942920685
test_15148,0.1992424577474594
test_15149,0.015170770697295666
test_15150,0.2827198803424835
test_15151,0.016454355791211128
test_15152,0.28875261545181274
test_15153,0.353456050157547
test_15154,0.09473512321710587
test_15155,0.3930772840976715
test_15156,0.08558367937803268
test_15157,0.2153235673904419
test_15158,0.0125187449157238
test_15159,0.0120199890807271
test_15160,0.5307705402374268
test_15161,0.6505631804466248
test_15162,0.2612232565879822
test_15163,0.0018824745202437043
test_15164,0.151632159948349
test_15165,0.03937375918030739
test_15166,0.02006230503320694
test_15167,0.4202254116535187
test_15168,0.016806893050670624
test_15169,0.10312820225954056
test_15170,0.2963641881942749
test_15171,0.31166160106658936
test_15172,0.4663911461830139
test_15173,0.13304662704467773
test_15174,0.1468926966190338
test_15175,0.38398370146751404
test_15176,0.3255275785923004
test_15177,0.06981159746646881
test_15178,0.003969848155975342
test_15179,0.4542878270149231
test_15180,0.08484967052936554
test_15181,0.0001595325447851792
test_15182,0.5433778762817383
test_15183,0.00748163228854537
test_15184,0.23944532871246338
test_15185,0.785746157169342
test_15186,0.28000491857528687
test_15187,0.4283353090286255
test_15188,0.34021881222724915
test_15189,0.5491563081741333
test_15190,0.00024312364985235035
test_15191,0.10050380229949951
test_15192,0.5028702020645142
test_15193,0.4838161766529083
test_15194,0.2273799329996109
test_15195,9.962556941900402e-05
test_15196,0.36272332072257996
test_15197,0.13860739767551422
test_15198,0.10992131382226944
test_15199,0.2250547558069229
test_15200,0.0005164836766198277
test_15201,0.3582054078578949
test_15202,0.3992480933666229
test_15203,0.004099253565073013
test_15204,0.20980705320835114
test_15205,0.4881496727466583
test_15206,0.2944025695323944
test_15207,0.18497318029403687
test_15208,0.27219319343566895
test_15209,0.011419103480875492
test_15210,0.08107002824544907
test_15211,0.23830774426460266
test_15212,0.0034514267463237047
test_15213,0.41189780831336975
test_15214,0.3262787461280823
test_15215,0.5364593267440796
test_15216,0.6547743678092957
test_15217,0.31932157278060913
test_15218,0.08565457165241241
test_15219,0.07715605944395065
test_15220,0.23856039345264435
test_15221,0.10177026689052582
test_15222,0.18353013694286346
test_15223,0.3364420533180237
test_15224,0.008208167739212513
test_15225,0.2856315076351166
test_15226,0.0645737275481224
test_15227,8.929686737246811e-05
test_15228,0.12895430624485016
test_15229,0.01919570192694664
test_15230,0.48322948813438416
test_15231,0.013262731954455376
test_15232,0.004916985519230366
test_15233,0.08542870730161667
test_15234,0.33306369185447693
test_15235,0.3724040687084198
test_15236,0.47366055846214294
test_15237,0.11864718049764633
test_15238,0.48093947768211365
test_15239,0.02783207781612873
test_15240,0.4372369647026062
test_15241,0.276010662317276
test_15242,9.627990948501974e-05
test_15243,0.29521048069000244
test_15244,0.03199173882603645
test_15245,0.8945341110229492
test_15246,0.10743891447782516
test_15247,0.2947496175765991
test_15248,0.2542756199836731
test_15249,0.2457042932510376
test_15250,0.20935511589050293
test_15251,0.3274094760417938
test_15252,0.4005241394042969
test_15253,0.24636788666248322
test_15254,0.17622938752174377
test_15255,0.00023114783107303083
test_15256,0.004037734121084213
test_15257,0.5969297289848328
test_15258,7.95979067333974e-05
test_15259,0.08526609092950821
test_15260,0.0018276689806953073
test_15261,0.6054942011833191
test_15262,0.15258251130580902
test_15263,0.15789662301540375
test_15264,0.00016029374091885984
test_15265,0.04851924628019333
test_15266,0.3203553259372711
test_15267,0.17784230411052704
test_15268,0.0014247389044612646
test_15269,0.6315540671348572
test_15270,0.3547891676425934
test_15271,0.06127668917179108
test_15272,0.8112415075302124
test_15273,0.3653317093849182
test_15274,0.3817254602909088
test_15275,0.28993305563926697
test_15276,0.4542939066886902
test_15277,0.031846899539232254
test_15278,0.5065584182739258
test_15279,0.29450878500938416
test_15280,0.3721199035644531
test_15281,0.0002632993273437023
test_15282,0.2614690065383911
test_15283,0.3356553912162781
test_15284,0.4734479784965515
test_15285,0.5655562877655029
test_15286,0.4996766746044159
test_15287,0.3641756772994995
test_15288,0.2960650324821472
test_15289,0.3425530791282654
test_15290,0.005648509133607149
test_15291,0.05794909596443176
test_15292,0.39361682534217834
test_15293,0.25420933961868286
test_15294,0.0893792062997818
test_15295,0.6030145883560181
test_15296,0.11939142644405365
test_15297,0.14983727037906647
test_15298,0.1648520678281784
test_15299,0.0005089325713925064
test_15300,0.008297532796859741
test_15301,0.006363953463733196
test_15302,0.04102832078933716
test_15303,0.4426093101501465
test_15304,0.014277538284659386
test_15305,0.13844282925128937
test_15306,0.38239309191703796
test_15307,0.23177683353424072
test_15308,0.17297081649303436
test_15309,0.021397432312369347
test_15310,0.07053545862436295
test_15311,0.2932909429073334
test_15312,1.9350129605300026e-06
test_15313,0.22685281932353973
test_15314,0.18120573461055756
test_15315,0.2552824318408966
test_15316,0.10762539505958557
test_15317,0.11167212575674057
test_15318,0.12733036279678345
test_15319,0.007383390329778194
test_15320,0.31585556268692017
test_15321,0.298686146736145
test_15322,0.14073863625526428
test_15323,0.15873496234416962
test_15324,0.19891004264354706
test_15325,0.15558449923992157
test_15326,0.2587617039680481
test_15327,0.3506808876991272
test_15328,0.13938163220882416
test_15329,0.08576568216085434
test_15330,1.0490953172848094e-05
test_15331,0.42545807361602783
test_15332,0.19559092819690704
test_15333,7.419713801937178e-05
test_15334,0.02040012925863266
test_15335,0.05910269916057587
test_15336,0.5977418422698975
test_15337,0.01406671479344368
test_15338,5.708298340323381e-05
test_15339,0.12463690340518951
test_15340,0.28015008568763733
test_15341,0.5022062659263611
test_15342,0.25301259756088257
test_15343,0.00034753361251205206
test_15344,0.3114023804664612
test_15345,0.1600136160850525
test_15346,0.05226017162203789
test_15347,0.09047403931617737
test_15348,0.01685583032667637
test_15349,0.3236287236213684
test_15350,0.0004969635047018528
test_15351,0.030085857957601547
test_15352,0.0814637765288353
test_15353,0.45610493421554565
test_15354,0.3612744212150574
test_15355,0.2900010943412781
test_15356,0.1290614753961563
test_15357,0.11362745612859726
test_15358,0.3601711392402649
test_15359,0.44706839323043823
test_15360,0.07529288530349731
test_15361,0.2992020547389984
test_15362,0.1886841505765915
test_15363,0.20845931768417358
test_15364,0.4578661024570465
test_15365,0.344169020652771
test_15366,0.03261697292327881
test_15367,0.5348322987556458
test_15368,0.47752612829208374
test_15369,0.45987433195114136
test_15370,0.24972085654735565
test_15371,0.024285584688186646
test_15372,7.010254421402351e-08
test_15373,0.5035761594772339
test_15374,0.15553049743175507
test_15375,0.09819939732551575
test_15376,0.3438696265220642
test_15377,0.5184414386749268
test_15378,0.05182656645774841
test_15379,0.34245389699935913
test_15380,3.5667031625052914e-05
test_15381,0.3655976355075836
test_15382,0.08629732578992844
test_15383,0.1077873706817627
test_15384,0.328006386756897
test_15385,0.3154049217700958
test_15386,0.26741325855255127
test_15387,0.7840166687965393
test_15388,0.046290598809719086
test_15389,0.1459638774394989
test_15390,0.15369878709316254
test_15391,0.04101608321070671
test_15392,0.49026644229888916
test_15393,0.5534977912902832
test_15394,0.001073662657290697
test_15395,0.00745113380253315
test_15396,0.0005288550164550543
test_15397,0.39284154772758484
test_15398,0.3725532591342926
test_15399,0.20237232744693756
test_15400,0.03215187415480614
test_15401,0.021565144881606102
test_15402,0.39457446336746216
test_15403,0.00021113574621267617
test_15404,0.31732070446014404
test_15405,0.6147390007972717
test_15406,0.423973947763443
test_15407,0.34287941455841064
test_15408,0.29592543840408325
test_15409,0.29919010400772095
test_15410,0.134879007935524
test_15411,0.47606024146080017
test_15412,0.36727261543273926
test_15413,0.8965619802474976
test_15414,0.7377637624740601
test_15415,0.17201967537403107
test_15416,0.0004046866961289197
test_15417,0.17614397406578064
test_15418,0.14636215567588806
test_15419,0.624779462814331
test_15420,0.14237765967845917
test_15421,0.23207779228687286
test_15422,0.12090234458446503
test_15423,0.04257166013121605
test_15424,0.467144638299942
test_15425,0.6425592303276062
test_15426,0.47854283452033997
test_15427,0.13514551520347595
test_15428,0.31215259432792664
test_15429,0.12892290949821472
test_15430,0.4398277997970581
test_15431,0.17476485669612885
test_15432,0.00035984793794341385
test_15433,0.01338093914091587
test_15434,0.08325482904911041
test_15435,0.43857118487358093
test_15436,0.06905035674571991
test_15437,0.2808609902858734
test_15438,0.17410893738269806
test_15439,0.3618898391723633
test_15440,0.11774212121963501
test_15441,0.5950629711151123
test_15442,0.0021308620925992727
test_15443,0.20711302757263184
test_15444,0.17004959285259247
test_15445,0.5248883366584778
test_15446,0.2910887897014618
test_15447,0.17920441925525665
test_15448,0.2993287146091461
test_15449,0.16133151948451996
test_15450,0.5440278649330139
test_15451,0.054341837763786316
test_15452,0.08092685043811798
test_15453,0.6670126914978027
test_15454,0.2882061004638672
test_15455,0.6746604442596436
test_15456,0.010230460204184055
test_15457,0.3673069477081299
test_15458,0.31916043162345886
test_15459,0.06921754032373428
test_15460,0.3699217140674591
test_15461,0.5310474634170532
test_15462,0.39774027466773987
test_15463,0.00047203231952153146
test_15464,0.006634104996919632
test_15465,0.07495708763599396
test_15466,0.463396281003952
test_15467,0.17916923761367798
test_15468,0.36603736877441406
test_15469,4.0860471926862374e-05
test_15470,0.02239285036921501
test_15471,0.040260352194309235
test_15472,0.0004101052472833544
test_15473,0.35108309984207153
test_15474,0.2006004899740219
test_15475,0.3585703372955322
test_15476,0.009961942210793495
test_15477,0.5546104907989502
test_15478,0.2915347218513489
test_15479,0.1879158467054367
test_15480,0.34724053740501404
test_15481,0.29620081186294556
test_15482,0.00057504593860358
test_15483,0.036840327084064484
test_15484,0.06474725157022476
test_15485,0.3270926773548126
test_15486,0.4607996940612793
test_15487,0.0014201359590515494
test_15488,0.4076251983642578
test_15489,0.04212478920817375
test_15490,0.1910126954317093
test_15491,0.04882939159870148
test_15492,0.0007701240247115493
test_15493,0.0031904110219329596
test_15494,0.3830922544002533
test_15495,0.04153785482048988
test_15496,0.28183117508888245
test_15497,0.002111581852659583
test_15498,0.24119777977466583
test_15499,0.16121409833431244
test_15500,0.0017370095010846853
test_15501,0.023891989141702652
test_15502,0.003024033270776272
test_15503,0.684368371963501
test_15504,0.2852731943130493
test_15505,0.6834520101547241
test_15506,0.03106982447206974
test_15507,0.007064376957714558
test_15508,0.12065273523330688
test_15509,0.0025772599037736654
test_15510,0.004198207054287195
test_15511,0.03374336287379265
test_15512,0.0009308733278885484
test_15513,0.314225971698761
test_15514,0.0358082540333271
test_15515,0.27629825472831726
test_15516,0.5450888276100159
test_15517,0.26949307322502136
test_15518,0.010438788682222366
test_15519,0.746792733669281
test_15520,0.0005915595102123916
test_15521,0.050337642431259155
test_15522,0.30458641052246094
test_15523,0.24319599568843842
test_15524,0.03770086169242859
test_15525,0.024605179205536842
test_15526,0.05525633692741394
test_15527,0.010585165582597256
test_15528,5.020090247853659e-05
test_15529,0.28150808811187744
test_15530,0.07333064079284668
test_15531,0.2534240186214447
test_15532,0.294276624917984
test_15533,0.0354321151971817
test_15534,0.11998395621776581
test_15535,0.0001279275311389938
test_15536,0.16142404079437256
test_15537,0.41675740480422974
test_15538,0.286891371011734
test_15539,0.0477672703564167
test_15540,0.0005883998819626868
test_15541,0.4132789969444275
test_15542,0.2819679379463196
test_15543,0.43758609890937805
test_15544,0.14891578257083893
test_15545,0.022306164726614952
test_15546,0.0906856507062912
test_15547,0.013228446245193481
test_15548,0.01824997551739216
test_15549,0.31878939270973206
test_15550,0.21096912026405334
test_15551,0.00036235179868526757
test_15552,0.00010270813800161704
test_15553,0.5613126754760742
test_15554,0.020506739616394043
test_15555,0.6303672194480896
test_15556,0.35843801498413086
test_15557,0.0055128177627921104
test_15558,0.010864711366593838
test_15559,0.4042266309261322
test_15560,0.26824334263801575
test_15561,0.1420527696609497
test_15562,0.06325218826532364
test_15563,0.3864559531211853
test_15564,0.019644983112812042
test_15565,0.3299950361251831
test_15566,0.0015306525165215135
test_15567,0.00030744425021111965
test_15568,0.3500523269176483
test_15569,0.0862286388874054
test_15570,0.04877069965004921
test_15571,0.7855806946754456
test_15572,0.001188634429126978
test_15573,0.18099361658096313
test_15574,0.3284531235694885
test_15575,0.4265241026878357
test_15576,0.02096933126449585
test_15577,0.2904072105884552
test_15578,0.6514325141906738
test_15579,0.3081730902194977
test_15580,0.2085474580526352
test_15581,0.0021744994446635246
test_15582,0.47191277146339417
test_15583,0.24787993729114532
test_15584,0.010793998837471008
test_15585,0.1831943541765213
test_15586,0.2327374964952469
test_15587,0.6439870595932007
test_15588,0.11284133046865463
test_15589,0.1828998476266861
test_15590,7.60916734066086e-08
test_15591,0.0014949567848816514
test_15592,0.2504936456680298
test_15593,0.3357306122779846
test_15594,0.23765835165977478
test_15595,0.015355635434389114
test_15596,0.120260089635849
test_15597,0.4073507785797119
test_15598,0.47215723991394043
test_15599,0.006582006812095642
test_15600,0.478644996881485
test_15601,0.002080067526549101
test_15602,4.3784111767308787e-05
test_15603,0.338213175535202
test_15604,0.34176895022392273
test_15605,0.14675304293632507
test_15606,0.1628292053937912
test_15607,0.36065152287483215
test_15608,0.20044328272342682
test_15609,0.8464627265930176
test_15610,0.04445886239409447
test_15611,0.1730162352323532
test_15612,0.9796411991119385
test_15613,0.21521800756454468
test_15614,0.46822214126586914
test_15615,0.4205563962459564
test_15616,0.3029259741306305
test_15617,0.41709384322166443
test_15618,0.2372586578130722
test_15619,0.555835485458374
test_15620,0.250891774892807
test_15621,0.03719383478164673
test_15622,0.013415184803307056
test_15623,0.042751800268888474
test_15624,0.06289243698120117
test_15625,0.17437267303466797
test_15626,0.4281444251537323
test_15627,0.4447636604309082
test_15628,0.22595088183879852
test_15629,0.33937010169029236
test_15630,0.03811303526163101
test_15631,0.37140795588493347
test_15632,0.2730933427810669
test_15633,0.26263564825057983
test_15634,0.006943896878510714
test_15635,0.0002007553557632491
test_15636,0.21589285135269165
test_15637,0.4785974323749542
test_15638,0.07323875278234482
test_15639,0.29049941897392273
test_15640,0.21107609570026398
test_15641,0.5505503416061401
test_15642,0.2405681312084198
test_15643,0.44539183378219604
test_15644,0.0006022330489940941
test_15645,0.019106755033135414
test_15646,0.030564622953534126
test_15647,0.08783173561096191
test_15648,0.5436559319496155
test_15649,0.03564802557229996
test_15650,0.04521648958325386
test_15651,0.07855132222175598
test_15652,0.23613111674785614
test_15653,0.013932926580309868
test_15654,0.24033625423908234
test_15655,0.0776207447052002
test_15656,0.48248547315597534
test_15657,0.2637917697429657
test_15658,0.2454281896352768
test_15659,0.2418246865272522
test_15660,0.20150920748710632
test_15661,0.002985300263389945
test_15662,0.19068607687950134
test_15663,0.3747357726097107
test_15664,0.024580279365181923
test_15665,0.24236148595809937
test_15666,0.6997053027153015
test_15667,0.04376591369509697
test_15668,0.3865039348602295
test_15669,0.005319973453879356
test_15670,0.47224611043930054
test_15671,0.034884802997112274
test_15672,0.02830726094543934
test_15673,0.03545559570193291
test_15674,0.30504944920539856
test_15675,0.28192248940467834
test_15676,0.031527288258075714
test_15677,9.331615729024634e-07
test_15678,0.49798789620399475
test_15679,0.582785427570343
test_15680,0.3417190611362457
test_15681,0.0005204168264754117
test_15682,0.1787915676832199
test_15683,0.0676334798336029
test_15684,0.2515350878238678
test_15685,0.05294577777385712
test_15686,0.1014191061258316
test_15687,0.43309053778648376
test_15688,0.23767448961734772
test_15689,0.1984914392232895
test_15690,0.04988100007176399
test_15691,1.7031910829246044e-05
test_15692,0.012055403552949429
test_15693,0.44970259070396423
test_15694,0.16389113664627075
test_15695,0.34125185012817383
test_15696,0.2772049009799957
test_15697,0.1139143854379654
test_15698,0.055413778871297836
test_15699,0.04420091584324837
test_15700,0.20128262042999268
test_15701,0.26214364171028137
test_15702,0.16637398302555084
test_15703,0.11629340797662735
test_15704,0.14203175902366638
test_15705,0.21435298025608063
test_15706,0.3316172957420349
test_15707,0.6395750641822815
test_15708,0.08545640856027603
test_15709,0.9798365235328674
test_15710,0.006662256550043821
test_15711,0.2903102934360504
test_15712,0.2740096151828766
test_15713,0.01293779257684946
test_15714,0.041159775108098984
test_15715,0.005317161325365305
test_15716,0.1446862369775772
test_15717,1.2292768587940373e-05
test_15718,0.43364372849464417
test_15719,0.011607187800109386
test_15720,0.05997662991285324
test_15721,0.3599686622619629
test_15722,0.148614302277565
test_15723,0.3819482624530792
test_15724,0.11749797314405441
test_15725,0.04115398973226547
test_15726,0.17942069470882416
test_15727,0.003907845821231604
test_15728,0.3458681106567383
test_15729,0.42135950922966003
test_15730,0.2874061167240143
test_15731,0.035459958016872406
test_15732,0.3909127414226532
test_15733,0.0034748257603496313
test_15734,0.0033778096549212933
test_15735,0.20648905634880066
test_15736,0.03783487528562546
test_15737,0.6479716300964355
test_15738,0.21701030433177948
test_15739,0.11041092872619629
test_15740,0.0005195692647248507
test_15741,0.11735404282808304
test_15742,0.4360017776489258
test_15743,0.03473009541630745
test_15744,0.6654610633850098
test_15745,0.7151505947113037
test_15746,0.9376311302185059
test_15747,0.7624565362930298
test_15748,0.3941583037376404
test_15749,0.0224362313747406
test_15750,0.017996979877352715
test_15751,0.04356991872191429
test_15752,0.29060402512550354
test_15753,0.39804109930992126
test_15754,0.1240885779261589
test_15755,0.4848157465457916
test_15756,0.08833451569080353
test_15757,0.0015091132372617722
test_15758,0.233632430434227
test_15759,0.03707565739750862
test_15760,0.2410106211900711
test_15761,0.0556965097784996
test_15762,0.3664472997188568
test_15763,0.24078702926635742
test_15764,0.8228996992111206
test_15765,0.11192178726196289
test_15766,0.08687988668680191
test_15767,0.869884729385376
test_15768,0.21610002219676971
test_15769,0.010386466979980469
test_15770,0.47041571140289307
test_15771,0.2555345296859741
test_15772,0.01654510572552681
test_15773,0.059097982943058014
test_15774,0.1896357536315918
test_15775,0.27955368161201477
test_15776,0.003936328925192356
test_15777,0.43061545491218567
test_15778,5.941918061580509e-05
test_15779,0.4947875440120697
test_15780,0.3918062448501587
test_15781,0.168598011136055
test_15782,0.7437837719917297
test_15783,0.5475990772247314
test_15784,0.4535042643547058
test_15785,0.10008145123720169
test_15786,0.4481752812862396
test_15787,0.5266681909561157
test_15788,0.3864668607711792
test_15789,0.04075080156326294
test_15790,0.3301909565925598
test_15791,0.14953456819057465
test_15792,0.8541491031646729
test_15793,0.1949349194765091
test_15794,0.34629228711128235
test_15795,0.0031367854680866003
test_15796,0.4645579755306244
test_15797,0.05149003863334656
test_15798,0.2909736633300781
test_15799,0.19170166552066803
test_15800,0.044648122042417526
test_15801,0.1639663279056549
test_15802,0.16559998691082
test_15803,0.07040189951658249
test_15804,0.38331857323646545
test_15805,0.2839469313621521
test_15806,0.001702824723906815
test_15807,0.4262098968029022
test_15808,0.3072766065597534
test_15809,0.11633484810590744
test_15810,0.010975171811878681
test_15811,0.3300500512123108
test_15812,0.1857983022928238
test_15813,0.2651993930339813
test_15814,0.019528914242982864
test_15815,0.27731576561927795
test_15816,0.00019827965297736228
test_15817,0.09350097179412842
test_15818,0.04287946969270706
test_15819,0.38786232471466064
test_15820,0.0051301573403179646
test_15821,0.2870934307575226
test_15822,0.6525400876998901
test_15823,0.09188084304332733
test_15824,0.08777648955583572
test_15825,0.054244931787252426
test_15826,0.07672398537397385
test_15827,0.26796624064445496
test_15828,0.2672717869281769
test_15829,0.10811159759759903
test_15830,0.00046122935600578785
test_15831,0.00010410258983029053
test_15832,0.23381216824054718
test_15833,0.01508385967463255
test_15834,0.1531367152929306
test_15835,0.006646308116614819
test_15836,0.739761233329773
test_15837,0.33048298954963684
test_15838,0.14644533395767212
test_15839,0.46898168325424194
test_15840,0.5264114141464233
test_15841,0.016345355659723282
test_15842,0.004980872850865126
test_15843,0.009339027106761932
test_15844,0.2168118804693222
test_15845,0.4587412178516388
test_15846,0.512127697467804
test_15847,0.04784085601568222
test_15848,0.06687591969966888
test_15849,0.05491244047880173
test_15850,0.16131234169006348
test_15851,0.24040557444095612
test_15852,0.02195436879992485
test_15853,0.018342478200793266
test_15854,0.0751006156206131
test_15855,0.536119818687439
test_15856,0.5486325621604919
test_15857,1.5047529586809105e-06
test_15858,0.3418464958667755
test_15859,0.028054095804691315
test_15860,0.0004725563630927354
test_15861,0.12370923161506653
test_15862,4.707262178271776e-06
test_15863,0.015137017704546452
test_15864,0.10914904624223709
test_15865,0.12837572395801544
test_15866,0.4352404773235321
test_15867,2.2283044017967768e-05
test_15868,0.16833281517028809
test_15869,0.15066219866275787
test_15870,2.445572317810729e-05
test_15871,0.4555327296257019
test_15872,0.2894302308559418
test_15873,0.0004380470491014421
test_15874,0.13161365687847137
test_15875,0.0041304947808384895
test_15876,0.00010656371887307614
test_15877,9.144286195805762e-06
test_15878,0.3078904449939728
test_15879,0.005136337596923113
test_15880,0.013891021721065044
test_15881,3.90854694387599e-07
test_15882,0.0003873697714880109
test_15883,0.026021571829915047
test_15884,0.6575689315795898
test_15885,0.2488645315170288
test_15886,0.0027990483213216066
test_15887,0.5936737060546875
test_15888,0.17113648355007172
test_15889,0.15956895053386688
test_15890,0.34406909346580505
test_15891,0.335798054933548
test_15892,0.010551594197750092
test_15893,0.4795830547809601
test_15894,0.14115217328071594
test_15895,0.3961013853549957
test_15896,0.3975202143192291
test_15897,0.02478133514523506
test_15898,0.1256154328584671
test_15899,0.09338060021400452
test_15900,0.0060763731598854065
test_15901,0.22559724748134613
test_15902,0.19728724658489227
test_15903,0.3626113831996918
test_15904,0.020461948588490486
test_15905,0.32122448086738586
test_15906,0.0028726973105221987
test_15907,0.2028397023677826
test_15908,0.0727679505944252
test_15909,0.22568996250629425
test_15910,0.37862297892570496
test_15911,0.1861799955368042
test_15912,0.42583349347114563
test_15913,0.11843641847372055
test_15914,0.2914344072341919
test_15915,0.01560712419450283
test_15916,0.09250623732805252
test_15917,0.37727341055870056
test_15918,0.048588745296001434
test_15919,0.1699649542570114
test_15920,0.4040612578392029
test_15921,0.5549870729446411
test_15922,0.4475502371788025
test_15923,0.19158688187599182
test_15924,1.0059991836897098e-05
test_15925,0.3394165337085724
test_15926,0.3413877785205841
test_15927,0.35760071873664856
test_15928,0.15515486896038055
test_15929,0.14332005381584167
test_15930,0.21852098405361176
test_15931,0.41254550218582153
test_15932,0.09382504969835281
test_15933,0.0539662204682827
test_15934,0.0034771827049553394
test_15935,0.3927457630634308
test_15936,0.3649778664112091
test_15937,0.2590508759021759
test_15938,0.000497670320328325
test_15939,0.12632164359092712
test_15940,0.29270562529563904
test_15941,0.6345415711402893
test_15942,0.06353708356618881
test_15943,0.33200734853744507
test_15944,0.30998021364212036
test_15945,0.38181906938552856
test_15946,0.2233169674873352
test_15947,0.4421311020851135
test_15948,0.05163772404193878
test_15949,0.021762790158391
test_15950,0.13799245655536652
test_15951,1.1838023056043312e-05
test_15952,0.13079601526260376
test_15953,0.469256728887558
test_15954,0.8170046806335449
test_15955,0.056665897369384766
test_15956,0.4627031981945038
test_15957,0.0002537885739002377
test_15958,0.17170484364032745
test_15959,0.586889922618866
test_15960,0.02267647534608841
test_15961,0.015593848191201687
test_15962,0.0018538656877353787
test_15963,0.29922351241111755
test_15964,0.7756452560424805
test_15965,0.05704726651310921
test_15966,0.025546889752149582
test_15967,0.006437898147851229
test_15968,0.07046815007925034
test_15969,0.05379435420036316
test_15970,0.16359449923038483
test_15971,4.319887011661194e-05
test_15972,0.0019444255158305168
test_15973,0.15663443505764008
test_15974,0.21931181848049164
test_15975,0.2979643940925598
test_15976,0.6420665383338928
test_15977,0.23101817071437836
test_15978,0.10600172728300095
test_15979,0.5065770149230957
test_15980,0.524220883846283
test_15981,0.043003760278224945
test_15982,0.00011987602920271456
test_15983,0.43221500515937805
test_15984,0.317033052444458
test_15985,0.0002532831276766956
test_15986,0.04466945305466652
test_15987,0.0007934406166896224
test_15988,0.8121297955513
test_15989,0.6156938076019287
test_15990,0.502818763256073
test_15991,0.625447690486908
test_15992,0.002680137986317277
test_15993,0.29227685928344727
test_15994,0.013413512147963047
test_15995,0.30371418595314026
test_15996,0.542104184627533
test_15997,0.3504193127155304
test_15998,0.221917062997818
test_15999,0.08706057071685791
test_16000,0.00040964363142848015
test_16001,0.1349000483751297
test_16002,0.0005528595065698028
test_16003,0.3783227801322937
test_16004,0.008612729609012604
test_16005,0.00010465498780831695
test_16006,0.05184962972998619
test_16007,0.47454553842544556
test_16008,0.23416905105113983
test_16009,0.2712330222129822
test_16010,0.27320754528045654
test_16011,0.0406925268471241
test_16012,0.0002412265894236043
test_16013,0.11182606220245361
test_16014,0.1214241236448288
test_16015,0.1575043946504593
test_16016,0.3082095682621002
test_16017,0.19515348970890045
test_16018,0.3932909369468689
test_16019,0.0037755353841930628
test_16020,0.29207026958465576
test_16021,0.08392194658517838
test_16022,0.17619498074054718
test_16023,0.014148089103400707
test_16024,0.00010400425526313484
test_16025,0.0032287868671119213
test_16026,0.004214267246425152
test_16027,0.16299523413181305
test_16028,0.0005433536716736853
test_16029,3.9881102566141635e-05
test_16030,0.06619211286306381
test_16031,0.32410502433776855
test_16032,0.04908769205212593
test_16033,0.03693841025233269
test_16034,0.5417777299880981
test_16035,0.012232013046741486
test_16036,2.8301443308009766e-05
test_16037,0.2291559875011444
test_16038,0.002026754431426525
test_16039,0.07944956421852112
test_16040,0.019562818109989166
test_16041,0.2792588472366333
test_16042,0.28055432438850403
test_16043,0.24351108074188232
test_16044,0.42542722821235657
test_16045,0.6862066388130188
test_16046,0.22591979801654816
test_16047,0.22316449880599976
test_16048,0.23076029121875763
test_16049,0.2004106491804123
test_16050,0.7028727531433105
test_16051,0.3391179144382477
test_16052,2.8112447125749895e-06
test_16053,0.04060941934585571
test_16054,0.0021101797465234995
test_16055,1.6040517948567867e-05
test_16056,0.3346828818321228
test_16057,0.10636042058467865
test_16058,0.1802673637866974
test_16059,0.6429582238197327
test_16060,0.19532597064971924
test_16061,0.06075678765773773
test_16062,0.24507014453411102
test_16063,0.004617457743734121
test_16064,0.008753225207328796
test_16065,0.334272176027298
test_16066,0.03709684684872627
test_16067,0.4761965572834015
test_16068,0.004552533850073814
test_16069,0.306425005197525
test_16070,0.1707456409931183
test_16071,0.23351959884166718
test_16072,0.039881352335214615
test_16073,3.29645918100141e-05
test_16074,0.0988452360033989
test_16075,0.12686945497989655
test_16076,0.2977558374404907
test_16077,0.5175485610961914
test_16078,0.11518705636262894
test_16079,0.7075522541999817
test_16080,0.13240721821784973
test_16081,0.06919916719198227
test_16082,0.026978440582752228
test_16083,0.22543275356292725
test_16084,0.00018147258379030973
test_16085,0.029947223141789436
test_16086,0.8733202815055847
test_16087,0.005281934980303049
test_16088,0.00046005696640349925
test_16089,0.3361254036426544
test_16090,0.4097437560558319
test_16091,0.06288858503103256
test_16092,0.012274565175175667
test_16093,0.14141908288002014
test_16094,0.5028243064880371
test_16095,0.5225453972816467
test_16096,0.5153231024742126
test_16097,0.06770478934049606
test_16098,0.09784707427024841
test_16099,0.35625872015953064
test_16100,0.101697638630867
test_16101,0.03053102269768715
test_16102,0.31294718384742737
test_16103,0.6846137642860413
test_16104,0.03886483237147331
test_16105,0.16196537017822266
test_16106,0.16609100997447968
test_16107,0.4391672909259796
test_16108,0.23441274464130402
test_16109,0.011515360325574875
test_16110,0.05123624578118324
test_16111,0.5481472015380859
test_16112,0.5686291456222534
test_16113,0.6876596808433533
test_16114,0.004508763086050749
test_16115,0.06093144044280052
test_16116,0.37089258432388306
test_16117,0.09031632542610168
test_16118,0.1444978564977646
test_16119,0.38081949949264526
test_16120,0.00019852936384268105
test_16121,0.5918244123458862
test_16122,0.007184877526015043
test_16123,0.07130838930606842
test_16124,0.3340971767902374
test_16125,0.6258711814880371
test_16126,0.33514028787612915
test_16127,0.025623807683587074
test_16128,0.10317057371139526
test_16129,0.2632005512714386
test_16130,0.06618483364582062
test_16131,0.29011964797973633
test_16132,0.002038803417235613
test_16133,0.03925385698676109
test_16134,0.8104197382926941
test_16135,0.39319729804992676
test_16136,0.0006191732245497406
test_16137,0.19387610256671906
test_16138,0.0020924371201545
test_16139,0.36840638518333435
test_16140,0.19611772894859314
test_16141,0.026280289515852928
test_16142,0.19628769159317017
test_16143,0.219893679022789
test_16144,0.5131256580352783
test_16145,0.01732414774596691
test_16146,0.0019468830432742834
test_16147,0.04588323086500168
test_16148,0.21918053925037384
test_16149,0.43964841961860657
test_16150,0.010245773009955883
test_16151,0.306067556142807
test_16152,0.046294037252664566
test_16153,0.0645531713962555
test_16154,0.5540409684181213
test_16155,0.04996297135949135
test_16156,0.3349195718765259
test_16157,0.18905316293239594
test_16158,0.06409657746553421
test_16159,0.039977751672267914
test_16160,0.08434400707483292
test_16161,0.13177739083766937
test_16162,0.17479324340820312
test_16163,0.19537009298801422
test_16164,0.2748602628707886
test_16165,0.022901741787791252
test_16166,0.00022786183399148285
test_16167,0.39040133357048035
test_16168,0.0521186925470829
test_16169,0.07366058230400085
test_16170,0.2954510748386383
test_16171,0.27643269300460815
test_16172,0.05127623304724693
test_16173,0.3081176280975342
test_16174,0.2507491409778595
test_16175,0.36409273743629456
test_16176,0.014065022580325603
test_16177,0.02705608867108822
test_16178,0.008404015563428402
test_16179,0.00946103222668171
test_16180,0.05352536961436272
test_16181,0.45042166113853455
test_16182,0.011637731455266476
test_16183,0.011058639734983444
test_16184,0.011705012060701847
test_16185,0.4786675274372101
test_16186,0.030674109235405922
test_16187,0.1814412623643875
test_16188,0.11923547834157944
test_16189,0.008646544069051743
test_16190,0.17797917127609253
test_16191,0.34747087955474854
test_16192,0.7876839637756348
test_16193,0.04874160885810852
test_16194,0.12244092673063278
test_16195,0.43758994340896606
test_16196,0.048921771347522736
test_16197,0.889337956905365
test_16198,0.0010942656081169844
test_16199,0.40616005659103394
test_16200,0.2751277685165405
test_16201,0.02301005832850933
test_16202,0.5101932287216187
test_16203,0.2380516529083252
test_16204,0.6274142861366272
test_16205,0.4491727650165558
test_16206,0.10197319835424423
test_16207,0.1031426265835762
test_16208,0.005955984815955162
test_16209,0.21240466833114624
test_16210,0.6050030589103699
test_16211,0.8380109071731567
test_16212,0.5196641087532043
test_16213,0.008350667543709278
test_16214,9.893955575535074e-05
test_16215,0.11646677553653717
test_16216,0.4192335307598114
test_16217,0.003421362489461899
test_16218,0.03383062034845352
test_16219,0.02311897836625576
test_16220,0.06636492162942886
test_16221,0.16427494585514069
test_16222,0.08133778721094131
test_16223,0.41294366121292114
test_16224,0.24799348413944244
test_16225,0.2277233898639679
test_16226,0.3062846064567566
test_16227,0.18700774013996124
test_16228,0.01866682432591915
test_16229,0.27356112003326416
test_16230,0.5458950996398926
test_16231,0.414953351020813
test_16232,0.058705464005470276
test_16233,0.09782705456018448
test_16234,0.3530538082122803
test_16235,0.37773555517196655
test_16236,0.00014115122030489147
test_16237,0.2604324221611023
test_16238,0.23095861077308655
test_16239,0.3238198161125183
test_16240,0.5119965672492981
test_16241,0.01366865262389183
test_16242,0.00613212026655674
test_16243,0.21616248786449432
test_16244,0.510970950126648
test_16245,0.327606737613678
test_16246,0.33535298705101013
test_16247,0.0014261682517826557
test_16248,0.5051783919334412
test_16249,3.426888360991143e-05
test_16250,0.010216718539595604
test_16251,0.006568918004631996
test_16252,0.165999174118042
test_16253,0.23371171951293945
test_16254,0.44911012053489685
test_16255,0.06796695291996002
test_16256,0.2590935230255127
test_16257,0.4069581925868988
test_16258,0.17717744410037994
test_16259,0.5066238641738892
test_16260,0.06675376743078232
test_16261,0.09403359889984131
test_16262,0.10278107225894928
test_16263,0.09030669182538986
test_16264,0.013257952407002449
test_16265,0.03420230746269226
test_16266,0.40137380361557007
test_16267,0.029040873050689697
test_16268,0.6115052103996277
test_16269,0.0002745826495811343
test_16270,0.16175274550914764
test_16271,0.018996089696884155
test_16272,0.9170802235603333
test_16273,0.1979355812072754
test_16274,0.014169915579259396
test_16275,0.16573259234428406
test_16276,0.007122234907001257
test_16277,0.6990599632263184
test_16278,0.20216847956180573
test_16279,0.0002629583759699017
test_16280,0.3432070016860962
test_16281,0.1675877422094345
test_16282,0.4712064862251282
test_16283,0.0009969738312065601
test_16284,0.24235862493515015
test_16285,0.0028402344323694706
test_16286,0.004862604197114706
test_16287,0.16963741183280945
test_16288,0.0030193168204277754
test_16289,0.36650025844573975
test_16290,0.24714317917823792
test_16291,0.09114711731672287
test_16292,0.38860127329826355
test_16293,0.008017536252737045
test_16294,0.01722443662583828
test_16295,0.508364200592041
test_16296,0.3058147132396698
test_16297,0.37858131527900696
test_16298,0.4210970997810364
test_16299,0.24807769060134888
test_16300,0.4247823655605316
test_16301,0.036339424550533295
test_16302,0.00211351178586483
test_16303,0.320975661277771
test_16304,0.24936065077781677
test_16305,0.7628404498100281
test_16306,0.22679665684700012
test_16307,0.11031016707420349
test_16308,0.37994062900543213
test_16309,0.182445228099823
test_16310,0.0107280807569623
test_16311,0.4510994851589203
test_16312,0.4030044972896576
test_16313,0.18646545708179474
test_16314,0.08707527816295624
test_16315,0.08475704491138458
test_16316,0.3968856632709503
test_16317,0.6405022740364075
test_16318,0.7706226110458374
test_16319,0.0715102031826973
test_16320,0.1610141396522522
test_16321,0.0853264331817627
test_16322,0.008530337363481522
test_16323,0.014582598581910133
test_16324,0.31895411014556885
test_16325,0.0024274808820337057
test_16326,0.16610530018806458
test_16327,0.15940555930137634
test_16328,0.2605096995830536
test_16329,0.002008270937949419
test_16330,0.18771927058696747
test_16331,0.125211700797081
test_16332,0.15812380611896515
test_16333,0.5828699469566345
test_16334,0.33374449610710144
test_16335,0.15570969879627228
test_16336,0.16408726572990417
test_16337,0.16727539896965027
test_16338,0.37809041142463684
test_16339,0.09469035267829895
test_16340,0.16989579796791077
test_16341,0.5931484699249268
test_16342,0.3106729984283447
test_16343,0.25232887268066406
test_16344,0.021799417212605476
test_16345,0.2545849084854126
test_16346,0.5220540165901184
test_16347,0.006126656662672758
test_16348,0.286794513463974
test_16349,0.03169533982872963
test_16350,0.23338070511817932
test_16351,0.5781890153884888
test_16352,0.027864152565598488
test_16353,0.016230829060077667
test_16354,0.1453906148672104
test_16355,0.34101220965385437
test_16356,0.04141555353999138
test_16357,0.3898921012878418
test_16358,0.4559185802936554
test_16359,0.17431023716926575
test_16360,0.1444532871246338
test_16361,9.382809366798028e-05
test_16362,0.4921204149723053
test_16363,0.07362320274114609
test_16364,0.36902180314064026
test_16365,0.11031553894281387
test_16366,0.06368225812911987
test_16367,0.2685738503932953
test_16368,0.047418590635061264
test_16369,5.776396847068099e-06
test_16370,0.10625050216913223
test_16371,0.20946194231510162
test_16372,0.03614276647567749
test_16373,0.47453951835632324
test_16374,0.013113955967128277
test_16375,0.019930275157094002
test_16376,0.4314981997013092
test_16377,0.9748730659484863
test_16378,0.16801902651786804
test_16379,0.00019460484327282757
test_16380,0.4629423916339874
test_16381,0.39966779947280884
test_16382,0.04893737658858299
test_16383,0.3784009516239166
test_16384,0.4476250410079956
test_16385,0.0007455410668626428
test_16386,0.36138716340065
test_16387,0.307382196187973
test_16388,0.37143319845199585
test_16389,0.06064167991280556
test_16390,0.897211492061615
test_16391,0.1993413120508194
test_16392,0.3961225748062134
test_16393,0.16477859020233154
test_16394,0.19592954218387604
test_16395,0.03664861246943474
test_16396,0.6196060180664062
test_16397,0.00039293902227655053
test_16398,0.34371358156204224
test_16399,0.005302966572344303
test_16400,0.04707309603691101
test_16401,0.3206068277359009
test_16402,0.005159356165677309
test_16403,0.4326111078262329
test_16404,0.33350151777267456
test_16405,2.366494300076738e-05
test_16406,0.21432507038116455
test_16407,0.15443740785121918
test_16408,0.29845115542411804
test_16409,0.0002393052855040878
test_16410,0.0022378668654710054
test_16411,0.08458144962787628
test_16412,0.1100630983710289
test_16413,0.0004414504219312221
test_16414,0.28465598821640015
test_16415,0.055435024201869965
test_16416,0.5541073679924011
test_16417,0.13333828747272491
test_16418,0.11086142063140869
test_16419,0.026744477450847626
test_16420,5.889504973310977e-05
test_16421,0.6316196918487549
test_16422,0.04207013174891472
test_16423,0.7124652862548828
test_16424,0.185421884059906
test_16425,0.045895542949438095
test_16426,0.20519733428955078
test_16427,0.1947297900915146
test_16428,0.2569456696510315
test_16429,0.724668562412262
test_16430,0.3560825288295746
test_16431,0.015013125725090504
test_16432,0.010067631490528584
test_16433,0.15640570223331451
test_16434,0.08729241043329239
test_16435,0.5207488536834717
test_16436,0.10232973843812943
test_16437,0.46672171354293823
test_16438,0.021385567262768745
test_16439,0.0009427214972674847
test_16440,0.5564928650856018
test_16441,0.18244020640850067
test_16442,0.35555320978164673
test_16443,6.6738757595885545e-06
test_16444,0.4933095872402191
test_16445,0.00541175901889801
test_16446,1.1043935046473052e-05
test_16447,0.11789137870073318
test_16448,0.2909482717514038
test_16449,0.4206332564353943
test_16450,0.5135341286659241
test_16451,0.37549224495887756
test_16452,0.03955402970314026
test_16453,0.5996062755584717
test_16454,0.011517624370753765
test_16455,0.4462151825428009
test_16456,0.24701879918575287
test_16457,0.41191521286964417
test_16458,0.005042695440351963
test_16459,0.3925056457519531
test_16460,4.7313806135207415e-05
test_16461,0.07818262279033661
test_16462,0.2874263525009155
test_16463,0.2943529784679413
test_16464,0.0750725194811821
test_16465,0.0541851632297039
test_16466,0.2187686264514923
test_16467,0.4108475148677826
test_16468,0.04447278007864952
test_16469,0.028183426707983017
test_16470,0.06487996131181717
test_16471,0.3355269134044647
test_16472,0.1350029557943344
test_16473,0.00015959356096573174
test_16474,0.3727077543735504
test_16475,0.3177039623260498
test_16476,0.051898784935474396
test_16477,0.0015803973656147718
test_16478,0.31937891244888306
test_16479,0.1293865591287613
test_16480,0.004925248678773642
test_16481,0.0026166928000748158
test_16482,0.04961147904396057
test_16483,0.09070146083831787
test_16484,0.2922939956188202
test_16485,0.0006292237667366862
test_16486,0.03222617134451866
test_16487,0.30750787258148193
test_16488,0.016447490081191063
test_16489,0.0011405227705836296
test_16490,0.13777326047420502
test_16491,0.0771343931555748
test_16492,0.0008629300282336771
test_16493,0.2920643091201782
test_16494,0.04754604026675224
test_16495,0.06894108653068542
test_16496,0.053927112370729446
test_16497,0.10325116664171219
test_16498,0.2693944275379181
test_16499,0.19914311170578003
test_16500,0.00046827338519506156
test_16501,0.14056460559368134
test_16502,0.08271237462759018
test_16503,0.5296077728271484
test_16504,0.018292635679244995
test_16505,0.29528239369392395
test_16506,0.0052996668964624405
test_16507,0.3861519694328308
test_16508,0.5490239858627319
test_16509,0.29426059126853943
test_16510,0.0012433165684342384
test_16511,0.7709183096885681
test_16512,8.393742609769106e-05
test_16513,0.003214367665350437
test_16514,0.007831878960132599
test_16515,0.2901948094367981
test_16516,0.3024333119392395
test_16517,0.0003591806162148714
test_16518,0.02613256312906742
test_16519,0.8354556560516357
test_16520,0.3092222213745117
test_16521,0.0002041005645878613
test_16522,0.35574963688850403
test_16523,0.2128225415945053
test_16524,0.3912184536457062
test_16525,0.07130388915538788
test_16526,0.14826403558254242
test_16527,0.000630892813205719
test_16528,0.43250662088394165
test_16529,0.1047404557466507
test_16530,0.0005472821067087352
test_16531,0.016423972323536873
test_16532,0.411754310131073
test_16533,0.2732401192188263
test_16534,0.002839194843545556
test_16535,0.018491771072149277
test_16536,0.07681841403245926
test_16537,0.2558331787586212
test_16538,0.4638668894767761
test_16539,0.7899795770645142
test_16540,0.01327610481530428
test_16541,0.0007922012009657919
test_16542,0.2757440209388733
test_16543,0.3315402567386627
test_16544,0.3405672311782837
test_16545,0.043083082884550095
test_16546,0.22803257405757904
test_16547,0.3065885901451111
test_16548,0.1460094451904297
test_16549,0.460349440574646
test_16550,0.4263961911201477
test_16551,0.35108450055122375
test_16552,0.36362525820732117
test_16553,0.3061893582344055
test_16554,0.05118953809142113
test_16555,0.35145309567451477
test_16556,0.15763631463050842
test_16557,0.7468265295028687
test_16558,0.3203282952308655
test_16559,0.02617765963077545
test_16560,0.10705056041479111
test_16561,0.0037943313363939524
test_16562,0.2772575914859772
test_16563,0.24936999380588531
test_16564,0.03402923047542572
test_16565,0.1376141458749771
test_16566,0.11409223824739456
test_16567,0.049084197729825974
test_16568,0.0445830412209034
test_16569,0.22870399057865143
test_16570,0.4586399793624878
test_16571,0.026791123673319817
test_16572,0.12876540422439575
test_16573,0.15699195861816406
test_16574,0.058026544749736786
test_16575,0.002296913880854845
test_16576,0.011941701173782349
test_16577,0.005349942948669195
test_16578,0.674506425857544
test_16579,0.005196733865886927
test_16580,0.13266760110855103
test_16581,1.9263341528130695e-05
test_16582,0.377447247505188
test_16583,0.13557107746601105
test_16584,0.21756792068481445
test_16585,3.4917404263978824e-05
test_16586,0.46585550904273987
test_16587,0.4081849753856659
test_16588,0.18599249422550201
test_16589,0.5804433822631836
test_16590,0.09635383635759354
test_16591,0.42141908407211304
test_16592,0.17298737168312073
test_16593,0.26890119910240173
test_16594,0.08902881294488907
test_16595,0.302848756313324
test_16596,0.25575482845306396
test_16597,0.3060411810874939
test_16598,0.08658415824174881
test_16599,0.5265808701515198
test_16600,0.30573955178260803
test_16601,0.0011152612278237939
test_16602,0.8022649884223938
test_16603,0.36207884550094604
test_16604,0.1182170882821083
test_16605,0.38415446877479553
test_16606,0.06912839412689209
test_16607,0.2932491898536682
test_16608,0.35611656308174133
test_16609,0.6057248115539551
test_16610,0.41112837195396423
test_16611,0.2753235697746277
test_16612,0.006010526325553656
test_16613,0.020992647856473923
test_16614,0.31337714195251465
test_16615,0.03987332805991173
test_16616,0.4496102035045624
test_16617,0.3329102396965027
test_16618,0.239203542470932
test_16619,0.1439957171678543
test_16620,0.007005507126450539
test_16621,0.14150986075401306
test_16622,0.47474390268325806
test_16623,0.32598891854286194
test_16624,0.5218645334243774
test_16625,0.21581481397151947
test_16626,0.08598413318395615
test_16627,0.00032555311918258667
test_16628,0.7103398442268372
test_16629,0.42057934403419495
test_16630,0.004411089234054089
test_16631,0.000506801821757108
test_16632,0.20072534680366516
test_16633,0.019935859367251396
test_16634,0.2328862100839615
test_16635,0.1308591514825821
test_16636,0.25042763352394104
test_16637,0.1712082028388977
test_16638,0.7174503207206726
test_16639,0.37700098752975464
test_16640,0.19404339790344238
test_16641,0.08661652356386185
test_16642,0.16545093059539795
test_16643,0.02579098381102085
test_16644,0.293821781873703
test_16645,0.0154575789347291
test_16646,0.24419544637203217
test_16647,0.06527713686227798
test_16648,0.4446600675582886
test_16649,0.378477543592453
test_16650,0.029528705403208733
test_16651,8.043387060752138e-05
test_16652,0.18714742362499237
test_16653,0.39262282848358154
test_16654,0.2983335852622986
test_16655,0.2779395580291748
test_16656,0.40931516885757446
test_16657,0.16194619238376617
test_16658,0.05528489500284195
test_16659,0.002680575242266059
test_16660,0.4912385046482086
test_16661,0.002986063715070486
test_16662,0.1477629542350769
test_16663,0.2928895652294159
test_16664,0.4615195095539093
test_16665,0.04514055326581001
test_16666,0.6549771428108215
test_16667,0.027992868795990944
test_16668,0.026051118969917297
test_16669,0.009477876126766205
test_16670,0.23572871088981628
test_16671,0.01562848500907421
test_16672,0.5983676910400391
test_16673,0.07366767525672913
test_16674,0.2507917284965515
test_16675,0.014009151607751846
test_16676,0.4304855167865753
test_16677,0.0977746918797493
test_16678,0.3825429081916809
test_16679,0.15246403217315674
test_16680,0.5296792984008789
test_16681,0.05146227777004242
test_16682,0.4100812077522278
test_16683,0.2203020304441452
test_16684,0.0030186809599399567
test_16685,0.0010443789651617408
test_16686,0.15113264322280884
test_16687,0.6001118421554565
test_16688,0.29276999831199646
test_16689,0.28984349966049194
test_16690,0.6728587746620178
test_16691,0.0037054955027997494
test_16692,0.040530361235141754
test_16693,0.18590454757213593
test_16694,0.08273935317993164
test_16695,0.0009556709555909038
test_16696,6.908690556883812e-05
test_16697,0.0017571562202647328
test_16698,0.3406866192817688
test_16699,8.251998224295676e-05
test_16700,0.24726422131061554
test_16701,0.0017167257610708475
test_16702,0.05254560708999634
test_16703,0.022609567269682884
test_16704,0.15527427196502686
test_16705,0.13575011491775513
test_16706,0.3567565381526947
test_16707,0.106800876557827
test_16708,0.28701871633529663
test_16709,0.09800843894481659
test_16710,0.13526341319084167
test_16711,0.33956900238990784
test_16712,0.020247438922524452
test_16713,0.11551440507173538
test_16714,0.08235146850347519
test_16715,0.3301428556442261
test_16716,0.00036083985469304025
test_16717,0.5055007934570312
test_16718,0.10571756958961487
test_16719,0.08626660704612732
test_16720,0.0010296411346644163
test_16721,0.2310696393251419
test_16722,0.7917853593826294
test_16723,0.20184925198554993
test_16724,0.07494306564331055
test_16725,0.2173810601234436
test_16726,0.11634237319231033
test_16727,0.06106572225689888
test_16728,0.09929322451353073
test_16729,0.29354622960090637
test_16730,0.3376246392726898
test_16731,0.006932365242391825
test_16732,0.227633997797966
test_16733,0.02568610943853855
test_16734,0.2919785678386688
test_16735,0.1086096316576004
test_16736,0.2287161648273468
test_16737,0.448586642742157
test_16738,0.20414555072784424
test_16739,0.23635977506637573
test_16740,0.21483048796653748
test_16741,0.03348961099982262
test_16742,0.016323689371347427
test_16743,0.023960992693901062
test_16744,0.29740020632743835
test_16745,0.04517287388443947
test_16746,0.3180620074272156
test_16747,0.4061489999294281
test_16748,0.7799444794654846
test_16749,0.11228100210428238
test_16750,0.21748748421669006
test_16751,0.24307574331760406
test_16752,0.022879578173160553
test_16753,0.0036295249592512846
test_16754,0.04218151047825813
test_16755,0.20890739560127258
test_16756,0.19683735072612762
test_16757,0.0008675977005623281
test_16758,0.4351555407047272
test_16759,0.31535252928733826
test_16760,0.4091212749481201
test_16761,0.005509114824235439
test_16762,0.3423602879047394
test_16763,0.2733559012413025
test_16764,0.11876104772090912
test_16765,0.7063794732093811
test_16766,0.2731129825115204
test_16767,0.011215878650546074
test_16768,0.12297297269105911
test_16769,0.30723628401756287
test_16770,0.20654131472110748
test_16771,0.3289930820465088
test_16772,0.025563746690750122
test_16773,0.28432565927505493
test_16774,0.10623100399971008
test_16775,0.4742388427257538
test_16776,0.5647268295288086
test_16777,0.30515435338020325
test_16778,0.27982980012893677
test_16779,0.001521159429103136
test_16780,0.4036491811275482
test_16781,0.000705032201949507
test_16782,0.5151110291481018
test_16783,0.13317188620567322
test_16784,0.13175146281719208
test_16785,0.3220670819282532
test_16786,0.14687378704547882
test_16787,0.003984556999057531
test_16788,0.3714233338832855
test_16789,0.411994606256485
test_16790,0.4510262906551361
test_16791,0.16396409273147583
test_16792,0.2765137553215027
test_16793,0.015095062553882599
test_16794,0.19007085263729095
test_16795,3.419024506001733e-05
test_16796,0.4675127863883972
test_16797,0.5304190516471863
test_16798,0.058570828288793564
test_16799,0.13486653566360474
test_16800,0.4563649296760559
test_16801,0.6473227739334106
test_16802,0.27255043387413025
test_16803,1.2439460988389328e-05
test_16804,0.039850980043411255
test_16805,0.41547858715057373
test_16806,0.09496517479419708
test_16807,0.12050797045230865
test_16808,0.11359132826328278
test_16809,0.028132706880569458
test_16810,0.10823002457618713
test_16811,0.14323173463344574
test_16812,0.004248522687703371
test_16813,0.012847930192947388
test_16814,0.17327216267585754
test_16815,0.4217730164527893
test_16816,0.00010944375389954075
test_16817,0.012842693366110325
test_16818,0.4215572774410248
test_16819,0.2736133933067322
test_16820,0.00012078535655746236
test_16821,0.29896748065948486
test_16822,0.041477568447589874
test_16823,0.462127149105072
test_16824,0.8353683948516846
test_16825,0.11292748898267746
test_16826,0.2453211098909378
test_16827,0.021878313273191452
test_16828,0.00016599999798927456
test_16829,0.1333751082420349
test_16830,0.2885216474533081
test_16831,0.003998975269496441
test_16832,0.42459508776664734
test_16833,0.09851235896348953
test_16834,0.14414440095424652
test_16835,0.6516280770301819
test_16836,0.3406108617782593
test_16837,0.40342971682548523
test_16838,0.17277100682258606
test_16839,0.1926930546760559
test_16840,0.24789267778396606
test_16841,0.39003464579582214
test_16842,0.3166066110134125
test_16843,5.438976131699746e-07
test_16844,0.5903849005699158
test_16845,0.16162165999412537
test_16846,0.0020511290058493614
test_16847,0.05301210656762123
test_16848,0.8824726939201355
test_16849,0.47786757349967957
test_16850,0.5094445943832397
test_16851,0.0902213305234909
test_16852,0.1933099925518036
test_16853,0.21288920938968658
test_16854,0.008055553771555424
test_16855,0.00019633721967693418
test_16856,0.2639681398868561
test_16857,0.8023970127105713
test_16858,0.008670000359416008
test_16859,6.650741124758497e-05
test_16860,0.07291153818368912
test_16861,0.15646369755268097
test_16862,0.09355191141366959
test_16863,0.0029135867953300476
test_16864,0.5969868302345276
test_16865,0.42802727222442627
test_16866,0.15948130190372467
test_16867,0.07925019413232803
test_16868,0.2519710063934326
test_16869,0.05088519677519798
test_16870,0.2854640781879425
test_16871,0.2277725487947464
test_16872,0.37604913115501404
test_16873,0.0037667325232177973
test_16874,0.2132292538881302
test_16875,0.02245088294148445
test_16876,0.5415163040161133
test_16877,0.03861161321401596
test_16878,0.08889985829591751
test_16879,0.41487836837768555
test_16880,0.004087184555828571
test_16881,0.000250363809755072
test_16882,0.11690381169319153
test_16883,0.08777330070734024
test_16884,0.5564259886741638
test_16885,0.20073489844799042
test_16886,0.01525940839201212
test_16887,0.5639029741287231
test_16888,0.4445919394493103
test_16889,0.6193147301673889
test_16890,0.026702532544732094
test_16891,0.1915873885154724
test_16892,0.01339680701494217
test_16893,0.4541902244091034
test_16894,0.05826311185956001
test_16895,0.10580810904502869
test_16896,0.0076347715221345425
test_16897,0.03450888767838478
test_16898,0.009533515200018883
test_16899,0.08961834758520126
test_16900,0.007168487645685673
test_16901,0.05029869079589844
test_16902,0.3649233877658844
test_16903,0.3938627243041992
test_16904,0.17428478598594666
test_16905,0.0016249825712293386
test_16906,0.38252130150794983
test_16907,0.10954935848712921
test_16908,0.003925805911421776
test_16909,0.20546792447566986
test_16910,0.5386598706245422
test_16911,0.16823245584964752
test_16912,0.008415495976805687
test_16913,0.35185739398002625
test_16914,0.00674977945163846
test_16915,0.4267464578151703
test_16916,0.5529720187187195
test_16917,3.433058637369868e-08
test_16918,0.3919229805469513
test_16919,0.05062418431043625
test_16920,0.44076627492904663
test_16921,0.08575650304555893
test_16922,0.4880709946155548
test_16923,0.4604339301586151
test_16924,0.28219184279441833
test_16925,0.00412167189642787
test_16926,0.05850045755505562
test_16927,0.1442032754421234
test_16928,0.4807004928588867
test_16929,0.2575549781322479
test_16930,0.11337293684482574
test_16931,0.3094496428966522
test_16932,1.2841232091886923e-05
test_16933,0.4015713632106781
test_16934,0.19468554854393005
test_16935,0.21231351792812347
test_16936,0.001270165084861219
test_16937,0.041050203144550323
test_16938,0.5050901770591736
test_16939,0.24636468291282654
test_16940,0.018170103430747986
test_16941,0.21033592522144318
test_16942,0.02746535837650299
test_16943,0.3391661047935486
test_16944,0.005133336875587702
test_16945,0.0005937424139119685
test_16946,0.35881075263023376
test_16947,0.14847742021083832
test_16948,0.2382676750421524
test_16949,0.5261316895484924
test_16950,0.31189918518066406
test_16951,0.3747580349445343
test_16952,0.3722694516181946
test_16953,0.41516396403312683
test_16954,0.19920337200164795
test_16955,0.4802941381931305
test_16956,0.0012605068041011691
test_16957,0.30261942744255066
test_16958,0.4516631066799164
test_16959,0.35777315497398376
test_16960,0.0027365023270249367
test_16961,0.24511036276817322
test_16962,0.009314477443695068
test_16963,0.32018622756004333
test_16964,0.006977688521146774
test_16965,0.3768830895423889
test_16966,0.11350169777870178
test_16967,0.2798411250114441
test_16968,0.03635253757238388
test_16969,0.156063973903656
test_16970,0.26677602529525757
test_16971,0.28620103001594543
test_16972,0.26263800263404846
test_16973,0.09702042490243912
test_16974,0.005144160240888596
test_16975,0.013712436892092228
test_16976,0.04515945538878441
test_16977,0.5823978781700134
test_16978,0.181528702378273
test_16979,0.1355750411748886
test_16980,0.10183113068342209
test_16981,0.3519344627857208
test_16982,8.292299025924876e-05
test_16983,0.9882389307022095
test_16984,0.024845702573657036
test_16985,0.009388057515025139
test_16986,0.3036337196826935
test_16987,0.35429367423057556
test_16988,0.0010298917768523097
test_16989,0.13670186698436737
test_16990,0.377877414226532
test_16991,0.3383448123931885
test_16992,0.004262309055775404
test_16993,0.039234261959791183
test_16994,0.0002745368401519954
test_16995,0.38961517810821533
test_16996,0.4527534246444702
test_16997,0.21472881734371185
test_16998,0.40665408968925476
test_16999,0.6029847264289856
test_17000,0.13416452705860138
test_17001,0.15269991755485535
test_17002,0.4694003164768219
test_17003,4.572913530864753e-05
test_17004,0.26548218727111816
test_17005,0.2693975567817688
test_17006,0.023833060637116432
test_17007,0.3473963141441345
test_17008,0.04663410782814026
test_17009,0.0013187809381633997
test_17010,0.000336552009684965
test_17011,0.33156076073646545
test_17012,0.042769864201545715
test_17013,0.163456529378891
test_17014,0.00016359536675736308
test_17015,0.47741350531578064
test_17016,0.49736329913139343
test_17017,0.24005068838596344
test_17018,0.17285718023777008
test_17019,5.616965381705086e-08
test_17020,0.03454605117440224
test_17021,0.40169039368629456
test_17022,0.02726244553923607
test_17023,0.012042745016515255
test_17024,0.01979696750640869
test_17025,0.18458671867847443
test_17026,0.007641714531928301
test_17027,0.28559446334838867
test_17028,0.0881551206111908
test_17029,0.033956244587898254
test_17030,0.4266761243343353
test_17031,0.3429546654224396
test_17032,0.3352541923522949
test_17033,0.10783302783966064
test_17034,0.00010422585182823241
test_17035,0.5224064588546753
test_17036,0.5615983605384827
test_17037,0.00045990615035407245
test_17038,0.038232896476984024
test_17039,0.04659486189484596
test_17040,0.41685208678245544
test_17041,0.3251454532146454
test_17042,0.00273498659953475
test_17043,0.00280054216273129
test_17044,0.17640893161296844
test_17045,0.10269156098365784
test_17046,0.05147595331072807
test_17047,0.4092753231525421
test_17048,0.24230380356311798
test_17049,0.29376325011253357
test_17050,0.4748363494873047
test_17051,0.2905648648738861
test_17052,0.16587308049201965
test_17053,0.015871258452534676
test_17054,0.26706603169441223
test_17055,0.02641497179865837
test_17056,0.11864244937896729
test_17057,0.3009285628795624
test_17058,0.0021237139590084553
test_17059,0.0006638829945586622
test_17060,0.16802829504013062
test_17061,0.35242989659309387
test_17062,0.7706007361412048
test_17063,0.2538067102432251
test_17064,0.018241360783576965
test_17065,0.26649200916290283
test_17066,0.005172216799110174
test_17067,0.28267595171928406
test_17068,0.0006943434709683061
test_17069,0.13413307070732117
test_17070,0.010079685598611832
test_17071,0.5954073071479797
test_17072,0.44797518849372864
test_17073,0.25532957911491394
test_17074,0.04574708268046379
test_17075,0.38174065947532654
test_17076,0.0012502089375630021
test_17077,0.1993032544851303
test_17078,0.8164481520652771
test_17079,0.011585097759962082
test_17080,0.9804316163063049
test_17081,0.0005304417572915554
test_17082,0.05457517132163048
test_17083,0.03645488619804382
test_17084,0.13982579112052917
test_17085,0.02944505587220192
test_17086,0.5843674540519714
test_17087,0.3944532573223114
test_17088,0.0018012295477092266
test_17089,0.009670166298747063
test_17090,0.003058912931010127
test_17091,0.024211851879954338
test_17092,0.033923644572496414
test_17093,0.42707204818725586
test_17094,0.001367961405776441
test_17095,0.25848570466041565
test_17096,3.669031138997525e-05
test_17097,0.3462327718734741
test_17098,0.3583862781524658
test_17099,0.06561977416276932
test_17100,7.525008527409227e-08
test_17101,0.03002827614545822
test_17102,0.017971890047192574
test_17103,0.00480496883392334
test_17104,0.213233083486557
test_17105,0.4305638372898102
test_17106,0.5636370778083801
test_17107,0.0011108334874734282
test_17108,0.04640786722302437
test_17109,0.004604234825819731
test_17110,0.279016375541687
test_17111,0.031922873109579086
test_17112,0.2180684208869934
test_17113,0.37205901741981506
test_17114,0.36289525032043457
test_17115,0.19973374903202057
test_17116,0.0598260797560215
test_17117,0.14973577857017517
test_17118,0.38363969326019287
test_17119,0.3402659296989441
test_17120,0.2865143120288849
test_17121,0.17774255573749542
test_17122,0.547162652015686
test_17123,0.022597698494791985
test_17124,0.12834520637989044
test_17125,0.5438575744628906
test_17126,0.29081761837005615
test_17127,0.3218930661678314
test_17128,0.03744698688387871
test_17129,0.7033545970916748
test_17130,0.3806661069393158
test_17131,0.12480595707893372
test_17132,0.26105499267578125
test_17133,0.008028442971408367
test_17134,0.0010518322233110666
test_17135,9.688776481198147e-05
test_17136,0.5162461400032043
test_17137,0.6829066276550293
test_17138,0.42065054178237915
test_17139,0.15953819453716278
test_17140,0.24499176442623138
test_17141,0.42899930477142334
test_17142,0.16580772399902344
test_17143,0.44805464148521423
test_17144,8.453484042547643e-06
test_17145,0.1572563350200653
test_17146,0.2939266860485077
test_17147,0.11415984481573105
test_17148,0.004408893175423145
test_17149,0.14382240176200867
test_17150,0.0008269629324786365
test_17151,0.10502855479717255
test_17152,0.14504237473011017
test_17153,0.01094713807106018
test_17154,0.04423581063747406
test_17155,0.10542029142379761
test_17156,0.08554401993751526
test_17157,0.18386705219745636
test_17158,0.30766868591308594
test_17159,0.020571427419781685
test_17160,0.1563507318496704
test_17161,0.29778793454170227
test_17162,0.3178153932094574
test_17163,0.41751134395599365
test_17164,0.4271174371242523
test_17165,0.00473091471940279
test_17166,3.149863550788723e-05
test_17167,0.1674286127090454
test_17168,0.2815920412540436
test_17169,0.8970961570739746
test_17170,0.21309800446033478
test_17171,0.04622086137533188
test_17172,0.4643915891647339
test_17173,0.33360525965690613
test_17174,0.6675941348075867
test_17175,0.060628991574048996
test_17176,0.07432571798563004
test_17177,0.7545579075813293
test_17178,0.01150188036262989
test_17179,0.09481499344110489
test_17180,0.41686439514160156
test_17181,0.00038643056177534163
test_17182,0.6680383682250977
test_17183,0.1505812108516693
test_17184,0.49484381079673767
test_17185,0.3776939809322357
test_17186,0.10151589661836624
test_17187,0.5122422575950623
test_17188,1.0374576959293336e-05
test_17189,0.1770586222410202
test_17190,1.843789686972741e-05
test_17191,0.2686077058315277
test_17192,0.16346418857574463
test_17193,0.03390975296497345
test_17194,0.07085571438074112
test_17195,0.06220182031393051
test_17196,0.12006572633981705
test_17197,0.13818369805812836
test_17198,0.07699082046747208
test_17199,0.12459303438663483
test_17200,0.3407782316207886
test_17201,0.036211926490068436
test_17202,0.00631869537755847
test_17203,0.13587132096290588
test_17204,0.13855229318141937
test_17205,0.2613326609134674
test_17206,0.11468235403299332
test_17207,0.13598313927650452
test_17208,0.429635226726532
test_17209,0.48312637209892273
test_17210,0.21309572458267212
test_17211,0.011475589126348495
test_17212,0.9727568030357361
test_17213,0.31166237592697144
test_17214,0.03720037639141083
test_17215,0.5687551498413086
test_17216,0.0003309976600576192
test_17217,0.026735901832580566
test_17218,0.08852028101682663
test_17219,0.4260503649711609
test_17220,0.026539016515016556
test_17221,0.01753794588148594
test_17222,0.5173656940460205
test_17223,0.010334373451769352
test_17224,1.61462612595642e-05
test_17225,0.48211321234703064
test_17226,0.231887549161911
test_17227,0.016423609107732773
test_17228,0.33779609203338623
test_17229,0.2540811002254486
test_17230,0.9908089637756348
test_17231,0.48902472853660583
test_17232,1.077687647921266e-05
test_17233,0.11918404698371887
test_17234,0.29166173934936523
test_17235,0.2774081528186798
test_17236,0.006592500489205122
test_17237,0.32068872451782227
test_17238,0.05255134403705597
test_17239,0.02680080384016037
test_17240,0.009711213409900665
test_17241,0.2339581549167633
test_17242,0.05708181858062744
test_17243,0.006007532589137554
test_17244,0.04912098869681358
test_17245,0.06395763903856277
test_17246,0.022890649735927582
test_17247,0.005161982960999012
test_17248,0.07164263725280762
test_17249,0.15852022171020508
test_17250,0.0771627277135849
test_17251,0.397011399269104
test_17252,0.2709226608276367
test_17253,0.1521567404270172
test_17254,0.19514144957065582
test_17255,0.002055096672847867
test_17256,0.1309669017791748
test_17257,0.00023162478464655578
test_17258,0.5209793448448181
test_17259,0.5541529059410095
test_17260,0.06201444938778877
test_17261,0.006894235964864492
test_17262,0.008847860619425774
test_17263,0.0397358313202858
test_17264,0.3340812027454376
test_17265,0.6692172288894653
test_17266,0.19261805713176727
test_17267,0.15556862950325012
test_17268,0.017897829413414
test_17269,0.24790750443935394
test_17270,0.14509277045726776
test_17271,4.232912033330649e-05
test_17272,0.05403325334191322
test_17273,0.5153847932815552
test_17274,0.43484166264533997
test_17275,0.2511444389820099
test_17276,0.4558694064617157
test_17277,0.6742628216743469
test_17278,0.45075151324272156
test_17279,0.17027345299720764
test_17280,0.34660738706588745
test_17281,0.0031270969193428755
test_17282,0.06766031682491302
test_17283,0.005464828107506037
test_17284,0.41242527961730957
test_17285,0.6991488933563232
test_17286,0.33459535241127014
test_17287,0.005420273635536432
test_17288,0.28192833065986633
test_17289,0.08182177692651749
test_17290,0.03756576403975487
test_17291,0.2779858112335205
test_17292,0.041372377425432205
test_17293,0.07594233006238937
test_17294,0.23824355006217957
test_17295,0.019491534680128098
test_17296,0.3653077781200409
test_17297,0.06514720618724823
test_17298,0.36350274085998535
test_17299,0.24545907974243164
test_17300,0.06151317059993744
test_17301,0.35884329676628113
test_17302,0.11238539963960648
test_17303,0.0008602741290815175
test_17304,0.3844122588634491
test_17305,0.21531037986278534
test_17306,0.16102157533168793
test_17307,0.3648931682109833
test_17308,0.36777621507644653
test_17309,0.022144131362438202
test_17310,0.8092889785766602
test_17311,0.002410497283563018
test_17312,0.3133338987827301
test_17313,0.1032189205288887
test_17314,0.04865947365760803
test_17315,0.1466050148010254
test_17316,0.026783373206853867
test_17317,0.0009556959266774356
test_17318,0.3840605616569519
test_17319,0.7140375971794128
test_17320,0.0003088979865424335
test_17321,0.11192730814218521
test_17322,0.13661926984786987
test_17323,0.11021952331066132
test_17324,0.02035091631114483
test_17325,0.0755620077252388
test_17326,0.005230081733316183
test_17327,0.026012009009718895
test_17328,0.5245654582977295
test_17329,3.673519313451834e-05
test_17330,0.05231095850467682
test_17331,0.17805317044258118
test_17332,0.30608102679252625
test_17333,0.268692284822464
test_17334,0.0012688435381278396
test_17335,0.1957101672887802
test_17336,0.08530764281749725
test_17337,0.004311491269618273
test_17338,0.04090188071131706
test_17339,0.13044245541095734
test_17340,0.0008973038638941944
test_17341,4.239629924995825e-05
test_17342,0.46807077527046204
test_17343,0.004636106081306934
test_17344,0.3459428548812866
test_17345,0.1596425473690033
test_17346,0.15250273048877716
test_17347,0.2256549894809723
test_17348,0.061224229633808136
test_17349,0.033413127064704895
test_17350,0.009288135915994644
test_17351,0.3807198107242584
test_17352,6.373869109665975e-05
test_17353,0.1916079819202423
test_17354,0.22620543837547302
test_17355,0.011054422706365585
test_17356,0.20365041494369507
test_17357,0.28836673498153687
test_17358,0.3877853453159332
test_17359,0.08191962540149689
test_17360,0.04817773029208183
test_17361,0.2126399576663971
test_17362,0.031304311007261276
test_17363,0.07158776372671127
test_17364,0.354486346244812
test_17365,0.31075042486190796
test_17366,0.2701737880706787
test_17367,0.3847595751285553
test_17368,0.015258836559951305
test_17369,0.42741039395332336
test_17370,0.25494951009750366
test_17371,0.44116756319999695
test_17372,0.3469938039779663
test_17373,0.004712393973022699
test_17374,0.054603733122348785
test_17375,0.21368508040905
test_17376,0.11535738408565521
test_17377,0.1683821827173233
test_17378,0.03216707706451416
test_17379,0.14692434668540955
test_17380,0.004783861804753542
test_17381,0.0015445402823388577
test_17382,0.14897660911083221
test_17383,0.4628867208957672
test_17384,0.11784867197275162
test_17385,0.028415055945515633
test_17386,6.549610407091677e-05
test_17387,0.15668627619743347
test_17388,3.733337507583201e-06
test_17389,0.00010179753007832915
test_17390,0.34538060426712036
test_17391,0.002014094963669777
test_17392,0.03581719473004341
test_17393,0.2640388011932373
test_17394,0.011464721523225307
test_17395,0.04105907306075096
test_17396,0.301312118768692
test_17397,0.3538031578063965
test_17398,0.3050810992717743
test_17399,0.5381799936294556
test_17400,0.0033216841984540224
test_17401,0.09678025543689728
test_17402,0.3861777186393738
test_17403,0.24276290833950043
test_17404,0.18513062596321106
test_17405,0.3473619520664215
test_17406,0.008299412205815315
test_17407,0.29054367542266846
test_17408,0.0001258800912182778
test_17409,0.11602790653705597
test_17410,0.02382730133831501
test_17411,0.013248044066131115
test_17412,0.08771396428346634
test_17413,0.1068183109164238
test_17414,0.4549214541912079
test_17415,0.2744920253753662
test_17416,0.24572134017944336
test_17417,0.4118623733520508
test_17418,0.3998200297355652
test_17419,0.02307732403278351
test_17420,0.14982689917087555
test_17421,0.02635272778570652
test_17422,0.20790964365005493
test_17423,0.46535244584083557
test_17424,0.15909318625926971
test_17425,0.0806170254945755
test_17426,0.03445154055953026
test_17427,0.6768782734870911
test_17428,0.3728867173194885
test_17429,0.19831445813179016
test_17430,0.21852891147136688
test_17431,0.0369931124150753
test_17432,0.046307437121868134
test_17433,0.10761062055826187
test_17434,0.5723428130149841
test_17435,0.044886648654937744
test_17436,0.00026613232330419123
test_17437,0.11218088120222092
test_17438,0.14259998500347137
test_17439,0.03196403384208679
test_17440,0.015107567422091961
test_17441,0.02195761725306511
test_17442,0.026157021522521973
test_17443,0.5181419253349304
test_17444,0.20694446563720703
test_17445,0.005521692335605621
test_17446,0.07673890143632889
test_17447,0.1314123570919037
test_17448,0.14251872897148132
test_17449,0.02674669399857521
test_17450,0.9786840081214905
test_17451,0.07334036380052567
test_17452,0.0103272944688797
test_17453,0.2962538003921509
test_17454,0.208962544798851
test_17455,0.08313168585300446
test_17456,0.2020007073879242
test_17457,0.15102940797805786
test_17458,0.14686930179595947
test_17459,0.05912509560585022
test_17460,0.2064080685377121
test_17461,0.5005635619163513
test_17462,0.1470053642988205
test_17463,0.11705949902534485
test_17464,0.20405082404613495
test_17465,0.23284417390823364
test_17466,0.46980610489845276
test_17467,0.0761277973651886
test_17468,0.8014084696769714
test_17469,0.12114235758781433
test_17470,0.06543996930122375
test_17471,0.12301032245159149
test_17472,0.40130066871643066
test_17473,0.10503876954317093
test_17474,0.17773336172103882
test_17475,0.2714766263961792
test_17476,0.046810030937194824
test_17477,0.0035715235862880945
test_17478,0.030258921906352043
test_17479,0.33788272738456726
test_17480,0.14920558035373688
test_17481,0.15023107826709747
test_17482,0.13821952044963837
test_17483,0.1719273179769516
test_17484,0.09592404216527939
test_17485,0.26485922932624817
test_17486,0.0031969535630196333
test_17487,0.5170206427574158
test_17488,0.024822071194648743
test_17489,0.18147239089012146
test_17490,0.2618541121482849
test_17491,0.38334813714027405
test_17492,0.28259536623954773
test_17493,0.0358426533639431
test_17494,0.27171361446380615
test_17495,0.00039633107371628284
test_17496,0.04025796428322792
test_17497,0.10293516516685486
test_17498,0.024685654789209366
test_17499,0.4133213460445404
test_17500,0.007700600661337376
test_17501,0.2018553763628006
test_17502,0.20998553931713104
test_17503,0.2699721157550812
test_17504,0.060852404683828354
test_17505,0.4264344871044159
test_17506,0.0071283201687037945
test_17507,0.3728979229927063
test_17508,0.5900729298591614
test_17509,0.23902638256549835
test_17510,0.00018434073717799038
test_17511,0.4977574050426483
test_17512,0.24971362948417664
test_17513,0.15889574587345123
test_17514,0.14855904877185822
test_17515,0.22146135568618774
test_17516,0.000382356985937804
test_17517,0.4425860047340393
test_17518,0.3613116443157196
test_17519,0.002725205384194851
test_17520,0.16776373982429504
test_17521,0.03585076704621315
test_17522,0.32055196166038513
test_17523,0.006528666242957115
test_17524,0.32647576928138733
test_17525,0.1709238886833191
test_17526,0.37747347354888916
test_17527,0.024688588455319405
test_17528,0.38159698247909546
test_17529,0.23783420026302338
test_17530,0.08565550297498703
test_17531,0.5276586413383484
test_17532,0.2822389304637909
test_17533,0.66884446144104
test_17534,0.5203806757926941
test_17535,0.26262786984443665
test_17536,0.09384676069021225
test_17537,0.051177576184272766
test_17538,0.34295016527175903
test_17539,0.16022314131259918
test_17540,0.03206172212958336
test_17541,0.32267239689826965
test_17542,0.003534557530656457
test_17543,0.3838215470314026
test_17544,0.00017538967949803919
test_17545,0.18018344044685364
test_17546,0.2900101840496063
test_17547,0.40119174122810364
test_17548,0.22515039145946503
test_17549,0.05384811386466026
test_17550,0.373867928981781
test_17551,0.2502402067184448
test_17552,0.04978670924901962
test_17553,0.28921186923980713
test_17554,0.3347625434398651
test_17555,0.18995952606201172
test_17556,0.3633488416671753
test_17557,0.294743150472641
test_17558,0.11381421983242035
test_17559,0.03140996769070625
test_17560,0.0836140364408493
test_17561,0.2787249982357025
test_17562,8.998861630971078e-06
test_17563,0.004532171413302422
test_17564,0.15339785814285278
test_17565,0.008852332830429077
test_17566,0.20652562379837036
test_17567,0.31502455472946167
test_17568,0.41627272963523865
test_17569,0.03453604131937027
test_17570,0.27779722213745117
test_17571,7.615423965035006e-05
test_17572,0.9697369933128357
test_17573,0.4463158845901489
test_17574,0.10886774212121964
test_17575,0.5072062611579895
test_17576,0.05240108445286751
test_17577,0.13386118412017822
test_17578,0.012129781767725945
test_17579,0.021287813782691956
test_17580,0.05815979838371277
test_17581,0.051148660480976105
test_17582,0.24586491286754608
test_17583,0.11876147985458374
test_17584,0.25915858149528503
test_17585,0.18856677412986755
test_17586,0.02184794656932354
test_17587,0.17173494398593903
test_17588,0.06406893581151962
test_17589,0.010463593527674675
test_17590,0.08005072921514511
test_17591,0.30002087354660034
test_17592,0.44709494709968567
test_17593,0.000662116042803973
test_17594,0.010308592580258846
test_17595,0.17532014846801758
test_17596,0.17721813917160034
test_17597,0.05254595726728439
test_17598,0.5473857522010803
test_17599,0.6032715439796448
test_17600,0.10151955485343933
test_17601,0.10828574001789093
test_17602,0.26420390605926514
test_17603,0.2950447201728821
test_17604,0.03858345374464989
test_17605,0.1237601712346077
test_17606,0.40554192662239075
test_17607,0.028242237865924835
test_17608,0.25919869542121887
test_17609,0.5972508788108826
test_17610,0.20700888335704803
test_17611,0.2424049973487854
test_17612,0.036441877484321594
test_17613,0.16364216804504395
test_17614,0.6852465867996216
test_17615,0.0017491207690909505
test_17616,0.2502416670322418
test_17617,0.0011302877683192492
test_17618,0.16534392535686493
test_17619,0.13611705601215363
test_17620,0.2418631613254547
test_17621,0.0022000763565301895
test_17622,0.022779034450650215
test_17623,0.05460125952959061
test_17624,0.2018599808216095
test_17625,0.0725775957107544
test_17626,0.012401537969708443
test_17627,0.019120052456855774
test_17628,0.010466217063367367
test_17629,0.16572368144989014
test_17630,0.38331636786460876
test_17631,0.41301557421684265
test_17632,0.26601937413215637
test_17633,0.035643842071294785
test_17634,0.011470953933894634
test_17635,0.26760512590408325
test_17636,0.18788498640060425
test_17637,0.4022201895713806
test_17638,0.36874207854270935
test_17639,0.38617223501205444
test_17640,0.2546907365322113
test_17641,0.051790572702884674
test_17642,0.33105799555778503
test_17643,0.003586140461266041
test_17644,0.12860532104969025
test_17645,0.94877690076828
test_17646,0.4392499625682831
test_17647,0.06867630034685135
test_17648,0.2692115902900696
test_17649,0.2527408301830292
test_17650,0.03954777121543884
test_17651,0.23811136186122894
test_17652,0.17421984672546387
test_17653,0.10880309343338013
test_17654,0.005116388667374849
test_17655,0.1736171841621399
test_17656,0.7321025729179382
test_17657,0.4294290542602539
test_17658,0.18629297614097595
test_17659,0.003353461157530546
test_17660,0.15335117280483246
test_17661,0.38704797625541687
test_17662,0.016815349459648132
test_17663,0.139433354139328
test_17664,0.007020306307822466
test_17665,0.1188175156712532
test_17666,0.001006582286208868
test_17667,0.2148922085762024
test_17668,0.011950953863561153
test_17669,0.2446586787700653
test_17670,0.006321534514427185
test_17671,0.08158345520496368
test_17672,0.44397658109664917
test_17673,0.5201515555381775
test_17674,0.3110124170780182
test_17675,0.04947074502706528
test_17676,0.33738112449645996
test_17677,0.7031693458557129
test_17678,0.03805067390203476
test_17679,0.24594521522521973
test_17680,0.29084938764572144
test_17681,0.007714853622019291
test_17682,0.0679650828242302
test_17683,0.16179324686527252
test_17684,0.8125136494636536
test_17685,0.3474324941635132
test_17686,0.5071604251861572
test_17687,0.3411351144313812
test_17688,7.27204542272375e-06
test_17689,0.01588476076722145
test_17690,0.03079601563513279
test_17691,0.10901197791099548
test_17692,0.3658038377761841
test_17693,0.22328272461891174
test_17694,0.14945407211780548
test_17695,0.22927626967430115
test_17696,0.2957020699977875
test_17697,0.287801593542099
test_17698,0.0009245018591172993
test_17699,0.08105580508708954
test_17700,0.0922279879450798
test_17701,0.482896625995636
test_17702,0.0003752355114556849
test_17703,0.19294975697994232
test_17704,0.0029604758601635695
test_17705,2.4940006824181182e-06
test_17706,0.09522131830453873
test_17707,0.22550685703754425
test_17708,0.6166117191314697
test_17709,0.01827150397002697
test_17710,0.16817711293697357
test_17711,0.25979873538017273
test_17712,0.053100407123565674
test_17713,0.00028582761297002435
test_17714,0.021678727120161057
test_17715,0.3946595788002014
test_17716,0.06105823442339897
test_17717,0.14284037053585052
test_17718,0.049231886863708496
test_17719,7.97572170085914e-07
test_17720,0.025113850831985474
test_17721,0.28754594922065735
test_17722,0.00013233112986199558
test_17723,0.47101327776908875
test_17724,0.19693449139595032
test_17725,0.06399866193532944
test_17726,0.27169930934906006
test_17727,0.16981495916843414
test_17728,0.4474966824054718
test_17729,0.3914104104042053
test_17730,0.03933899849653244
test_17731,0.008331085555255413
test_17732,0.009922557510435581
test_17733,0.5074231624603271
test_17734,0.018066594377160072
test_17735,0.3649410903453827
test_17736,0.011611861176788807
test_17737,0.2223743200302124
test_17738,0.3728131353855133
test_17739,0.645297110080719
test_17740,0.012552158907055855
test_17741,0.06554239988327026
test_17742,0.0014750275295227766
test_17743,0.44050005078315735
test_17744,0.00761698093265295
test_17745,9.258079080609605e-05
test_17746,0.27548667788505554
test_17747,0.4671456813812256
test_17748,0.41648244857788086
test_17749,0.033944301307201385
test_17750,0.08005694299936295
test_17751,0.2209826409816742
test_17752,0.04272807762026787
test_17753,0.1849830448627472
test_17754,0.3375636339187622
test_17755,0.09162120521068573
test_17756,0.05885293334722519
test_17757,0.2645683288574219
test_17758,0.5639858841896057
test_17759,0.011862160637974739
test_17760,0.6205961108207703
test_17761,0.4180094301700592
test_17762,0.017268385738134384
test_17763,0.2406860589981079
test_17764,0.05503762885928154
test_17765,0.032141007483005524
test_17766,0.3133329153060913
test_17767,0.3909073770046234
test_17768,0.03125310689210892
test_17769,0.18412674963474274
test_17770,0.7539721727371216
test_17771,0.3362516462802887
test_17772,0.3930705785751343
test_17773,0.20787610113620758
test_17774,0.0007865517400205135
test_17775,0.3850557506084442
test_17776,0.3652544617652893
test_17777,0.057119082659482956
test_17778,0.20685206353664398
test_17779,0.14223502576351166
test_17780,0.052085913717746735
test_17781,0.5504562258720398
test_17782,0.13557028770446777
test_17783,1.6374549886677414e-05
test_17784,0.18363729119300842
test_17785,0.03747976943850517
test_17786,0.22028407454490662
test_17787,0.3143044710159302
test_17788,0.7451952695846558
test_17789,0.003537949873134494
test_17790,0.03534698858857155
test_17791,0.5253448486328125
test_17792,0.028063906356692314
test_17793,0.06578351557254791
test_17794,0.011234164237976074
test_17795,0.01029134076088667
test_17796,0.006878472398966551
test_17797,0.00758909760043025
test_17798,0.06963441520929337
test_17799,0.0002775746106635779
test_17800,0.03591076284646988
test_17801,0.017727678641676903
test_17802,0.36588817834854126
test_17803,0.04760950803756714
test_17804,0.020921098068356514
test_17805,0.31726202368736267
test_17806,0.5479870438575745
test_17807,0.2805047929286957
test_17808,0.012441952712833881
test_17809,0.06654903292655945
test_17810,0.297615647315979
test_17811,0.2829309105873108
test_17812,0.10245106369256973
test_17813,0.5054866671562195
test_17814,0.2292795330286026
test_17815,0.16264569759368896
test_17816,0.33131206035614014
test_17817,0.02012982778251171
test_17818,0.4095360040664673
test_17819,0.06477909535169601
test_17820,0.04089120030403137
test_17821,0.25532522797584534
test_17822,0.004557556472718716
test_17823,0.002212138846516609
test_17824,0.40152832865715027
test_17825,0.3522290885448456
test_17826,0.2646634876728058
test_17827,0.4257250130176544
test_17828,0.32603636384010315
test_17829,0.33709952235221863
test_17830,0.6555671691894531
test_17831,0.006177540402859449
test_17832,0.01740220934152603
test_17833,0.5468502044677734
test_17834,0.1270768642425537
test_17835,0.40313437581062317
test_17836,0.4274192154407501
test_17837,0.001962165581062436
test_17838,0.3955014944076538
test_17839,0.06813155114650726
test_17840,0.016476131975650787
test_17841,0.2474524974822998
test_17842,0.2465827465057373
test_17843,0.008732698857784271
test_17844,0.09791954606771469
test_17845,0.0015291629824787378
test_17846,0.04359333962202072
test_17847,0.004487739410251379
test_17848,0.46577662229537964
test_17849,0.02074727974832058
test_17850,0.47696420550346375
test_17851,0.2472301572561264
test_17852,0.5542495250701904
test_17853,0.4072481095790863
test_17854,0.0016021346673369408
test_17855,0.0013040892081335187
test_17856,0.5100674033164978
test_17857,0.007104331161826849
test_17858,0.31137335300445557
test_17859,0.1964162439107895
test_17860,0.17243869602680206
test_17861,0.7445037364959717
test_17862,0.13569507002830505
test_17863,0.0782591700553894
test_17864,0.002300932304933667
test_17865,0.20720061659812927
test_17866,0.08763173222541809
test_17867,0.31505250930786133
test_17868,0.2726516127586365
test_17869,0.015865137800574303
test_17870,0.4570190906524658
test_17871,0.2060592621564865
test_17872,0.4000268876552582
test_17873,0.786424458026886
test_17874,0.010945883579552174
test_17875,0.6424551606178284
test_17876,0.004980255849659443
test_17877,0.11617817729711533
test_17878,0.031056653708219528
test_17879,0.13302834331989288
test_17880,0.1933988332748413
test_17881,0.4152345359325409
test_17882,0.1481734663248062
test_17883,0.2858790457248688
test_17884,0.2044914811849594
test_17885,0.06411585956811905
test_17886,5.4002248361939564e-06
test_17887,0.9190297722816467
test_17888,0.45906829833984375
test_17889,0.5075456500053406
test_17890,0.5229119658470154
test_17891,0.230328768491745
test_17892,0.250894159078598
test_17893,0.0048065148293972015
test_17894,0.012676641345024109
test_17895,0.09163041412830353
test_17896,0.017261898145079613
test_17897,0.10511843115091324
test_17898,0.13503038883209229
test_17899,0.12371036410331726
test_17900,0.33005964756011963
test_17901,0.3830529451370239
test_17902,0.02737441286444664
test_17903,0.0015091670211404562
test_17904,0.5903042554855347
test_17905,0.2448638677597046
test_17906,0.11077465862035751
test_17907,0.07883983850479126
test_17908,0.39002472162246704
test_17909,0.007610733155161142
test_17910,4.8899345017616724e-08
test_17911,0.03736617788672447
test_17912,0.7096584439277649
test_17913,0.3086717426776886
test_17914,0.13228270411491394
test_17915,0.6449131965637207
test_17916,0.44966921210289
test_17917,0.1547781527042389
test_17918,0.01767709106206894
test_17919,3.6899404221912846e-05
test_17920,0.22901128232479095
test_17921,0.04753931239247322
test_17922,0.2306622415781021
test_17923,0.1507156938314438
test_17924,0.1503838449716568
test_17925,0.4614655673503876
test_17926,0.0060052694752812386
test_17927,0.20524950325489044
test_17928,0.31748849153518677
test_17929,0.04018328711390495
test_17930,0.7089471817016602
test_17931,0.46893152594566345
test_17932,0.3775143325328827
test_17933,0.02859649434685707
test_17934,0.0018869963241741061
test_17935,0.48162582516670227
test_17936,0.10135044157505035
test_17937,0.00013761933951172978
test_17938,0.0246004369109869
test_17939,0.5814387798309326
test_17940,0.37524572014808655
test_17941,0.3143266439437866
test_17942,0.23564204573631287
test_17943,0.8607147932052612
test_17944,0.09637357294559479
test_17945,0.01884746178984642
test_17946,0.28460755944252014
test_17947,0.2996634244918823
test_17948,0.4720933437347412
test_17949,0.5044471025466919
test_17950,0.007333586923778057
test_17951,0.2861362397670746
test_17952,0.2731645405292511
test_17953,0.018334142863750458
test_17954,0.04321898892521858
test_17955,0.007418570574373007
test_17956,0.4829556345939636
test_17957,0.16507065296173096
test_17958,0.007124993018805981
test_17959,2.7632073397398926e-05
test_17960,0.011967789381742477
test_17961,0.0009955908171832561
test_17962,0.14228594303131104
test_17963,0.3080255389213562
test_17964,0.31034818291664124
test_17965,0.5349821448326111
test_17966,0.036025285720825195
test_17967,0.46279779076576233
test_17968,0.5136820673942566
test_17969,9.208982373820618e-05
test_17970,0.006250313017517328
test_17971,0.17016346752643585
test_17972,0.24149227142333984
test_17973,0.048910874873399734
test_17974,0.26783621311187744
test_17975,0.003447173396125436
test_17976,0.038345176726579666
test_17977,0.5036643147468567
test_17978,0.7957696914672852
test_17979,0.486564576625824
test_17980,0.0662209764122963
test_17981,0.22961179912090302
test_17982,0.0011170118814334273
test_17983,0.0021757083013653755
test_17984,0.0009069652878679335
test_17985,0.31460127234458923
test_17986,0.0857938751578331
test_17987,0.10577072948217392
test_17988,0.004799643065780401
test_17989,0.049329258501529694
test_17990,0.27706944942474365
test_17991,0.0242550577968359
test_17992,0.0031247595325112343
test_17993,0.4491872489452362
test_17994,0.015015515498816967
test_17995,0.21593543887138367
test_17996,0.26468151807785034
test_17997,0.2009066343307495
test_17998,0.4705817997455597
test_17999,0.15729491412639618
test_18000,0.28480038046836853
test_18001,0.23527342081069946
test_18002,0.29704779386520386
test_18003,0.5075979828834534
test_18004,0.08069205284118652
test_18005,0.09988056123256683
test_18006,0.4654928147792816
test_18007,0.07545030117034912
test_18008,0.585404634475708
test_18009,0.24679504334926605
test_18010,0.2580168545246124
test_18011,0.02510056644678116
test_18012,0.00015895554679445922
test_18013,0.04153246060013771
test_18014,0.015358136035501957
test_18015,0.15138259530067444
test_18016,0.2097075879573822
test_18017,0.00917970109730959
test_18018,0.07029040157794952
test_18019,0.00018678700143937021
test_18020,0.13455021381378174
test_18021,0.2627842426300049
test_18022,0.17274600267410278
test_18023,0.8267037868499756
test_18024,0.004952079616487026
test_18025,0.030583161860704422
test_18026,0.3438565135002136
test_18027,0.09238718450069427
test_18028,0.05265701934695244
test_18029,0.2857591211795807
test_18030,0.604935884475708
test_18031,0.42192342877388
test_18032,0.06122255697846413
test_18033,0.24091006815433502
test_18034,0.7558735013008118
test_18035,0.24102184176445007
test_18036,0.11430604755878448
test_18037,0.018821854144334793
test_18038,0.19060316681861877
test_18039,0.4518376886844635
test_18040,0.10895953327417374
test_18041,0.7455547451972961
test_18042,0.28468790650367737
test_18043,0.019461719319224358
test_18044,0.14630964398384094
test_18045,0.038847416639328
test_18046,0.0016810306115075946
test_18047,0.27029454708099365
test_18048,0.12571915984153748
test_18049,0.46791964769363403
test_18050,0.4477807879447937
test_18051,0.0006873602978885174
test_18052,0.009935447946190834
test_18053,0.11440842598676682
test_18054,0.010175534524023533
test_18055,0.09031470119953156
test_18056,0.564396321773529
test_18057,0.2408309131860733
test_18058,0.15133477747440338
test_18059,0.03333409130573273
test_18060,0.21700550615787506
test_18061,0.00323712476529181
test_18062,0.25740909576416016
test_18063,0.06136779114603996
test_18064,0.27676114439964294
test_18065,0.32151922583580017
test_18066,0.11632104963064194
test_18067,0.8506509065628052
test_18068,0.007531923707574606
test_18069,0.3239501416683197
test_18070,0.10312242060899734
test_18071,0.0028511863201856613
test_18072,0.07549688220024109
test_18073,0.10477440059185028
test_18074,0.1465601623058319
test_18075,0.054757796227931976
test_18076,0.23723749816417694
test_18077,1.0770403605420142e-05
test_18078,0.48240944743156433
test_18079,0.159020334482193
test_18080,0.611876368522644
test_18081,0.3831556737422943
test_18082,0.3885951340198517
test_18083,0.32864296436309814
test_18084,0.45633548498153687
test_18085,0.4547826051712036
test_18086,0.05875029042363167
test_18087,0.000377258489606902
test_18088,0.08083382248878479
test_18089,0.011237273924052715
test_18090,0.03496287018060684
test_18091,0.19632190465927124
test_18092,0.25076308846473694
test_18093,0.06366153806447983
test_18094,0.015192922204732895
test_18095,0.21702058613300323
test_18096,0.20833460986614227
test_18097,0.05669443681836128
test_18098,0.22462032735347748
test_18099,0.3398132026195526
test_18100,0.026954486966133118
test_18101,0.0016029434045776725
test_18102,0.35930174589157104
test_18103,0.27446800470352173
test_18104,0.24200394749641418
test_18105,0.13586834073066711
test_18106,0.037910230457782745
test_18107,0.38181623816490173
test_18108,0.2556329071521759
test_18109,0.00037866405909880996
test_18110,0.40884625911712646
test_18111,0.2317652851343155
test_18112,0.5442108511924744
test_18113,0.12823531031608582
test_18114,0.08179578930139542
test_18115,0.454571008682251
test_18116,0.06701455265283585
test_18117,0.0140743562951684
test_18118,0.03729815408587456
test_18119,0.13477684557437897
test_18120,0.04145693778991699
test_18121,0.35909759998321533
test_18122,0.06102493032813072
test_18123,0.3872043788433075
test_18124,0.004346214234828949
test_18125,0.03295813873410225
test_18126,0.1720152050256729
test_18127,0.003569754073396325
test_18128,0.0025288464967161417
test_18129,0.0003619007475208491
test_18130,0.006492297165095806
test_18131,0.21260285377502441
test_18132,0.08946889638900757
test_18133,0.049616266041994095
test_18134,0.00015173628344200552
test_18135,0.3457365334033966
test_18136,0.28974613547325134
test_18137,3.957860462833196e-05
test_18138,0.15354055166244507
test_18139,0.0020013018511235714
test_18140,0.08947889506816864
test_18141,0.011665066704154015
test_18142,0.027640802785754204
test_18143,0.20862305164337158
test_18144,0.005763497203588486
test_18145,0.035157542675733566
test_18146,0.38124313950538635
test_18147,0.24700307846069336
test_18148,0.001186650712043047
test_18149,0.5902355313301086
test_18150,0.16893969476222992
test_18151,0.3235354423522949
test_18152,0.25573238730430603
test_18153,0.004883715882897377
test_18154,0.07618310302495956
test_18155,0.06798696517944336
test_18156,0.03289495408535004
test_18157,0.049341391772031784
test_18158,0.40226277709007263
test_18159,0.24485176801681519
test_18160,0.03511832281947136
test_18161,0.3374633193016052
test_18162,0.3190594017505646
test_18163,0.00011958843242609873
test_18164,0.38218098878860474
test_18165,0.15547963976860046
test_18166,0.0026444937102496624
test_18167,0.7854927182197571
test_18168,0.031943414360284805
test_18169,0.0008531521307304502
test_18170,0.1591484099626541
test_18171,0.30403876304626465
test_18172,0.9698155522346497
test_18173,0.25886207818984985
test_18174,0.40847012400627136
test_18175,0.26155322790145874
test_18176,0.022578829899430275
test_18177,0.0974426195025444
test_18178,0.3510524034500122
test_18179,0.008968468755483627
test_18180,0.009266397915780544
test_18181,0.4850846827030182
test_18182,0.3703206777572632
test_18183,0.32016265392303467
test_18184,0.3546788692474365
test_18185,0.4583962857723236
test_18186,0.027802711352705956
test_18187,0.4581057131290436
test_18188,0.39934608340263367
test_18189,0.4813002049922943
test_18190,0.38246071338653564
test_18191,0.013568549416959286
test_18192,0.4481145143508911
test_18193,0.3725135028362274
test_18194,0.3858702480792999
test_18195,0.5025829672813416
test_18196,0.3914259076118469
test_18197,0.4510488212108612
test_18198,0.4346698522567749
test_18199,0.37639281153678894
test_18200,0.01736557111144066
test_18201,0.08257722109556198
test_18202,0.336814820766449
test_18203,0.12318971008062363
test_18204,0.5331477522850037
test_18205,0.49717268347740173
test_18206,0.009943518787622452
test_18207,0.010509065352380276
test_18208,0.020759912207722664
test_18209,0.517831563949585
test_18210,0.046587955206632614
test_18211,0.08241307735443115
test_18212,0.5006974339485168
test_18213,0.5418373942375183
test_18214,0.0800885483622551
test_18215,0.20460379123687744
test_18216,0.1004161462187767
test_18217,0.0384736992418766
test_18218,0.5478870272636414
test_18219,0.015101147815585136
test_18220,0.10225418955087662
test_18221,0.021807022392749786
test_18222,0.00027938775019720197
test_18223,0.043964825570583344
test_18224,0.10794166475534439
test_18225,0.009752816520631313
test_18226,0.6277157068252563
test_18227,0.25375741720199585
test_18228,0.5881145596504211
test_18229,0.3138783574104309
test_18230,0.06733375042676926
test_18231,0.3559750020503998
test_18232,0.10847413539886475
test_18233,0.3146994709968567
test_18234,0.06980136781930923
test_18235,0.15753600001335144
test_18236,0.0004887813120149076
test_18237,0.08231593668460846
test_18238,0.516707718372345
test_18239,0.6991197466850281
test_18240,0.2964112162590027
test_18241,0.43863561749458313
test_18242,0.0002192906104028225
test_18243,0.04461510106921196
test_18244,0.3806998133659363
test_18245,0.40732502937316895
test_18246,0.26830631494522095
test_18247,0.33346641063690186
test_18248,0.18661995232105255
test_18249,0.11099540442228317
test_18250,0.0009010887006297708
test_18251,0.04942029342055321
test_18252,0.3016616106033325
test_18253,0.48096850514411926
test_18254,0.0002609665389172733
test_18255,0.25408244132995605
test_18256,0.3223392069339752
test_18257,0.02602311410009861
test_18258,0.27455729246139526
test_18259,0.4661308825016022
test_18260,0.21212099492549896
test_18261,0.47268328070640564
test_18262,0.1792178452014923
test_18263,0.5867781639099121
test_18264,0.03318718448281288
test_18265,0.3627340793609619
test_18266,0.00010016252781497315
test_18267,0.007623723708093166
test_18268,0.31941288709640503
test_18269,3.927314537577331e-06
test_18270,0.3892486095428467
test_18271,0.02804001234471798
test_18272,0.2209300547838211
test_18273,0.3487165868282318
test_18274,0.004925963934510946
test_18275,0.0037890991661697626
test_18276,0.0016330137150362134
test_18277,0.027988040819764137
test_18278,0.008736963383853436
test_18279,0.28546902537345886
test_18280,0.16816043853759766
test_18281,0.06801982969045639
test_18282,0.3091447949409485
test_18283,0.02854965254664421
test_18284,0.5630723237991333
test_18285,0.13875330984592438
test_18286,0.14919637143611908
test_18287,0.0019214729545637965
test_18288,0.0021546839270740747
test_18289,0.06935936957597733
test_18290,0.520176112651825
test_18291,0.020262356847524643
test_18292,0.1386961042881012
test_18293,0.5665500164031982
test_18294,0.5789886713027954
test_18295,0.7445026636123657
test_18296,0.40570351481437683
test_18297,0.48030635714530945
test_18298,0.3773478865623474
test_18299,0.014616686850786209
test_18300,0.1471804976463318
test_18301,0.17869874835014343
test_18302,0.16352102160453796
test_18303,0.21312007308006287
test_18304,0.019508669152855873
test_18305,0.4492817521095276
test_18306,0.015456628985702991
test_18307,0.2789255678653717
test_18308,0.22974073886871338
test_18309,0.24930302798748016
test_18310,0.01047252956777811
test_18311,0.001225198619067669
test_18312,0.031143521890044212
test_18313,0.22482922673225403
test_18314,0.03823031485080719
test_18315,0.0975198745727539
test_18316,0.08163025230169296
test_18317,0.00033029564656317234
test_18318,0.6183878183364868
test_18319,0.1410001665353775
test_18320,0.44955551624298096
test_18321,0.17669659852981567
test_18322,0.13863447308540344
test_18323,0.26813918352127075
test_18324,0.3958417773246765
test_18325,0.4208444058895111
test_18326,0.33970344066619873
test_18327,0.3194347023963928
test_18328,0.12623761594295502
test_18329,0.39446932077407837
test_18330,0.2861926555633545
test_18331,0.1951320320367813
test_18332,0.03531813994050026
test_18333,0.000701870012562722
test_18334,0.23510298132896423
test_18335,0.09720760583877563
test_18336,0.08452571928501129
test_18337,0.6547518968582153
test_18338,0.10279162228107452
test_18339,0.19010242819786072
test_18340,0.005931386724114418
test_18341,0.14801356196403503
test_18342,1.9722725483006798e-05
test_18343,0.225204735994339
test_18344,0.5043365955352783
test_18345,0.005121937952935696
test_18346,0.1792755424976349
test_18347,0.41868504881858826
test_18348,0.008780823089182377
test_18349,0.03399287909269333
test_18350,0.7976324558258057
test_18351,0.5480239391326904
test_18352,0.2375912070274353
test_18353,0.12151899933815002
test_18354,0.2948780357837677
test_18355,0.12173332273960114
test_18356,0.12508133053779602
test_18357,0.03836596757173538
test_18358,0.0005698880995623767
test_18359,0.046606726944446564
test_18360,0.05489359796047211
test_18361,0.791617751121521
test_18362,0.2807603180408478
test_18363,0.19428665935993195
test_18364,0.06277991086244583
test_18365,0.39614200592041016
test_18366,0.025048160925507545
test_18367,0.32148927450180054
test_18368,0.6799241900444031
test_18369,0.2309219092130661
test_18370,0.26629504561424255
test_18371,0.1478116661310196
test_18372,0.09074673801660538
test_18373,0.2138686627149582
test_18374,0.2088661938905716
test_18375,0.026701053604483604
test_18376,0.23244425654411316
test_18377,0.07953419536352158
test_18378,0.0026816220488399267
test_18379,0.09162788838148117
test_18380,0.04021880403161049
test_18381,0.048769839107990265
test_18382,0.7369421720504761
test_18383,0.043673302978277206
test_18384,0.2483268529176712
test_18385,0.34620943665504456
test_18386,0.02126316912472248
test_18387,0.0355529859662056
test_18388,0.42973995208740234
test_18389,0.36655744910240173
test_18390,0.3221181631088257
test_18391,0.06358196586370468
test_18392,0.018213888630270958
test_18393,0.04673701152205467
test_18394,0.011975550092756748
test_18395,0.08345314860343933
test_18396,0.21624046564102173
test_18397,0.2544829547405243
test_18398,0.3861314356327057
test_18399,0.08450883626937866
test_18400,0.001205182634294033
test_18401,0.07125446200370789
test_18402,0.051203593611717224
test_18403,0.14926862716674805
test_18404,0.6124049425125122
test_18405,0.01743238791823387
test_18406,0.3896160125732422
test_18407,0.18443742394447327
test_18408,0.017004691064357758
test_18409,0.037812743335962296
test_18410,0.005076620727777481
test_18411,0.5676336884498596
test_18412,0.009278321638703346
test_18413,0.2597714960575104
test_18414,8.19751039671246e-06
test_18415,9.349940228275955e-05
test_18416,0.02987617254257202
test_18417,0.08277219533920288
test_18418,0.35225504636764526
test_18419,0.027603885158896446
test_18420,0.4133888781070709
test_18421,0.33656051754951477
test_18422,0.1907612383365631
test_18423,0.216293603181839
test_18424,0.35214322805404663
test_18425,0.4231939911842346
test_18426,0.21865814924240112
test_18427,0.5085121989250183
test_18428,0.15799303352832794
test_18429,0.2380630075931549
test_18430,0.27814558148384094
test_18431,0.14148348569869995
test_18432,0.05124030262231827
test_18433,0.2516170144081116
test_18434,0.7102407217025757
test_18435,0.3435136079788208
test_18436,0.15204444527626038
test_18437,0.07620453834533691
test_18438,0.0008663772023282945
test_18439,0.8952177166938782
test_18440,0.035795364528894424
test_18441,0.07122921943664551
test_18442,0.02617025002837181
test_18443,0.06938742101192474
test_18444,0.0032096272334456444
test_18445,0.0012810749467462301
test_18446,0.42430803179740906
test_18447,0.11486812680959702
test_18448,0.012928429991006851
test_18449,0.0008323356159962714
test_18450,0.2229926735162735
test_18451,0.11912087351083755
test_18452,0.02745817042887211
test_18453,0.4125416874885559
test_18454,0.18725307285785675
test_18455,0.36665773391723633
test_18456,0.3744341731071472
test_18457,0.0024436635430902243
test_18458,0.14590032398700714
test_18459,0.19173482060432434
test_18460,0.31009340286254883
test_18461,0.06824387609958649
test_18462,0.37228822708129883
test_18463,0.4349191188812256
test_18464,0.11490973085165024
test_18465,0.015046684071421623
test_18466,0.12028367072343826
test_18467,0.313265860080719
test_18468,0.4027574360370636
test_18469,0.5594823956489563
test_18470,0.35785120725631714
test_18471,0.5005597472190857
test_18472,0.00011538161925273016
test_18473,0.5443530082702637
test_18474,0.4188726246356964
test_18475,0.06993325054645538
test_18476,0.4475444257259369
test_18477,0.18969690799713135
test_18478,0.03623898699879646
test_18479,0.2759917676448822
test_18480,0.29546961188316345
test_18481,0.1782674938440323
test_18482,0.13191592693328857
test_18483,0.10406142473220825
test_18484,0.04810706526041031
test_18485,0.3399503529071808
test_18486,0.002484304830431938
test_18487,0.2055315226316452
test_18488,0.2830257713794708
test_18489,0.3130911886692047
test_18490,0.39605623483657837
test_18491,0.06451679766178131
test_18492,2.4961805138445925e-06
test_18493,0.13883963227272034
test_18494,0.044384002685546875
test_18495,0.19422809779644012
test_18496,0.31483206152915955
test_18497,0.02958320453763008
test_18498,0.20239610970020294
test_18499,7.241161074489355e-05
test_18500,0.23811623454093933
test_18501,0.547386109828949
test_18502,0.16738612949848175
test_18503,0.0004864016664214432
test_18504,0.2857978641986847
test_18505,0.00018791276670526713
test_18506,0.5435805320739746
test_18507,0.7298908829689026
test_18508,8.450700988760218e-05
test_18509,0.017421012744307518
test_18510,0.47615113854408264
test_18511,0.003265614388510585
test_18512,0.644904613494873
test_18513,0.15571418404579163
test_18514,0.01641273684799671
test_18515,0.13893552124500275
test_18516,0.2847486734390259
test_18517,0.5387078523635864
test_18518,0.44674357771873474
test_18519,0.779633104801178
test_18520,0.35366272926330566
test_18521,0.07216686010360718
test_18522,0.5151925086975098
test_18523,0.134693905711174
test_18524,0.21623601019382477
test_18525,0.516635537147522
test_18526,0.4808140993118286
test_18527,0.0019991970621049404
test_18528,0.23079119622707367
test_18529,0.1482941210269928
test_18530,0.21659114956855774
test_18531,0.10321582853794098
test_18532,0.01621963270008564
test_18533,0.5068804025650024
test_18534,0.0009611446294002235
test_18535,0.0012397299287840724
test_18536,0.4719563126564026
test_18537,0.07499134540557861
test_18538,0.14980079233646393
test_18539,0.2790180444717407
test_18540,0.31481125950813293
test_18541,0.4547928273677826
test_18542,0.00034873071126639843
test_18543,0.06538040935993195
test_18544,0.12331174314022064
test_18545,0.9003819227218628
test_18546,0.0917934700846672
test_18547,0.43350133299827576
test_18548,0.07748958468437195
test_18549,0.02876608446240425
test_18550,0.7725417017936707
test_18551,0.6292150020599365
test_18552,0.0049717542715370655
test_18553,0.2643890976905823
test_18554,0.3419223427772522
test_18555,0.24235773086547852
test_18556,0.5285163521766663
test_18557,0.17613156139850616
test_18558,0.3106611371040344
test_18559,0.16295725107192993
test_18560,0.05165678262710571
test_18561,0.21926163136959076
test_18562,0.19075950980186462
test_18563,0.23073862493038177
test_18564,0.04709465429186821
test_18565,0.3865309953689575
test_18566,0.320400595664978
test_18567,0.02858821302652359
test_18568,0.36684465408325195
test_18569,0.42649465799331665
test_18570,0.07015364617109299
test_18571,2.022807848334196e-06
test_18572,0.06353148072957993
test_18573,0.09065355360507965
test_18574,0.11547468602657318
test_18575,0.05931727960705757
test_18576,0.00010539368668105453
test_18577,0.07773836702108383
test_18578,0.6418788433074951
test_18579,0.003440630389377475
test_18580,0.24295054376125336
test_18581,0.000412965368013829
test_18582,0.3991971015930176
test_18583,0.2210816740989685
test_18584,0.021386580541729927
test_18585,0.09409355372190475
test_18586,0.6205655932426453
test_18587,0.49274277687072754
test_18588,0.4145820736885071
test_18589,0.7578222155570984
test_18590,0.5599918961524963
test_18591,0.25618472695350647
test_18592,0.00048722740029916167
test_18593,0.007811522111296654
test_18594,0.05352405086159706
test_18595,0.5136062502861023
test_18596,0.22458453476428986
test_18597,0.16410982608795166
test_18598,0.2697255313396454
test_18599,0.3507389426231384
test_18600,0.23052313923835754
test_18601,0.27398115396499634
test_18602,0.06602754443883896
test_18603,0.027885310351848602
test_18604,0.2563345432281494
test_18605,0.5374696850776672
test_18606,0.33310580253601074
test_18607,0.010708472691476345
test_18608,0.008804361335933208
test_18609,1.5040704056445975e-05
test_18610,0.0867471843957901
test_18611,0.21700841188430786
test_18612,0.010083396919071674
test_18613,0.35394078493118286
test_18614,3.0342866011778824e-05
test_18615,0.07302255183458328
test_18616,0.14161862432956696
test_18617,0.37040814757347107
test_18618,0.4750705659389496
test_18619,0.3449156880378723
test_18620,0.3169047236442566
test_18621,0.2595248222351074
test_18622,0.42708975076675415
test_18623,0.6047837734222412
test_18624,0.07521124184131622
test_18625,0.32528430223464966
test_18626,0.33598265051841736
test_18627,0.009808668866753578
test_18628,0.508793830871582
test_18629,0.3991375267505646
test_18630,0.18374668061733246
test_18631,0.12899789214134216
test_18632,0.000820793560706079
test_18633,0.004158140625804663
test_18634,0.0926482081413269
test_18635,0.014824884943664074
test_18636,0.0008838151698000729
test_18637,0.4147351384162903
test_18638,0.3735071122646332
test_18639,0.017785854637622833
test_18640,0.03745181858539581
test_18641,0.18577967584133148
test_18642,0.012111460790038109
test_18643,0.004814564250409603
test_18644,0.00018018049013335258
test_18645,0.015602516941726208
test_18646,0.36302709579467773
test_18647,0.3002094626426697
test_18648,0.017308317124843597
test_18649,0.0006353186909109354
test_18650,0.08695890009403229
test_18651,0.1404612958431244
test_18652,0.0033848623279482126
test_18653,3.402617949177511e-05
test_18654,0.00825401023030281
test_18655,0.19052094221115112
test_18656,0.015760192647576332
test_18657,0.35875287652015686
test_18658,0.01152457483112812
test_18659,0.4112569987773895
test_18660,0.27203938364982605
test_18661,0.08035727590322495
test_18662,9.957342263078317e-05
test_18663,0.29092374444007874
test_18664,0.49827754497528076
test_18665,0.010515001602470875
test_18666,0.5143231153488159
test_18667,0.6522836685180664
test_18668,0.339880108833313
test_18669,0.29032498598098755
test_18670,0.32923194766044617
test_18671,0.006296817678958178
test_18672,0.4646679162979126
test_18673,0.4015123248100281
test_18674,0.3926810324192047
test_18675,0.347290575504303
test_18676,0.47034138441085815
test_18677,0.19215978682041168
test_18678,3.839306828012923e-06
test_18679,0.1459251344203949
test_18680,0.35769298672676086
test_18681,0.34711316227912903
test_18682,0.09951622784137726
test_18683,0.5619086623191833
test_18684,0.5845206379890442
test_18685,0.4986167252063751
test_18686,0.39818328619003296
test_18687,0.7042141556739807
test_18688,0.016394149512052536
test_18689,0.20812515914440155
test_18690,0.14756913483142853
test_18691,0.18257717788219452
test_18692,0.08540207147598267
test_18693,0.4307781159877777
test_18694,0.1766567975282669
test_18695,0.0031217397190630436
test_18696,0.5127810835838318
test_18697,0.07654471695423126
test_18698,3.0371063985512592e-05
test_18699,0.31710490584373474
test_18700,0.38864731788635254
test_18701,0.19711656868457794
test_18702,0.029863273724913597
test_18703,2.4242583094746806e-05
test_18704,0.41070568561553955
test_18705,0.35094010829925537
test_18706,0.7554728984832764
test_18707,0.02039264515042305
test_18708,0.005866378545761108
test_18709,0.17957206070423126
test_18710,0.32559773325920105
test_18711,0.2923671305179596
test_18712,0.13805712759494781
test_18713,0.44531723856925964
test_18714,0.2910773456096649
test_18715,0.1646445244550705
test_18716,0.1610107421875
test_18717,0.13727180659770966
test_18718,0.480741024017334
test_18719,0.20171187818050385
test_18720,0.11107336729764938
test_18721,0.4381912052631378
test_18722,0.42954739928245544
test_18723,0.0062821670435369015
test_18724,0.42294082045555115
test_18725,0.15540941059589386
test_18726,0.5435253381729126
test_18727,0.03365553170442581
test_18728,0.20338693261146545
test_18729,0.3204677999019623
test_18730,0.32584723830223083
test_18731,0.1473446786403656
test_18732,0.00023561205307487398
test_18733,0.027941763401031494
test_18734,0.14949169754981995
test_18735,0.2743961215019226
test_18736,0.16543254256248474
test_18737,0.10356651991605759
test_18738,0.00012397838872857392
test_18739,0.580164909362793
test_18740,0.003119591623544693
test_18741,0.016207730397582054
test_18742,0.15697339177131653
test_18743,0.1000756174325943
test_18744,0.26030170917510986
test_18745,0.04797321557998657
test_18746,0.022194910794496536
test_18747,0.000434108980698511
test_18748,0.41562527418136597
test_18749,0.15075023472309113
test_18750,0.34284326434135437
test_18751,0.1367163509130478
test_18752,0.007270283531397581
test_18753,0.0913664847612381
test_18754,0.29239293932914734
test_18755,0.22166812419891357
test_18756,0.0032225779723376036
test_18757,0.13176919519901276
test_18758,0.0002776998153422028
test_18759,0.16449742019176483
test_18760,0.02769639529287815
test_18761,0.0034683954436331987
test_18762,0.4063461720943451
test_18763,0.23989275097846985
test_18764,0.4774109125137329
test_18765,0.05128081887960434
test_18766,0.00038851788849569857
test_18767,0.5355780124664307
test_18768,0.09872926026582718
test_18769,0.200143963098526
test_18770,0.33687132596969604
test_18771,0.03573138266801834
test_18772,0.13184842467308044
test_18773,0.47151413559913635
test_18774,0.10437208414077759
test_18775,0.0008390300790779293
test_18776,0.3454744815826416
test_18777,0.004581151530146599
test_18778,0.03705776855349541
test_18779,0.4477865397930145
test_18780,0.4137852191925049
test_18781,0.2145497351884842
test_18782,0.27972808480262756
test_18783,0.29442501068115234
test_18784,0.2688145935535431
test_18785,0.2775081396102905
test_18786,0.0019050146220251918
test_18787,0.49708232283592224
test_18788,0.0016201556427404284
test_18789,0.27609917521476746
test_18790,0.0485730841755867
test_18791,0.003989560063928366
test_18792,0.4570458233356476
test_18793,0.0007969566504471004
test_18794,0.41956377029418945
test_18795,0.11023064702749252
test_18796,0.19011624157428741
test_18797,0.2885943055152893
test_18798,0.03406239300966263
test_18799,0.038549311459064484
test_18800,0.20752744376659393
test_18801,0.2019193321466446
test_18802,0.3302861154079437
test_18803,0.39941519498825073
test_18804,0.00546867772936821
test_18805,0.2687988877296448
test_18806,0.15276436507701874
test_18807,0.09922607243061066
test_18808,0.3472297191619873
test_18809,0.010291734710335732
test_18810,0.07491321861743927
test_18811,0.07284508645534515
test_18812,0.16127951443195343
test_18813,0.18488971889019012
test_18814,0.21989646553993225
test_18815,0.023075437173247337
test_18816,0.278425395488739
test_18817,0.007008768152445555
test_18818,0.24954764544963837
test_18819,0.6169465184211731
test_18820,0.4516490697860718
test_18821,0.4829480051994324
test_18822,0.3227483034133911
test_18823,0.07327418774366379
test_18824,1.7553459485952772e-07
test_18825,0.042600229382514954
test_18826,0.14306341111660004
test_18827,0.0022627098951488733
test_18828,0.05009462684392929
test_18829,0.3367852568626404
test_18830,0.09379109740257263
test_18831,0.36069589853286743
test_18832,0.02228192239999771
test_18833,0.029809486120939255
test_18834,0.23452341556549072
test_18835,0.19607682526111603
test_18836,0.10591841489076614
test_18837,0.4867490530014038
test_18838,0.11477480828762054
test_18839,0.26261359453201294
test_18840,0.40023618936538696
test_18841,0.5590106248855591
test_18842,0.0006924430490471423
test_18843,0.08096709102392197
test_18844,0.014874475076794624
test_18845,0.03453562781214714
test_18846,0.1182699054479599
test_18847,0.6482375860214233
test_18848,0.05600748956203461
test_18849,0.19617953896522522
test_18850,0.011340389959514141
test_18851,0.19529742002487183
test_18852,0.0007887697429396212
test_18853,0.13815875351428986
test_18854,0.15921951830387115
test_18855,0.002042718231678009
test_18856,0.46976080536842346
test_18857,0.00518635381013155
test_18858,0.05390665680170059
test_18859,0.5978597402572632
test_18860,0.531690239906311
test_18861,0.32304880023002625
test_18862,0.052730608731508255
test_18863,0.00016653300554025918
test_18864,0.1931397020816803
test_18865,0.001998232677578926
test_18866,6.979015552133205e-07
test_18867,0.12773391604423523
test_18868,0.19184714555740356
test_18869,0.7086336612701416
test_18870,0.013333382084965706
test_18871,0.002481351140886545
test_18872,0.02665995992720127
test_18873,0.22707529366016388
test_18874,0.4559467136859894
test_18875,0.006815302185714245
test_18876,0.8327327966690063
test_18877,0.06547483801841736
test_18878,0.66152423620224
test_18879,0.0229874886572361
test_18880,0.18652665615081787
test_18881,0.9054555296897888
test_18882,0.028675289824604988
test_18883,0.008195143193006516
test_18884,0.08459712564945221
test_18885,0.08719348162412643
test_18886,0.37169358134269714
test_18887,0.2538256347179413
test_18888,0.05705045163631439
test_18889,0.00010160018427995965
test_18890,0.28246182203292847
test_18891,0.02021127939224243
test_18892,0.5249106287956238
test_18893,0.46066123247146606
test_18894,0.10508784651756287
test_18895,0.3721367120742798
test_18896,0.9868124127388
test_18897,0.4166017174720764
test_18898,0.5508831739425659
test_18899,0.052750661969184875
test_18900,0.15314272046089172
test_18901,0.17344219982624054
test_18902,0.4172590672969818
test_18903,0.013258857652544975
test_18904,0.31756287813186646
test_18905,0.11689010262489319
test_18906,0.12703637778759003
test_18907,3.501524042803794e-05
test_18908,0.14449293911457062
test_18909,0.019252672791481018
test_18910,0.2289985567331314
test_18911,0.28618037700653076
test_18912,0.33132368326187134
test_18913,0.18162398040294647
test_18914,0.014992373995482922
test_18915,0.002614762168377638
test_18916,0.009874525479972363
test_18917,0.38881587982177734
test_18918,0.4710198938846588
test_18919,0.5320713520050049
test_18920,0.011622751131653786
test_18921,0.47258836030960083
test_18922,0.00014804767852183431
test_18923,0.1925949603319168
test_18924,0.03398990258574486
test_18925,0.01693085767328739
test_18926,0.013519189320504665
test_18927,0.24292583763599396
test_18928,0.00037427290226332843
test_18929,0.48334506154060364
test_18930,0.18116998672485352
test_18931,0.3745141625404358
test_18932,0.010968232527375221
test_18933,0.012697630561888218
test_18934,0.9837972521781921
test_18935,0.18666693568229675
test_18936,0.01186471525579691
test_18937,0.49823611974716187
test_18938,0.002169716404750943
test_18939,0.09298347681760788
test_18940,0.0407467819750309
test_18941,0.10381250828504562
test_18942,0.03314737230539322
test_18943,0.004138574004173279
test_18944,0.1082393229007721
test_18945,0.6000747084617615
test_18946,0.022790580987930298
test_18947,0.6792940497398376
test_18948,0.1433970034122467
test_18949,0.6053652763366699
test_18950,0.1963968724012375
test_18951,0.00020662116003222764
test_18952,0.12443412095308304
test_18953,0.4349181056022644
test_18954,0.00375806400552392
test_18955,0.29534924030303955
test_18956,0.08098984509706497
test_18957,0.24637970328330994
test_18958,0.5549824237823486
test_18959,0.01884276233613491
test_18960,0.32322633266448975
test_18961,0.1337851732969284
test_18962,0.008306644856929779
test_18963,0.02203635312616825
test_18964,0.2699849307537079
test_18965,0.0010847770608961582
test_18966,0.33688509464263916
test_18967,0.03840528801083565
test_18968,0.3253687024116516
test_18969,0.5101783871650696
test_18970,0.0008961880230344832
test_18971,0.009326864033937454
test_18972,0.3879610598087311
test_18973,0.324799120426178
test_18974,0.15001845359802246
test_18975,0.6362814903259277
test_18976,0.39758890867233276
test_18977,0.2519533634185791
test_18978,0.2515879273414612
test_18979,0.4500952959060669
test_18980,0.44789645075798035
test_18981,0.03868355229496956
test_18982,6.342056440189481e-05
test_18983,0.05382966250181198
test_18984,0.40749451518058777
test_18985,0.6827498078346252
test_18986,0.14145083725452423
test_18987,0.32996881008148193
test_18988,0.003763240994885564
test_18989,0.30764156579971313
test_18990,0.3423152565956116
test_18991,0.25068289041519165
test_18992,0.1805480718612671
test_18993,0.08736366778612137
test_18994,0.21141953766345978
test_18995,0.02030164562165737
test_18996,1.975536861209548e-06
test_18997,0.08926809579133987
test_18998,0.17751823365688324
test_18999,0.003053664928302169
test_19000,0.43875840306282043
test_19001,0.007438280154019594
test_19002,0.00702178617939353
test_19003,5.954526614004862e-07
test_19004,0.21361324191093445
test_19005,0.006455025169998407
test_19006,0.23272494971752167
test_19007,0.06778369098901749
test_19008,0.4132617115974426
test_19009,0.011182274669408798
test_19010,0.12386563420295715
test_19011,0.9000533819198608
test_19012,0.23260453343391418
test_19013,0.7446170449256897
test_19014,0.47838056087493896
test_19015,0.004204020369797945
test_19016,0.5764519572257996
test_19017,0.07224293798208237
test_19018,0.0006362579297274351
test_19019,0.4032256007194519
test_19020,0.008830290287733078
test_19021,0.0021484759636223316
test_19022,0.16234701871871948
test_19023,0.001730584423057735
test_19024,0.5731854438781738
test_19025,0.11267378181219101
test_19026,0.0069573549553751945
test_19027,0.03564027324318886
test_19028,0.40025123953819275
test_19029,0.4579213559627533
test_19030,0.11857299506664276
test_19031,0.027602925896644592
test_19032,0.006768433377146721
test_19033,0.1634974628686905
test_19034,0.4791807532310486
test_19035,0.00046696155914105475
test_19036,0.027594340965151787
test_19037,0.10515227913856506
test_19038,0.07798353582620621
test_19039,0.3898600935935974
test_19040,0.20127375423908234
test_19041,0.0263568963855505
test_19042,0.40656378865242004
test_19043,0.6105548739433289
test_19044,0.4097624719142914
test_19045,0.0005380907678045332
test_19046,0.5345903038978577
test_19047,0.278701514005661
test_19048,0.1959570199251175
test_19049,0.025795819237828255
test_19050,0.01641685515642166
test_19051,0.13573390245437622
test_19052,0.26698747277259827
test_19053,0.2572987973690033
test_19054,0.21065010130405426
test_19055,0.30340293049812317
test_19056,0.26069375872612
test_19057,0.6424393653869629
test_19058,0.03721386194229126
test_19059,0.11075329780578613
test_19060,7.843186722311657e-06
test_19061,0.41087040305137634
test_19062,0.09354323893785477
test_19063,0.33641526103019714
test_19064,0.0003963805502280593
test_19065,0.4044308364391327
test_19066,0.033764202147722244
test_19067,0.22813117504119873
test_19068,0.12367723137140274
test_19069,0.015214654617011547
test_19070,0.25396329164505005
test_19071,0.13427899777889252
test_19072,0.2719567120075226
test_19073,0.37357449531555176
test_19074,0.23775190114974976
test_19075,0.29866471886634827
test_19076,0.554932713508606
test_19077,0.1531103253364563
test_19078,0.08289188891649246
test_19079,0.3726712763309479
test_19080,0.19729775190353394
test_19081,0.0531797893345356
test_19082,0.39234304428100586
test_19083,0.046545643359422684
test_19084,0.24878396093845367
test_19085,0.11538442224264145
test_19086,0.003259823890402913
test_19087,0.31148141622543335
test_19088,0.3284621834754944
test_19089,0.33397814631462097
test_19090,0.018289949744939804
test_19091,0.000586836424190551
test_19092,0.40687626600265503
test_19093,0.016020989045500755
test_19094,0.06574293971061707
test_19095,0.010249772109091282
test_19096,0.19137327373027802
test_19097,0.06237826496362686
test_19098,0.15959154069423676
test_19099,0.47970443964004517
test_19100,0.1474071890115738
test_19101,0.031116336584091187
test_19102,0.3021966218948364
test_19103,0.08253852277994156
test_19104,0.06881672888994217
test_19105,0.05085856094956398
test_19106,0.07512953877449036
test_19107,0.8224865198135376
test_19108,0.12258289009332657
test_19109,0.11741747707128525
test_19110,0.014896431006491184
test_19111,0.0001439102052245289
test_19112,0.10825342684984207
test_19113,0.13676990568637848
test_19114,0.46604931354522705
test_19115,0.0007703417213633657
test_19116,0.0919937789440155
test_19117,0.23293443024158478
test_19118,0.05653062090277672
test_19119,0.2676180899143219
test_19120,0.03255434334278107
test_19121,0.06364323198795319
test_19122,0.05317414551973343
test_19123,0.24273322522640228
test_19124,0.646253764629364
test_19125,0.21540206670761108
test_19126,0.3209039270877838
test_19127,0.09989138692617416
test_19128,0.34703174233436584
test_19129,0.3537241518497467
test_19130,0.010916786268353462
test_19131,0.546597421169281
test_19132,0.3567507565021515
test_19133,0.17674992978572845
test_19134,0.12994366884231567
test_19135,0.058439675718545914
test_19136,0.01831999234855175
test_19137,0.20216666162014008
test_19138,0.10469602048397064
test_19139,0.051156867295503616
test_19140,0.3789324164390564
test_19141,0.0816911906003952
test_19142,0.3831590712070465
test_19143,0.03224192187190056
test_19144,0.9276529550552368
test_19145,0.2216017097234726
test_19146,0.36471232771873474
test_19147,0.5027146935462952
test_19148,0.4132261872291565
test_19149,0.7169672250747681
test_19150,0.002099335193634033
test_19151,0.29053932428359985
test_19152,0.29612740874290466
test_19153,0.33905908465385437
test_19154,0.06555304676294327
test_19155,0.6284162402153015
test_19156,0.3202516734600067
test_19157,0.4425230324268341
test_19158,0.11102566123008728
test_19159,0.43433916568756104
test_19160,1.6827305444166996e-05
test_19161,0.2667837142944336
test_19162,0.000423203018726781
test_19163,0.08040618151426315
test_19164,0.12961046397686005
test_19165,0.0040312521159648895
test_19166,0.034949447959661484
test_19167,0.16620615124702454
test_19168,0.4770822525024414
test_19169,0.028535764664411545
test_19170,0.21251779794692993
test_19171,0.4857127070426941
test_19172,0.17219358682632446
test_19173,0.7891332507133484
test_19174,0.0227494053542614
test_19175,0.41098684072494507
test_19176,0.1211266815662384
test_19177,0.4122397303581238
test_19178,0.039062026888132095
test_19179,0.054459281265735626
test_19180,0.3950532376766205
test_19181,0.35433635115623474
test_19182,0.0014359367778524756
test_19183,0.11363641917705536
test_19184,0.14940528571605682
test_19185,0.06470680981874466
test_19186,0.34650856256484985
test_19187,0.388631135225296
test_19188,0.5592494606971741
test_19189,0.04453728348016739
test_19190,0.00012400865671224892
test_19191,0.0006276852800510824
test_19192,0.3668171465396881
test_19193,0.2971775531768799
test_19194,0.015501763671636581
test_19195,0.42660894989967346
test_19196,0.4142659902572632
test_19197,0.0914827436208725
test_19198,0.17405341565608978
test_19199,0.00036426697624847293
test_19200,0.3265230059623718
test_19201,0.20813268423080444
test_19202,0.18571510910987854
test_19203,0.053968872874975204
test_19204,0.43039470911026
test_19205,0.39104756712913513
test_19206,0.5079913139343262
test_19207,0.18857203423976898
test_19208,0.1534026563167572
test_19209,0.8206978440284729
test_19210,0.09071340411901474
test_19211,0.0012708754511550069
test_19212,0.015075622126460075
test_19213,0.37216222286224365
test_19214,0.2628014087677002
test_19215,0.28764572739601135
test_19216,0.04914146289229393
test_19217,0.0003305763239040971
test_19218,0.12129861861467361
test_19219,0.2596074342727661
test_19220,0.21860823035240173
test_19221,0.20762640237808228
test_19222,0.4738975763320923
test_19223,0.23762351274490356
test_19224,1.126360166381346e-05
test_19225,0.004876886960119009
test_19226,0.4476594924926758
test_19227,0.19852182269096375
test_19228,0.22645102441310883
test_19229,0.0003813228104263544
test_19230,0.1072765588760376
test_19231,0.07804398238658905
test_19232,0.5596433877944946
test_19233,0.2959870398044586
test_19234,0.000527898664586246
test_19235,0.28947314620018005
test_19236,0.13692380487918854
test_19237,1.5927746062516235e-05
test_19238,0.23666077852249146
test_19239,0.014986108988523483
test_19240,0.3463626503944397
test_19241,0.2767423987388611
test_19242,0.10944633185863495
test_19243,0.2091604471206665
test_19244,0.5257346034049988
test_19245,0.04433642700314522
test_19246,0.3731878697872162
test_19247,0.008612746372818947
test_19248,0.38618651032447815
test_19249,0.0364316962659359
test_19250,0.5917737483978271
test_19251,0.3099983036518097
test_19252,0.1092405617237091
test_19253,0.08750773966312408
test_19254,0.20117586851119995
test_19255,0.24332638084888458
test_19256,0.2925490140914917
test_19257,0.005692658945918083
test_19258,0.0016048646066337824
test_19259,4.7249061026377603e-05
test_19260,0.3226344883441925
test_19261,0.3895542323589325
test_19262,0.3670375645160675
test_19263,0.2504976987838745
test_19264,0.35276541113853455
test_19265,0.05741100013256073
test_19266,0.4064129889011383
test_19267,0.0909331664443016
test_19268,0.05379011482000351
test_19269,0.10185375064611435
test_19270,0.4730653166770935
test_19271,0.000954699469730258
test_19272,0.37042534351348877
test_19273,0.36068376898765564
test_19274,0.0003722785331774503
test_19275,0.04653708264231682
test_19276,0.23029561340808868
test_19277,0.12783381342887878
test_19278,8.868748409440741e-06
test_19279,0.23133735358715057
test_19280,0.16530796885490417
test_19281,0.38146093487739563
test_19282,9.470253280596808e-05
test_19283,0.2220849245786667
test_19284,0.621700644493103
test_19285,0.3582985997200012
test_19286,0.0005870316526852548
test_19287,0.6788428425788879
test_19288,0.07425183802843094
test_19289,0.013813871890306473
test_19290,0.0686778873205185
test_19291,0.005360259208828211
test_19292,0.36703404784202576
test_19293,0.03730495274066925
test_19294,0.0025777206756174564
test_19295,0.29565367102622986
test_19296,0.3582689166069031
test_19297,0.019082501530647278
test_19298,0.8398263454437256
test_19299,0.3430597484111786
test_19300,0.26212772727012634
test_19301,0.04593329504132271
test_19302,0.05475206673145294
test_19303,0.46068456768989563
test_19304,0.0004793957050424069
test_19305,0.15491782128810883
test_19306,0.16931301355361938
test_19307,0.5015520453453064
test_19308,0.5815284848213196
test_19309,0.2135581374168396
test_19310,0.00033374966005794704
test_19311,0.0068925125524401665
test_19312,0.0006093511474318802
test_19313,0.24737486243247986
test_19314,0.025692740455269814
test_19315,0.6704626083374023
test_19316,0.32105517387390137
test_19317,0.0602782741189003
test_19318,0.21762068569660187
test_19319,8.418817742494866e-05
test_19320,0.76748126745224
test_19321,0.4402467608451843
test_19322,0.12752734124660492
test_19323,0.021363724023103714
test_19324,3.0958003662817646e-06
test_19325,0.09039521217346191
test_19326,0.0018210876733064651
test_19327,0.46718481183052063
test_19328,0.01595993898808956
test_19329,0.004400793928653002
test_19330,0.19377776980400085
test_19331,0.0003495113633107394
test_19332,0.3934367895126343
test_19333,0.0001671515201451257
test_19334,0.3546307682991028
test_19335,0.2661324739456177
test_19336,0.0010923257796093822
test_19337,0.04701545089483261
test_19338,0.08693823218345642
test_19339,0.1704905778169632
test_19340,0.010752798989415169
test_19341,0.2451753467321396
test_19342,0.15200181305408478
test_19343,0.0018047367921099067
test_19344,0.00015807736781425774
test_19345,0.16506540775299072
test_19346,0.21740815043449402
test_19347,0.2665461301803589
test_19348,0.003809624817222357
test_19349,0.009820994921028614
test_19350,1.73193675436778e-05
test_19351,0.01893903687596321
test_19352,0.22632290422916412
test_19353,0.037285275757312775
test_19354,0.1933828741312027
test_19355,0.02554049901664257
test_19356,0.09177616983652115
test_19357,0.2438216209411621
test_19358,0.07928922027349472
test_19359,0.18745972216129303
test_19360,5.6733275414444506e-05
test_19361,0.06222684681415558
test_19362,0.04840569198131561
test_19363,0.06931203603744507
test_19364,0.19882026314735413
test_19365,0.0002664857602212578
test_19366,0.4291900098323822
test_19367,0.200055792927742
test_19368,0.2207488864660263
test_19369,0.06502574682235718
test_19370,0.0028981210198253393
test_19371,0.3288845121860504
test_19372,2.5443901904509403e-05
test_19373,0.2949022948741913
test_19374,0.12718822062015533
test_19375,0.8686376214027405
test_19376,0.6652247309684753
test_19377,0.35624027252197266
test_19378,0.36990219354629517
test_19379,0.0061683692038059235
test_19380,0.07668694108724594
test_19381,0.3663088381290436
test_19382,0.00011275501310592517
test_19383,0.2115989774465561
test_19384,0.16663344204425812
test_19385,0.07714951783418655
test_19386,0.016021018847823143
test_19387,0.11446883529424667
test_19388,0.42069584131240845
test_19389,0.18356779217720032
test_19390,0.2829740047454834
test_19391,0.41179510951042175
test_19392,0.008709169924259186
test_19393,0.2679888904094696
test_19394,0.5322429537773132
test_19395,1.6385281924158335e-05
test_19396,0.0584852509200573
test_19397,0.11760228872299194
test_19398,0.08015222102403641
test_19399,0.0871393159031868
test_19400,0.021128810942173004
test_19401,0.6685773730278015
test_19402,0.16977660357952118
test_19403,0.06482867151498795
test_19404,0.13799874484539032
test_19405,0.3490607440471649
test_19406,0.3109424412250519
test_19407,0.16557352244853973
test_19408,0.10283450782299042
test_19409,0.0008644648478366435
test_19410,0.03815373405814171
test_19411,0.04841760918498039
test_19412,0.08594280481338501
test_19413,0.27523621916770935
test_19414,0.012010026723146439
test_19415,0.0016057641478255391
test_19416,0.19027240574359894
test_19417,0.28945064544677734
test_19418,0.00667610252276063
test_19419,0.15185795724391937
test_19420,0.4588679075241089
test_19421,0.021760115399956703
test_19422,0.13517284393310547
test_19423,0.27550414204597473
test_19424,0.49139153957366943
test_19425,0.0781363695859909
test_19426,0.0024145804345607758
test_19427,0.06302975118160248
test_19428,0.46519559621810913
test_19429,0.27941441535949707
test_19430,0.029433775693178177
test_19431,0.04280709847807884
test_19432,0.6312657594680786
test_19433,0.00017777140601538122
test_19434,0.4674512445926666
test_19435,0.018616115674376488
test_19436,0.4563845992088318
test_19437,0.1348656415939331
test_19438,0.07661499083042145
test_19439,0.3439095914363861
test_19440,0.48608240485191345
test_19441,0.3833465874195099
test_19442,0.10330558568239212
test_19443,0.0275270976126194
test_19444,0.0002479736867826432
test_19445,0.012878202833235264
test_19446,0.06425274908542633
test_19447,0.06134975329041481
test_19448,0.07021800428628922
test_19449,0.37596121430397034
test_19450,0.21071533858776093
test_19451,0.07944095134735107
test_19452,0.1152617484331131
test_19453,0.044588059186935425
test_19454,0.4678790867328644
test_19455,0.49044737219810486
test_19456,0.0037692564073950052
test_19457,0.4958535134792328
test_19458,0.1415104866027832
test_19459,0.015516986139118671
test_19460,0.15111637115478516
test_19461,0.0012192113790661097
test_19462,0.014721037819981575
test_19463,0.21884693205356598
test_19464,0.0004063011147081852
test_19465,0.606410562992096
test_19466,0.3892877399921417
test_19467,0.38324958086013794
test_19468,0.18804720044136047
test_19469,0.07797474414110184
test_19470,0.019846756011247635
test_19471,0.009677470661699772
test_19472,0.5396798253059387
test_19473,0.018646391108632088
test_19474,0.07668764889240265
test_19475,0.005084743723273277
test_19476,0.016443178057670593
test_19477,0.0002634447009768337
test_19478,0.19691091775894165
test_19479,0.3895742893218994
test_19480,0.4304448962211609
test_19481,0.037203703075647354
test_19482,0.3090832233428955
test_19483,0.19650700688362122
test_19484,0.5502546429634094
test_19485,0.3392977714538574
test_19486,0.42701634764671326
test_19487,0.4183844327926636
test_19488,0.25050145387649536
test_19489,0.27610185742378235
test_19490,2.2257088858168572e-05
test_19491,0.355489045381546
test_19492,0.26351067423820496
test_19493,0.7452579736709595
test_19494,0.17905926704406738
test_19495,0.22443877160549164
test_19496,0.34137412905693054
test_19497,0.051897529512643814
test_19498,0.3277073800563812
test_19499,0.1574351042509079
test_19500,0.0004811798280570656
test_19501,0.21473585069179535
test_19502,0.2496185153722763
test_19503,0.3179222345352173
test_19504,1.4337325637825415e-06
test_19505,0.5209870934486389
test_19506,0.19872738420963287
test_19507,0.6463293433189392
test_19508,0.6009358763694763
test_19509,0.3461029827594757
test_19510,0.15549281239509583
test_19511,0.4919215440750122
test_19512,0.04903153330087662
test_19513,0.156824991106987
test_19514,0.4104430377483368
test_19515,0.19032828509807587
test_19516,0.4793059825897217
test_19517,0.4673443138599396
test_19518,0.0922238752245903
test_19519,0.0009914860129356384
test_19520,1.8245416413265048e-06
test_19521,0.3561210632324219
test_19522,0.24567119777202606
test_19523,0.03012234717607498
test_19524,0.48057225346565247
test_19525,0.001839275355450809
test_19526,1.2928149999424932e-06
test_19527,0.4931134879589081
test_19528,0.014993417076766491
test_19529,0.15750014781951904
test_19530,0.1427590548992157
test_19531,0.1978714019060135
test_19532,0.10707032680511475
test_19533,0.06526772677898407
test_19534,0.5044962167739868
test_19535,0.13147497177124023
test_19536,0.15371644496917725
test_19537,0.4280087351799011
test_19538,0.27592071890830994
test_19539,0.4512140154838562
test_19540,0.01554238609969616
test_19541,0.6812831163406372
test_19542,0.25497177243232727
test_19543,0.0002637975849211216
test_19544,0.0017276345752179623
test_19545,0.2764151096343994
test_19546,0.018777435645461082
test_19547,0.013466920703649521
test_19548,0.07046274840831757
test_19549,1.4015341776030255e-07
test_19550,0.0009228420094586909
test_19551,0.20350933074951172
test_19552,0.28513288497924805
test_19553,2.0871097149210982e-05
test_19554,0.11356346309185028
test_19555,0.08631619811058044
test_19556,0.02599371410906315
test_19557,0.2849601209163666
test_19558,0.13835181295871735
test_19559,0.035702355206012726
test_19560,0.0016198663506656885
test_19561,0.7897335290908813
test_19562,0.902283787727356
test_19563,0.35614821314811707
test_19564,0.0019488048274070024
test_19565,0.02965967357158661
test_19566,0.20446543395519257
test_19567,0.22402741014957428
test_19568,0.06760118901729584
test_19569,0.02984902262687683
test_19570,0.21969375014305115
test_19571,0.3657175302505493
test_19572,0.22484268248081207
test_19573,0.1544301062822342
test_19574,0.027088940143585205
test_19575,0.3615739941596985
test_19576,0.36726534366607666
test_19577,0.14920426905155182
test_19578,0.06985332071781158
test_19579,0.14853693544864655
test_19580,0.0004056946199852973
test_19581,0.40892526507377625
test_19582,0.002428279025480151
test_19583,0.010251142084598541
test_19584,0.15772385895252228
test_19585,0.5291891694068909
test_19586,0.44105786085128784
test_19587,0.03029322251677513
test_19588,0.7056083679199219
test_19589,0.00011853384057758376
test_19590,0.07036809623241425
test_19591,0.4781588315963745
test_19592,0.44651901721954346
test_19593,0.024687509983778
test_19594,0.2782145142555237
test_19595,0.2076735645532608
test_19596,0.2561822533607483
test_19597,3.6436158552533016e-05
test_19598,0.07238488644361496
test_19599,0.3590990900993347
test_19600,0.28099068999290466
test_19601,0.0007854184950701892
test_19602,0.3223487138748169
test_19603,0.7913036942481995
test_19604,0.02928207814693451
test_19605,0.2450610101222992
test_19606,0.01705133356153965
test_19607,0.022346125915646553
test_19608,0.002108481479808688
test_19609,0.40998342633247375
test_19610,0.45256420969963074
test_19611,0.02382543310523033
test_19612,0.17024612426757812
test_19613,0.5247140526771545
test_19614,0.4988153576850891
test_19615,0.23741142451763153
test_19616,0.000297222490189597
test_19617,0.39124029874801636
test_19618,0.20961853861808777
test_19619,0.2897685766220093
test_19620,0.40412309765815735
test_19621,0.00010802339238580316
test_19622,0.013761832378804684
test_19623,0.1250629425048828
test_19624,0.0003883322060573846
test_19625,0.30534759163856506
test_19626,7.309762440854684e-05
test_19627,0.000844619411509484
test_19628,0.33910173177719116
test_19629,0.19239908456802368
test_19630,0.4938259720802307
test_19631,0.20684529840946198
test_19632,0.017396535724401474
test_19633,0.630871593952179
test_19634,0.8425908088684082
test_19635,0.2953070104122162
test_19636,0.03252878040075302
test_19637,0.01977110467851162
test_19638,0.37847447395324707
test_19639,0.0821056067943573
test_19640,8.125126623781398e-05
test_19641,0.3527925908565521
test_19642,0.030509859323501587
test_19643,3.382649447303265e-05
test_19644,0.04143194109201431
test_19645,0.16718891263008118
test_19646,0.12314897775650024
test_19647,0.04015528783202171
test_19648,0.013671847060322762
test_19649,0.2633511424064636
test_19650,0.033856745809316635
test_19651,0.39111703634262085
test_19652,0.004897247068583965
test_19653,0.334311306476593
test_19654,0.0008509993785992265
test_19655,0.009998106397688389
test_19656,0.029643259942531586
test_19657,0.14678697288036346
test_19658,0.32755041122436523
test_19659,0.49663612246513367
test_19660,0.4367348849773407
test_19661,0.10760682821273804
test_19662,0.2029600739479065
test_19663,0.06157688423991203
test_19664,0.09252757579088211
test_19665,0.5832814574241638
test_19666,0.18558591604232788
test_19667,0.4575437903404236
test_19668,0.03676122426986694
test_19669,0.14480960369110107
test_19670,0.5507010817527771
test_19671,0.0035743603948503733
test_19672,0.40906473994255066
test_19673,5.3988886065781116e-05
test_19674,0.45683732628822327
test_19675,0.3300456404685974
test_19676,0.42675530910491943
test_19677,0.10525590926408768
test_19678,0.08193870633840561
test_19679,0.37716686725616455
test_19680,0.3649921715259552
test_19681,0.007927329279482365
test_19682,0.5899322032928467
test_19683,0.3599475026130676
test_19684,0.0017684660851955414
test_19685,0.03990907594561577
test_19686,0.3776128590106964
test_19687,0.13765345513820648
test_19688,0.019109250977635384
test_19689,0.49954891204833984
test_19690,0.5279144644737244
test_19691,0.4064750671386719
test_19692,0.30479365587234497
test_19693,0.3082554042339325
test_19694,0.0006707956199534237
test_19695,0.5043261647224426
test_19696,0.013283121399581432
test_19697,0.012772937305271626
test_19698,0.33123284578323364
test_19699,0.6490474343299866
test_19700,0.42930373549461365
test_19701,0.04489663615822792
test_19702,0.054107651114463806
test_19703,1.8065296671920805e-06
test_19704,0.4056323170661926
test_19705,0.015313600189983845
test_19706,0.016022222116589546
test_19707,0.06355170905590057
test_19708,0.377562552690506
test_19709,0.22508253157138824
test_19710,0.08935561776161194
test_19711,0.000138776857056655
test_19712,0.16698426008224487
test_19713,0.007821026258170605
test_19714,7.165285933297127e-05
test_19715,0.28598716855049133
test_19716,0.0008307005628012121
test_19717,0.7223413586616516
test_19718,0.5886843204498291
test_19719,0.606808602809906
test_19720,0.2500852644443512
test_19721,0.41157644987106323
test_19722,0.27834850549697876
test_19723,0.39323899149894714
test_19724,0.15626944601535797
test_19725,0.28951868414878845
test_19726,0.20376932621002197
test_19727,0.040616825222969055
test_19728,0.6305738091468811
test_19729,0.0026462411042302847
test_19730,0.2749882638454437
test_19731,0.047762248665094376
test_19732,0.049550820142030716
test_19733,0.35772812366485596
test_19734,0.05690972879528999
test_19735,0.3181593716144562
test_19736,0.36122021079063416
test_19737,0.0014743928331881762
test_19738,0.30921322107315063
test_19739,4.950774018652737e-05
test_19740,0.14017531275749207
test_19741,0.04201437160372734
test_19742,0.07485540956258774
test_19743,0.0001666569005465135
test_19744,0.3018825650215149
test_19745,0.20904229581356049
test_19746,0.0794283077120781
test_19747,0.3892725706100464
test_19748,0.003388588083907962
test_19749,0.17604117095470428
test_19750,0.10281249135732651
test_19751,0.10675489157438278
test_19752,0.3608695864677429
test_19753,0.0009943622862920165
test_19754,0.08952852338552475
test_19755,0.34732019901275635
test_19756,0.18373437225818634
test_19757,0.5222971439361572
test_19758,0.2496570348739624
test_19759,0.7202116250991821
test_19760,0.22995950281620026
test_19761,0.022837955504655838
test_19762,0.04162659868597984
test_19763,0.03144145384430885
test_19764,0.4214237332344055
test_19765,0.05827770754694939
test_19766,0.004059748258441687
test_19767,0.1790054440498352
test_19768,0.0062608239240944386
test_19769,0.27612370252609253
test_19770,0.3191794455051422
test_19771,0.25011786818504333
test_19772,0.852593719959259
test_19773,0.37631163001060486
test_19774,0.06971453875303268
test_19775,0.13407035171985626
test_19776,0.2776710093021393
test_19777,0.33927613496780396
test_19778,0.3796212077140808
test_19779,0.05284709110856056
test_19780,0.34321844577789307
test_19781,0.3576505482196808
test_19782,0.00042489636689424515
test_19783,0.06182447448372841
test_19784,0.03472312539815903
test_19785,0.0646248608827591
test_19786,0.19336703419685364
test_19787,0.00013135818880982697
test_19788,0.05619153007864952
test_19789,0.4931742548942566
test_19790,0.16696792840957642
test_19791,0.3781827986240387
test_19792,0.11044812947511673
test_19793,0.0006063507753424346
test_19794,0.33757737278938293
test_19795,0.21972662210464478
test_19796,0.49397167563438416
test_19797,0.09709733724594116
test_19798,0.13919660449028015
test_19799,0.15009430050849915
test_19800,0.0006389702903106809
test_19801,0.1022563949227333
test_19802,0.011770596727728844
test_19803,0.04913957789540291
test_19804,0.36988696455955505
test_19805,0.17017728090286255
test_19806,0.32923680543899536
test_19807,0.45245474576950073
test_19808,0.00011595627438509837
test_19809,0.023247163742780685
test_19810,0.5966194868087769
test_19811,0.028049012646079063
test_19812,0.26685285568237305
test_19813,0.24229973554611206
test_19814,0.1132282242178917
test_19815,0.0005548938643187284
test_19816,0.07847483456134796
test_19817,0.03074929676949978
test_19818,0.0028496249578893185
test_19819,0.09440601617097855
test_19820,0.08171144127845764
test_19821,0.7864874005317688
test_19822,0.08863615244626999
test_19823,0.47871634364128113
test_19824,0.5575512051582336
test_19825,0.5331078767776489
test_19826,5.849635635968298e-05
test_19827,0.046515174210071564
test_19828,0.000358227058313787
test_19829,0.027309676632285118
test_19830,0.4316839277744293
test_19831,0.5124796032905579
test_19832,0.07815379649400711
test_19833,0.4602365791797638
test_19834,0.2471393346786499
test_19835,0.1673775166273117
test_19836,0.0001729426730889827
test_19837,0.8506090044975281
test_19838,0.04243328049778938
test_19839,0.17950795590877533
test_19840,0.1537381112575531
test_19841,0.21766167879104614
test_19842,0.0030582209583371878
test_19843,0.12257883697748184
test_19844,0.01599479839205742
test_19845,0.43663468956947327
test_19846,0.31141456961631775
test_19847,0.3198228180408478
test_19848,0.37615257501602173
test_19849,0.36504942178726196
test_19850,0.3093952238559723
test_19851,0.05524023622274399
test_19852,0.19239631295204163
test_19853,0.032680414617061615
test_19854,0.006527012214064598
test_19855,0.19547909498214722
test_19856,0.6318731904029846
test_19857,0.5400123596191406
test_19858,0.18296001851558685
test_19859,0.19713819026947021
test_19860,0.008816537447273731
test_19861,0.48271235823631287
test_19862,0.0015581672778353095
test_19863,0.2760646343231201
test_19864,2.123410922649782e-06
test_19865,0.383024126291275
test_19866,0.004852307494729757
test_19867,0.367428719997406
test_19868,0.2694513201713562
test_19869,0.3805457055568695
test_19870,0.12038617581129074
test_19871,0.3257959485054016
test_19872,0.4021860957145691
test_19873,0.07025031000375748
test_19874,0.0006376872770488262
test_19875,0.00012581745977513492
test_19876,0.061492908746004105
test_19877,0.17486320436000824
test_19878,0.23116570711135864
test_19879,0.39675700664520264
test_19880,0.47742801904678345
test_19881,0.023466503247618675
test_19882,0.39090466499328613
test_19883,0.53428053855896
test_19884,0.4331957995891571
test_19885,0.33873218297958374
test_19886,0.40763145685195923
test_19887,0.2566319406032562
test_19888,0.1687590628862381
test_19889,0.0762355849146843
test_19890,0.2795689105987549
test_19891,0.21087336540222168
test_19892,0.7766132354736328
test_19893,0.21462185680866241
test_19894,2.6184849048149772e-05
test_19895,0.3710871636867523
test_19896,0.3553362786769867
test_19897,0.4321216344833374
test_19898,0.00012081887689419091
test_19899,1.7690994354779832e-05
test_19900,0.22173351049423218
test_19901,0.0930497795343399
test_19902,0.19987472891807556
test_19903,0.5534855723381042
test_19904,0.43767422437667847
test_19905,0.1353117972612381
test_19906,0.32066842913627625
test_19907,0.18392987549304962
test_19908,0.3307470679283142
test_19909,0.15571171045303345
test_19910,0.0007885326049290597
test_19911,0.20976068079471588
test_19912,0.2805742621421814
test_19913,0.13756735622882843
test_19914,0.0033355578780174255
test_19915,0.00020671042148023844
test_19916,0.06306425482034683
test_19917,0.002299313899129629
test_19918,0.26039591431617737
test_19919,0.21634158492088318
test_19920,0.2675420343875885
test_19921,0.5648907423019409
test_19922,0.2558198869228363
test_19923,0.12715110182762146
test_19924,0.008835471235215664
test_19925,0.3157046437263489
test_19926,0.45661622285842896
test_19927,0.03402550145983696
test_19928,0.06573475897312164
test_19929,0.2137926071882248
test_19930,0.5383427143096924
test_19931,0.37924084067344666
test_19932,0.24925710260868073
test_19933,1.1343536243657582e-06
test_19934,0.25773656368255615
test_19935,0.0018978022271767259
test_19936,0.7264025211334229
test_19937,0.08343253284692764
test_19938,0.27920907735824585
test_19939,0.15823936462402344
test_19940,0.003649643622338772
test_19941,0.12413230538368225
test_19942,0.025178829208016396
test_19943,0.3440006673336029
test_19944,0.5349689722061157
test_19945,0.03321205452084541
test_19946,0.00020798618788830936
test_19947,2.125495711879921e-06
test_19948,0.28157782554626465
test_19949,0.0014209753135219216
test_19950,0.48721417784690857
test_19951,0.39193886518478394
test_19952,0.33088281750679016
test_19953,0.0007853381102904677
test_19954,0.010901684872806072
test_19955,0.0037580993957817554
test_19956,0.0010104207322001457
test_19957,0.0031306289602071047
test_19958,0.00021274651226121932
test_19959,0.14052952826023102
test_19960,0.2888405919075012
test_19961,0.016234643757343292
test_19962,0.0010527229169383645
test_19963,8.778180199442431e-05
test_19964,0.1737445890903473
test_19965,0.13522642850875854
test_19966,0.16179725527763367
test_19967,0.42437684535980225
test_19968,0.2666469216346741
test_19969,0.15774989128112793
test_19970,0.34339672327041626
test_19971,0.3372095227241516
test_19972,0.4384324252605438
test_19973,0.40744858980178833
test_19974,0.6283875107765198
test_19975,0.0011564564192667603
test_19976,0.35695603489875793
test_19977,4.021621407446219e-06
test_19978,0.005315239541232586
test_19979,0.017208712175488472
test_19980,0.40446141362190247
test_19981,0.3464943468570709
test_19982,0.09910065680742264
test_19983,0.1612078994512558
test_19984,0.3017035722732544
test_19985,0.01609964855015278
test_19986,0.06774358451366425
test_19987,0.2735739052295685
test_19988,0.47787487506866455
test_19989,0.0002729042316786945
test_19990,0.3690609037876129
test_19991,0.16446904838085175
test_19992,0.22897548973560333
test_19993,0.10534746199846268
test_19994,0.4130152761936188
test_19995,0.6979454159736633
test_19996,0.303821861743927
test_19997,0.015355345793068409
test_19998,0.012736281380057335
test_19999,0.16932354867458344
